{
    "meta_data": {
        "type": "1d",
        "plot_properties": {
            "x_label": "Qubit Frequency [MHz]",
            "y_label": "Amplitude [a.u.]",
            "title": "Qubit Spectroscopy Experiment"
        },
        "experiment_properties": {
            "qubit": "q4",
            "repetitions": 1000
        },
        "qubit_parameters": {
            "qb_freq": 4429535000.0,
            "drive_amp": 0.5,
            "drive_len": 4e-05,
            "pi_amp": 0.19309649211860322,
            "pi_len": 4e-08,
            "res_freq": 5830500000.0,
            "res_amp": 0.4,
            "res_len": 2e-06,
            "qb_amp_spec": 1.0,
            "qb_lo": 4600000000.0,
            "res_lo": 5600000000.0,
            "flux_bias": 0,
            "anharmonicity": 208390000.0,
            "w125": 4326260000.0,
            "ro_delay": 2e-08,
            "ro_int_delay": 4e-08,
            "angle": -3.517535121082744,
            "ge": [
                -0.00045529016944334343,
                -0.00017140375162200933
            ]
        }
    },
    "data": {
        "x_data": [
            0.0,
            5.0251256281407036e-08,
            1.0050251256281407e-07,
            1.5075376884422112e-07,
            2.0100502512562815e-07,
            2.5125628140703517e-07,
            3.0150753768844224e-07,
            3.5175879396984927e-07,
            4.020100502512563e-07,
            4.522613065326633e-07,
            5.025125628140703e-07,
            5.527638190954774e-07,
            6.030150753768845e-07,
            6.532663316582915e-07,
            7.035175879396985e-07,
            7.537688442211055e-07,
            8.040201005025126e-07,
            8.542713567839197e-07,
            9.045226130653266e-07,
            9.547738693467337e-07,
            1.0050251256281407e-06,
            1.0552763819095479e-06,
            1.1055276381909548e-06,
            1.1557788944723618e-06,
            1.206030150753769e-06,
            1.256281407035176e-06,
            1.306532663316583e-06,
            1.3567839195979899e-06,
            1.407035175879397e-06,
            1.457286432160804e-06,
            1.507537688442211e-06,
            1.5577889447236182e-06,
            1.6080402010050252e-06,
            1.6582914572864321e-06,
            1.7085427135678393e-06,
            1.7587939698492463e-06,
            1.8090452261306533e-06,
            1.8592964824120604e-06,
            1.9095477386934674e-06,
            1.9597989949748746e-06,
            2.0100502512562813e-06,
            2.0603015075376885e-06,
            2.1105527638190957e-06,
            2.1608040201005025e-06,
            2.2110552763819096e-06,
            2.261306532663317e-06,
            2.3115577889447236e-06,
            2.3618090452261308e-06,
            2.412060301507538e-06,
            2.4623115577889447e-06,
            2.512562814070352e-06,
            2.5628140703517587e-06,
            2.613065326633166e-06,
            2.663316582914573e-06,
            2.7135678391959798e-06,
            2.763819095477387e-06,
            2.814070351758794e-06,
            2.864321608040201e-06,
            2.914572864321608e-06,
            2.9648241206030153e-06,
            3.015075376884422e-06,
            3.065326633165829e-06,
            3.1155778894472364e-06,
            3.165829145728643e-06,
            3.2160804020100503e-06,
            3.2663316582914575e-06,
            3.3165829145728643e-06,
            3.3668341708542714e-06,
            3.4170854271356786e-06,
            3.4673366834170854e-06,
            3.5175879396984926e-06,
            3.5678391959798997e-06,
            3.6180904522613065e-06,
            3.6683417085427137e-06,
            3.718592964824121e-06,
            3.7688442211055276e-06,
            3.819095477386935e-06,
            3.8693467336683416e-06,
            3.919597989949749e-06,
            3.969849246231156e-06,
            4.020100502512563e-06,
            4.07035175879397e-06,
            4.120603015075377e-06,
            4.170854271356784e-06,
            4.221105527638191e-06,
            4.271356783919598e-06,
            4.321608040201005e-06,
            4.3718592964824125e-06,
            4.422110552763819e-06,
            4.472361809045226e-06,
            4.522613065326634e-06,
            4.57286432160804e-06,
            4.623115577889447e-06,
            4.673366834170855e-06,
            4.7236180904522615e-06,
            4.773869346733668e-06,
            4.824120603015076e-06,
            4.874371859296483e-06,
            4.9246231155778894e-06,
            4.974874371859296e-06,
            5.025125628140704e-06,
            5.0753768844221105e-06,
            5.125628140703517e-06,
            5.175879396984925e-06,
            5.226130653266332e-06,
            5.2763819095477384e-06,
            5.326633165829146e-06,
            5.376884422110553e-06,
            5.4271356783919595e-06,
            5.477386934673367e-06,
            5.527638190954774e-06,
            5.577889447236181e-06,
            5.628140703517588e-06,
            5.678391959798995e-06,
            5.728643216080402e-06,
            5.778894472361809e-06,
            5.829145728643216e-06,
            5.879396984924623e-06,
            5.9296482412060305e-06,
            5.979899497487437e-06,
            6.030150753768844e-06,
            6.080402010050252e-06,
            6.130653266331658e-06,
            6.180904522613065e-06,
            6.231155778894473e-06,
            6.2814070351758795e-06,
            6.331658291457286e-06,
            6.381909547738694e-06,
            6.432160804020101e-06,
            6.482412060301507e-06,
            6.532663316582915e-06,
            6.582914572864322e-06,
            6.6331658291457285e-06,
            6.683417085427136e-06,
            6.733668341708543e-06,
            6.78391959798995e-06,
            6.834170854271357e-06,
            6.884422110552764e-06,
            6.934673366834171e-06,
            6.984924623115578e-06,
            7.035175879396985e-06,
            7.085427135678392e-06,
            7.1356783919597995e-06,
            7.185929648241206e-06,
            7.236180904522613e-06,
            7.286432160804021e-06,
            7.336683417085427e-06,
            7.386934673366834e-06,
            7.437185929648242e-06,
            7.4874371859296485e-06,
            7.537688442211055e-06,
            7.587939698492463e-06,
            7.63819095477387e-06,
            7.688442211055276e-06,
            7.738693467336683e-06,
            7.78894472361809e-06,
            7.839195979899498e-06,
            7.889447236180905e-06,
            7.939698492462312e-06,
            7.989949748743719e-06,
            8.040201005025125e-06,
            8.090452261306532e-06,
            8.14070351758794e-06,
            8.190954773869347e-06,
            8.241206030150754e-06,
            8.291457286432161e-06,
            8.341708542713568e-06,
            8.391959798994974e-06,
            8.442211055276383e-06,
            8.49246231155779e-06,
            8.542713567839196e-06,
            8.592964824120603e-06,
            8.64321608040201e-06,
            8.693467336683417e-06,
            8.743718592964825e-06,
            8.793969849246232e-06,
            8.844221105527639e-06,
            8.894472361809045e-06,
            8.944723618090452e-06,
            8.994974874371859e-06,
            9.045226130653267e-06,
            9.095477386934674e-06,
            9.14572864321608e-06,
            9.195979899497488e-06,
            9.246231155778894e-06,
            9.296482412060301e-06,
            9.34673366834171e-06,
            9.396984924623116e-06,
            9.447236180904523e-06,
            9.49748743718593e-06,
            9.547738693467337e-06,
            9.597989949748743e-06,
            9.648241206030152e-06,
            9.698492462311559e-06,
            9.748743718592965e-06,
            9.798994974874372e-06,
