{
    "meta_data": {
        "type": "1d",
        "plot_properties": {
            "x_label": "Qubit Frequency [MHz]",
            "y_label": "Amplitude [a.u.]",
            "title": "Qubit Spectroscopy Experiment"
        },
        "experiment_properties": {
            "qubit": "q4",
            "repetitions": 1000
        },
        "qubit_parameters": {
            "qb_freq": 4323900000.0,
            "drive_amp": 0.14,
            "drive_len": 4e-05,
            "pi_amp": 0.19,
            "pi_len": 4e-08,
            "res_freq": 5830500000.0,
            "res_amp": 0.4,
            "res_len": 2e-06,
            "qb_amp_spec": 1.0,
            "qb_lo": 4600000000.0,
            "res_lo": 5600000000.0,
            "flux_bias": -0.7602,
            "anharmnonicity": 208390000.0,
            "w125": 4326260000.0,
            "ro_delay": 2e-08,
            "ro_int_delay": 4e-08,
            "angle": -3.5668244250585124,
            "ge": [
                -0.000382542371110192,
                -0.00024099242929741507
            ]
        }
    },
    "data": {
        "x_data": [
            4273900000.0,
            4274900000.0,
            4275900000.0,
            4276900000.0,
            4277900000.0,
            4278900000.0,
            4279900000.0,
            4280900000.0,
            4281900000.0,
            4282900000.0,
            4283900000.0,
            4284900000.0,
            4285900000.0,
            4286900000.0,
            4287900000.0,
            4288900000.0,
            4289900000.0,
            4290900000.0,
            4291900000.0,
            4292900000.0,
            4293900000.0,
            4294900000.0,
            4295900000.0,
            4296900000.0,
            4297900000.0,
            4298900000.0,
            4299900000.0,
            4300900000.0,
            4301900000.0,
            4302900000.0,
            4303900000.0,
            4304900000.0,
            4305900000.0,
            4306900000.0,
            4307900000.0,
            4308900000.0,
            4309900000.0,
            4310900000.0,
            4311900000.0,
            4312900000.0,
            4313900000.0,
            4314900000.0,
            4315900000.0,
            4316900000.0,
            4317900000.0,
            4318900000.0,
            4319900000.0,
            4320900000.0,
            4321900000.0,
            4322900000.0,
            4323900000.0,
            4324900000.0,
            4325900000.0,
            4326900000.0,
            4327900000.0,
            4328900000.0,
            4329900000.0,
            4330900000.0,
            4331900000.0,
            4332900000.0,
            4333900000.0,
            4334900000.0,
            4335900000.0,
            4336900000.0,
            4337900000.0,
            4338900000.0,
            4339900000.0,
            4340900000.0,
            4341900000.0,
            4342900000.0,
            4343900000.0,
            4344900000.0,
            4345900000.0,
            4346900000.0,
            4347900000.0,
            4348900000.0,
            4349900000.0,
            4350900000.0,
            4351900000.0,
            4352900000.0,
            4353900000.0,
            4354900000.0,
            4355900000.0,
            4356900000.0,
            4357900000.0,
            4358900000.0,
            4359900000.0,
            4360900000.0,
            4361900000.0,
            4362900000.0,
            4363900000.0,
            4364900000.0,
            4365900000.0,
            4366900000.0,
            4367900000.0,
            4368900000.0,
            4369900000.0,
            4370900000.0,
            4371900000.0,
            4372900000.0,
            4373900000.0
        ],
        "y_data": [
            0.5129681334524709,
            0.7546019400044859,
            0.5604566769658204,
            0.5829725756257598,
            0.6789689716486551,
            0.4990390086716345,
            0.6018825875274213,
            0.6465302961666587,
            0.45157443966346417,
            0.7915587328796394,
            0.6941411452974097,
            0.4248711743631339,
            0.7484784426984398,
            0.5754139421046818,
            0.5834586079892555,
            0.600204179703554,
            0.7109148586613055,
            0.7168872243933663,
            0.5167198227440785,
            0.6662836019025301,
            0.5105274941346899,
            0.6180325251348945,
            0.6266778771176629,
            0.3881690672423039,
            0.6171929664763184,
            0.5228073378581888,
            0.6096488996649975,
            0.5751506583182034,
            0.5030945350172813,
            0.5821382704489428,
            0.7040739229809433,
            0.698217242196192,
            0.5719758008485467,
            0.5420613946014652,
            0.6269792102734306,
            0.4725065340395367,
            0.4348845078097084,
            0.5459948999824082,
            0.7432376096885475,
            0.5790081733091732,
            0.5818837738294672,
            0.582557302980711,
            0.5314642432239088,
            0.725853887969409,
            0.6800198043866865,
            0.6620321423094636,
            0.4807367145976643,
            0.5988023354986175,
            0.7368270075847034,
            0.8176810933058106,
            0.7946235067397973,
            0.7322139416467738,
            0.8692019827408599,
            1.2945140043445367,
            1.5767422062579444,
            1.2750620127559058,
            0.8635454413154281,
            0.7960411802959235,
            0.8075201581687887,
            0.5344613985247723,
            0.6781390488878295,
            0.6201014374926129,
            0.42730338767593307,
            0.7669822775354116,
            0.46397710175939116,
            0.7360706245394564,
            0.6801956532240587,
            0.612885380404408,
            0.6516255704275853,
            0.6965623355651716,
            0.6477906299637521,
            0.6490733942983863,
            0.532116605904683,
            0.6294811511416389,
            0.6249719734589162,
            0.5139493417563537,
            0.6544935138378307,
            0.6082739301913072,
            0.6413084645559651,
            0.49374702276409144,
            0.7500336301195245,
            0.4884864294395438,
            0.4975909832493879,
            0.5945982408789047,
            0.661248475374418,
            0.4909934061418728,
            0.6547037866431052,
            0.6783933639758687,
            0.6180477272046798,
            0.7948922664078053,
            0.7814643394688351,
            0.5107230652696627,
            0.616259444389902,
            0.45758906562884594,
            0.5413213099428215,
            0.6672971707986659,
            0.5518581933586276,
            0.5748634732093771,
            0.5909373310867982,
            0.6048843219825346,
            0.5652787193274557
        ]
    }
}