{
    "meta_data": {
        "type": "1d",
        "plot_properties": {
            "x_label": "Qubit Frequency [MHz]",
            "y_label": "Amplitude [a.u.]",
            "title": "Qubit Spectroscopy Experiment"
        },
        "experiment_properties": {
            "qubit": "q4",
            "repetitions": 1000
        },
        "qubit_parameters": {
            "qb_freq": 4323900000.0,
            "drive_amp": 0.14,
            "drive_len": 4e-05,
            "pi_amp": 0.19,
            "pi_len": 4e-08,
            "res_freq": 5830500000.0,
            "res_amp": 0.4,
            "res_len": 2e-06,
            "qb_amp_spec": 1.0,
            "qb_lo": 4600000000.0,
            "res_lo": 5600000000.0,
            "flux_bias": -0.7602,
            "anharmnonicity": 208390000.0,
            "w125": 4326260000.0,
            "ro_delay": 2e-08,
            "ro_int_delay": 4e-08,
            "angle": -3.5668244250585124,
            "ge": [
                -0.000382542371110192,
                -0.00024099242929741507
            ]
        }
    },
    "data": {
        "x_data": [
            4273900000.0,
            4285011111.111111,
            4296122222.222222,
            4307233333.333333,
            4318344444.444445,
            4329455555.555555,
            4340566666.666667,
            4351677777.777778,
            4362788888.888889,
            4373900000.0
        ],
        "y_data": [
            296717.7662137334,
            296717.7662137334,
            296717.7662137334,
            296717.7662137334,
            296717.7662137334,
            296717.7662137334,
            296717.7662137334,
            296717.7662137334,
            296717.7662137334,
            296717.7662137334
        ]
    }
}