{
    "meta_data": {
        "type": "1d",
        "plot_properties": {
            "x_label": "Rabi Amplitude [s]",
            "y_label": "State",
            "title": "Power Rabi Experiment"
        },
        "experiment_properties": {
            "qubit": "q4",
            "repetitions": 1000
        },
        "qubit_parameters": {
            "qb_freq": 4323900000.0,
            "drive_amp": 0.14,
            "drive_len": 4e-05,
            "pi_amp": 0.1848182125313588,
            "pi_len": 4e-08,
            "res_freq": 5830500000.0,
            "res_amp": 0.3,
            "res_len": 2e-06,
            "qb_amp_spec": 1.0,
            "qb_lo": 4600000000.0,
            "res_lo": 5600000000.0,
            "flux_bias": -0.7602,
            "anharmnonicity": 208390000.0,
            "w125": 4326260000.0,
            "ro_delay": 2e-08,
            "ro_int_delay": 4e-08,
            "angle": -3.202479846348694,
            "ge": [
                -0.0003844919559967196,
                -0.0002091801419585255
            ]
        }
    },
    "data": {
        "x_data": [
            0.0,
            0.005600551894889661,
            0.011201103789779322,
            0.016801655684668983,
            0.022402207579558645,
            0.028002759474448306,
            0.03360331136933797,
            0.03920386326422763,
            0.04480441515911729,
            0.05040496705400695,
            0.05600551894889661,
            0.061606070843786276,
            0.06720662273867593,
            0.07280717463356559,
            0.07840772652845526,
            0.0840082784233449,
            0.08960883031823458,
            0.09520938221312425,
            0.1008099341080139,
            0.10641048600290355,
            0.11201103789779322,
            0.11761158979268288,
            0.12321214168757255,
            0.12881269358246222,
            0.13441324547735187,
            0.1400137973722415,
            0.14561434926713118,
            0.15121490116202085,
            0.15681545305691053,
            0.16241600495180017,
            0.1680165568466898,
            0.17361710874157948,
            0.17921766063646916,
            0.18481821253135883,
            0.1904187644262485,
            0.19601931632113817,
            0.2016198682160278,
            0.20722042011091746,
            0.2128209720058071,
            0.21842152390069677,
            0.22402207579558645,
            0.22962262769047612,
            0.23522317958536576,
            0.24082373148025543,
            0.2464242833751451,
            0.2520248352700348,
            0.25762538716492445,
            0.26322593905981406,
            0.26882649095470373,
            0.27442704284959335,
            0.280027594744483,
            0.28562814663937275,
            0.29122869853426236,
            0.296829250429152,
            0.3024298023240417,
            0.3080303542189313,
            0.31363090611382105,
            0.31923145800871067,
            0.32483200990360034,
            0.33043256179849,
            0.3360331136933796,
            0.34163366558826935,
            0.34723421748315897,
            0.3528347693780487,
            0.3584353212729383,
            0.36403587316782793,
            0.36963642506271766,
            0.37523697695760727,
            0.380837528852497,
            0.3864380807473866,
            0.39203863264227634,
            0.39763918453716596,
            0.4032397364320556,
            0.4088402883269453,
            0.4144408402218349,
            0.42004139211672464,
            0.4256419440116142,
            0.4312424959065039,
            0.43684304780139355,
            0.4424435996962832,
            0.4480441515911729,
            0.45364470348606256,
            0.45924525538095223,
            0.4648458072758419,
            0.4704463591707315,
            0.47604691106562114,
            0.48164746296051086,
            0.4872480148554005,
            0.4928485667502902,
            0.4984491186451798,
            0.5040496705400695,
            0.509650222434959,
            0.5152507743298489,
            0.5208513262247385,
            0.5264518781196281,
            0.5320524300145177,
            0.5376529819094075,
            0.5432535338042972,
            0.5488540856991867,
            0.5544546375940764
        ],
        "y_data": [
            -0.07302892707641938,
            -0.020592077701214986,
            0.02856483523611727,
            0.08308339369423301,
            0.12312030249485209,
            0.1383743600986464,
            0.126273880247015,
            0.2271325221666279,
            0.13527483088147998,
            0.28154712056237036,
            0.2660825030070421,
            0.23044464645760784,
            0.1688104249175481,
            0.4004327229206069,
            0.3289920505757848,
            0.4412189876103192,
            0.47024012100261764,
            0.3640511120563921,
            0.44104625238621525,
            0.45283691748497085,
            0.591100574711058,
            0.5076081967677661,
            0.5257161657398456,
            0.6663363130772043,
            0.7390057384600885,
            0.6740130855395859,
            0.8760079149350798,
            0.8089748359089265,
            0.866199311597137,
            0.833063737267232,
            0.8542752316477562,
            0.5875751086743279,
            0.7644307451729907,
            0.846029212385386,
            0.7707935292714283,
            0.9098581440937814,
            0.7653840683531723,
            0.7305788204627522,
            0.8026329471138607,
            0.7247374919396632,
            0.777179474012969,
            0.6564978812313452,
            0.7091953532615873,
            0.6499718756450243,
            0.6155834314641349,
            0.5629970865492552,
            0.4737455205188047,
            0.57439388565435,
            0.4894592916793878,
            0.46324725015434903,
            0.3602626505900815,
            0.3543416134947514,
            0.41631850718988495,
            0.39334231047253854,
            0.21069863311710285,
            0.2795671702792915,
            0.17652818874841747,
            0.3366192610576217,
            0.17188993365766234,
            0.17316169668757408,
            0.1729814084125525,
            0.21462726478148356,
            0.15049304593010973,
            0.1447269194726312,
            0.10448191136134878,
            0.14003513345245192,
            -0.00835035330340229,
            0.03788290312104798,
            0.146113706048287,
            0.08704249041778583,
            0.10344703364865324,
            0.09313681065475668,
            0.06049098903852583,
            0.10157268564577483,
            0.02342179077878467,
            0.18238785831224363,
            0.16304173959308643,
            0.20473933426487892,
            0.23231956233020223,
            0.2907486124685361,
            0.2919437909770357,
            0.3042890717892882,
            0.3303570040956462,
            0.4126421988413828,
            0.4553806069991854,
            0.5120606901635688,
            0.526964072486252,
            0.5930600989506722,
            0.6630971792295091,
            0.4938795972220824,
            0.5663247685519724,
            0.6874475143756763,
            0.7825440053095181,
            0.8645336246355058,
            0.7345274783596215,
            0.7368463612989558,
            0.8330524677392412,
            0.8975883980113579,
            0.8395465218290389,
            0.9130458400723904
        ]
    }
}