{
    "meta_data": {
        "type": "1d",
        "plot_properties": {
            "x_label": "Rabi Amplitude [s]",
            "y_label": "State",
            "title": "Power Rabi Experiment"
        },
        "experiment_properties": {
            "qubit": "q4",
            "repetitions": 1000
        },
        "qubit_parameters": {
            "qb_freq": 4429535000.0,
            "drive_amp": 0.5,
            "drive_len": 4e-05,
            "pi_amp": 0.19309649211860322,
            "pi_len": 4e-08,
            "res_freq": 5830500000.0,
            "res_amp": 0.4,
            "res_len": 2e-06,
            "qb_amp_spec": 1.0,
            "qb_lo": 4600000000.0,
            "res_lo": 5600000000.0,
            "flux_bias": 0,
            "anharmonicity": 208390000.0,
            "w125": 4326260000.0,
            "ro_delay": 2e-08,
            "ro_int_delay": 4e-08,
            "angle": -3.4206169093672694,
            "ge": [
                -0.0004297360252704278,
                -0.0001415504977103675
            ]
        }
    },
    "data": {
        "x_data": [
            0.0,
            0.005851408852078886,
            0.011702817704157773,
            0.017554226556236657,
            0.023405635408315546,
            0.02925704426039443,
            0.03510845311247331,
            0.0409598619645522,
            0.04681127081663109,
            0.052662679668709966,
            0.05851408852078886,
            0.06436549737286774,
            0.07021690622494663,
            0.07606831507702552,
            0.0819197239291044,
            0.08777113278118329,
            0.09362254163326218,
            0.09947395048534106,
            0.10532535933741993,
            0.11117676818949884,
            0.11702817704157772,
            0.1228795858936566,
            0.1287309947457355,
            0.13458240359781437,
            0.14043381244989325,
            0.14628522130197213,
            0.15213663015405104,
            0.15798803900612993,
            0.1638394478582088,
            0.16969085671028766,
            0.17554226556236657,
            0.18139367441444545,
            0.18724508326652436,
            0.19309649211860325,
            0.19894790097068213,
            0.204799309822761,
            0.21065071867483987,
            0.21650212752691878,
            0.22235353637899768,
            0.22820494523107657,
            0.23405635408315545,
            0.2399077629352343,
            0.2457591717873132,
            0.25161058063939207,
            0.257461989491471,
            0.26331339834354983,
            0.26916480719562874,
            0.27501621604770765,
            0.2808676248997865,
            0.2867190337518654,
            0.29257044260394427,
            0.2984218514560232,
            0.3042732603081021,
            0.31012466916018094,
            0.31597607801225985,
            0.3218274868643387,
            0.3276788957164176,
            0.33353030456849647,
            0.3393817134205753,
            0.3452331222726543,
            0.35108453112473315,
            0.35693593997681206,
            0.3627873488288909,
            0.3686387576809698,
            0.37449016653304873,
            0.38034157538512753,
            0.3861929842372065,
            0.3920443930892853,
            0.39789580194136426,
            0.4037472107934431,
            0.409598619645522,
            0.41545002849760093,
            0.42130143734967973,
            0.4271528462017587,
            0.43300425505383755,
            0.43885566390591646,
            0.44470707275799537,
            0.45055848161007417,
            0.45640989046215313,
            0.462261299314232,
            0.4681127081663109,
            0.4739641170183898,
            0.4798155258704686,
            0.48566693472254757,
            0.4915183435746264,
            0.4973697524267053,
            0.5032211612787841,
            0.509072570130863,
            0.514923978982942,
            0.5207753878350209,
            0.5266267966870997,
            0.5324782055391786,
            0.5383296143912575,
            0.5441810232433364,
            0.5500324320954153,
            0.5558838409474942,
            0.561735249799573,
            0.5675866586516519,
            0.5734380675037308,
            0.5792894763558096
        ],
        "y_data": [
            -0.03279113280184148,
            -0.07214927775561442,
            -0.0903714402210707,
            -0.146966883330262,
            0.003105022109024414,
            -0.06691641060670452,
            0.008413713406800104,
            0.056816667075832786,
            0.04246747074129662,
            0.03184427848320884,
            0.1719067296432095,
            0.17835784264545035,
            0.188549058367632,
            0.3017580395023992,
            0.17659616133193207,
            0.3191207458409378,
            0.3941608789967413,
            0.3887780009459494,
            0.5530215364180885,
            0.5466789347941865,
            0.4614923336223019,
            0.5747356844312014,
            0.6247397236755227,
            0.7041131078899722,
            0.7108053391600718,
            0.7736473325954014,
            0.8655827279025027,
            0.7972957665525015,
            0.8395521530439201,
            0.7988476623289724,
            0.8771603702220219,
            0.88226558771777,
            0.8944027124436281,
            0.8898937273794374,
            0.910805705245838,
            0.9595034709288471,
            0.9185904261665887,
            0.9283966554626605,
            0.8824653369402438,
            0.9015597211514914,
            0.8280283132412196,
            0.8341973256964214,
            0.8419069630894082,
            0.8081990641388512,
            0.7699823626534773,
            0.8192692537931584,
            0.6801653430331303,
            0.7272846476800225,
            0.5894966812703065,
            0.6241620814638407,
            0.5305293427127208,
            0.5523907039332534,
            0.4537800791969183,
            0.5215539875910995,
            0.3293049463197476,
            0.261619841033264,
            0.34920360910204223,
            0.3036368764305911,
            0.21264964582562917,
            0.20333820791173907,
            0.1761171136917379,
            0.09341075292274607,
            0.1044342876490732,
            0.06668445522002425,
            0.005059030795291059,
            0.043480058275457596,
            0.0037571246343691845,
            -0.10365102072976802,
            -0.1605875703904396,
            0.026805517084663364,
            -0.09470895434426334,
            -0.010751821314383353,
            -0.08804204190560799,
            -0.04415872465996691,
            -0.11337199550390092,
            -0.0020959084682955747,
            0.012852393151414109,
            -0.06203400242223192,
            0.08618593431925871,
            0.06184955415629682,
            0.14169284997231713,
            0.11816435531954146,
            0.2241545123768662,
            0.19257646722295613,
            0.20149767040771785,
            0.24236373416330756,
            0.2975947940146662,
            0.2131953594017811,
            0.36923725328960516,
            0.3473138390845292,
            0.47074549238145524,
            0.45487647315553414,
            0.5375077226205532,
            0.6404545403595526,
            0.646844127191567,
            0.6371081224539932,
            0.712394163989932,
            0.7363448472160263,
            0.8132121659222122,
            0.858266466517809
        ]
    }
}