{
    "meta_data": {
        "type": "1d",
        "plot_properties": {
            "x_label": "Rabi Amplitude [s]",
            "y_label": "State",
            "title": "Power Rabi Experiment"
        },
        "experiment_properties": {
            "qubit": "q4",
            "repetitions": 5000
        },
        "qubit_parameters": {
            "qb_freq": 4323900000.0,
            "drive_amp": 0.14,
            "drive_len": 4e-05,
            "pi_amp": 0.18848908057860855,
            "pi_len": 4e-08,
            "res_freq": 5830500000.0,
            "res_amp": 0.3,
            "res_len": 2e-06,
            "qb_amp_spec": 1.0,
            "qb_lo": 4600000000.0,
            "res_lo": 5600000000.0,
            "flux_bias": -0.7602,
            "anharmnonicity": 208390000.0,
            "w125": 4326260000.0,
            "ro_delay": 2e-08,
            "ro_int_delay": 4e-08,
            "angle": -3.202479846348694,
            "ge": [
                -0.0003844919559967196,
                -0.0002091801419585255
            ]
        }
    },
    "data": {
        "x_data": [
            0.0,
            0.0037950821593008433,
            0.007590164318601687,
            0.01138524647790253,
            0.015180328637203373,
            0.018975410796504215,
            0.02277049295580506,
            0.026565575115105905,
            0.030360657274406747,
            0.03415573943370759,
            0.03795082159300843,
            0.041745903752309285,
            0.04554098591161012,
            0.049336068070910954,
            0.05313115023021181,
            0.056926232389512645,
            0.06072131454881349,
            0.06451639670811435,
            0.06831147886741518,
            0.07210656102671603,
            0.07590164318601686,
            0.0796967253453177,
            0.08349180750461857,
            0.0872868896639194,
            0.09108197182322024,
            0.09487705398252108,
            0.09867213614182191,
            0.10246721830112276,
            0.10626230046042362,
            0.11005738261972446,
            0.11385246477902529,
            0.11764754693832613,
            0.12144262909762699,
            0.12523771125692781,
            0.1290327934162287,
            0.1328278755755295,
            0.13662295773483035,
            0.1404180398941312,
            0.14421312205343206,
            0.14800820421273292,
            0.15180328637203372,
            0.15559836853133457,
            0.1593934506906354,
            0.16318853284993626,
            0.16698361500923714,
            0.17077869716853794,
            0.1745737793278388,
            0.17836886148713962,
            0.18216394364644048,
            0.1859590258057413,
            0.18975410796504216,
            0.19354919012434302,
            0.19734427228364382,
            0.2011393544429447,
            0.20493443660224553,
            0.20872951876154636,
            0.21252460092084724,
            0.21631968308014804,
            0.22011476523944892,
            0.22390984739874975,
            0.22770492955805058,
            0.2315000117173514,
            0.23529509387665226,
            0.23909017603595314,
            0.24288525819525397,
            0.2466803403545548,
            0.25047542251385563,
            0.2542705046731565,
            0.2580655868324574,
            0.2618606689917582,
            0.265655751151059,
            0.26945083331035985,
            0.2732459154696607,
            0.2770409976289616,
            0.2808360797882624,
            0.2846311619475632,
            0.2884262441068641,
            0.2922213262661649,
            0.29601640842546584,
            0.29981149058476664,
            0.30360657274406744,
            0.3074016549033683,
            0.31119673706266915,
            0.31499181922197,
            0.3187869013812708,
            0.32258198354057166,
            0.3263770656998725,
            0.33017214785917337,
            0.3339672300184743,
            0.3377623121777751,
            0.3415573943370759,
            0.34535247649637674,
            0.3491475586556776,
            0.35294264081497845,
            0.35673772297427925,
            0.3605328051335801,
            0.36432788729288096,
            0.3681229694521818,
            0.3719180516114826,
            0.3757131337707835,
            0.3795082159300843,
            0.3833032980893852,
            0.38709838024868604,
            0.39089346240798684,
            0.39468854456728764,
            0.39848362672658855,
            0.4022787088858894,
            0.40607379104519026,
            0.40986887320449106,
            0.41366395536379186,
            0.4174590375230927,
            0.4212541196823936,
            0.4250492018416945,
            0.4288442840009953,
            0.4326393661602961,
            0.436434448319597,
            0.44022953047889785,
            0.4440246126381987,
            0.4478196947974995,
            0.4516147769568003,
            0.45540985911610116,
            0.459204941275402,
            0.4630000234347028,
            0.4667951055940037,
            0.4705901877533045,
            0.47438526991260543,
            0.4781803520719063,
            0.48197543423120714,
            0.48577051639050794,
            0.48956559854980874,
            0.4933606807091096,
            0.49715576286841046,
            0.5009508450277113,
            0.5047459271870122,
            0.508541009346313,
            0.5123360915056139,
            0.5161311736649148,
            0.5199262558242156,
            0.5237213379835164,
            0.5275164201428172,
            0.531311502302118,
            0.5351065844614189,
            0.5389016666207197,
            0.5426967487800206,
            0.5464918309393214,
            0.5502869130986223,
            0.5540819952579232,
            0.557877077417224,
            0.5616721595765248,
            0.5654672417358256
        ],