{
    "meta_data": {
        "type": "1d",
        "plot_properties": {
            "x_label": "Rabi Amplitude [s]",
            "y_label": "State",
            "title": "Power Rabi Experiment"
        },
        "experiment_properties": {
            "qubit": "q4",
            "repetitions": 1000
        },
        "qubit_parameters": {
            "qb_freq": 4323900000.0,
            "drive_amp": 0.14,
            "drive_len": 4e-05,
            "pi_amp": 0.19,
            "pi_len": 4e-08,
            "res_freq": 5830500000.0,
            "res_amp": 0.4,
            "res_len": 2e-06,
            "qb_amp_spec": 1.0,
            "qb_lo": 4600000000.0,
            "res_lo": 5600000000.0,
            "flux_bias": -0.7602,
            "anharmnonicity": 208390000.0,
            "w125": 4326260000.0,
            "ro_delay": 2e-08,
            "ro_int_delay": 4e-08,
            "angle": -3.1875127477318186,
            "ge": [
                -0.0004332797524113133,
                -0.00021729561447855148
            ]
        }
    },
    "data": {
        "x_data": [
            0.0,
            0.005757575757575758,
            0.011515151515151516,
            0.017272727272727273,
            0.023030303030303033,
            0.028787878787878793,
            0.034545454545454546,
            0.040303030303030306,
            0.046060606060606066,
            0.05181818181818182,
            0.057575757575757586,
            0.06333333333333334,
            0.06909090909090909,
            0.07484848484848486,
            0.08060606060606061,
            0.08636363636363636,
            0.09212121212121213,
            0.09787878787878788,
            0.10363636363636364,
            0.1093939393939394,
            0.11515151515151517,
            0.12090909090909091,
            0.12666666666666668,
            0.13242424242424244,
            0.13818181818181818,
            0.14393939393939395,
            0.14969696969696972,
            0.15545454545454548,
            0.16121212121212122,
            0.16696969696969696,
            0.17272727272727273,
            0.1784848484848485,
            0.18424242424242426,
            0.19,
            0.19575757575757577,
            0.20151515151515156,
            0.20727272727272728,
            0.21303030303030301,
            0.2187878787878788,
            0.22454545454545458,
            0.23030303030303034,
            0.23606060606060608,
            0.24181818181818182,
            0.2475757575757576,
            0.25333333333333335,
            0.25909090909090915,
            0.2648484848484849,
            0.2706060606060606,
            0.27636363636363637,
            0.28212121212121216,
            0.2878787878787879,
            0.2936363636363637,
            0.29939393939393943,
            0.3051515151515152,
            0.31090909090909097,
            0.31666666666666665,
            0.32242424242424245,
            0.32818181818181824,
            0.3339393939393939,
            0.3396969696969697,
            0.34545454545454546,
            0.35121212121212125,
            0.356969696969697,
            0.3627272727272728,
            0.3684848484848485,
            0.37424242424242427,
            0.38,
            0.38575757575757574,
            0.39151515151515154,
            0.39727272727272733,
            0.4030303030303031,
            0.4087878787878788,
            0.41454545454545455,
            0.42030303030303034,
            0.42606060606060603,
            0.4318181818181819,
            0.4375757575757576,
            0.44333333333333336,
            0.44909090909090915,
            0.45484848484848484,
            0.4606060606060607,
            0.46636363636363637,
            0.47212121212121216,
            0.47787878787878796,
            0.48363636363636364,
            0.4893939393939395,
            0.4951515151515152,
            0.500909090909091,
            0.5066666666666667,
            0.5124242424242424,
            0.5181818181818183,
            0.5239393939393939,
            0.5296969696969698,
            0.5354545454545455,
            0.5412121212121213,
            0.546969696969697,
            0.5527272727272727,
            0.5584848484848486,
            0.5642424242424243,
            0.5700000000000001
        ],
        "y_data": [
            0.24966907060745433,
            0.22335853120484428,
            0.23866236929491688,
            0.25360577097767456,
            0.22271689810990813,
            0.4464907214314161,
            0.32998745413995506,
            0.4102668355565927,
            0.4210678992869355,
            0.2975639220893049,
            0.34144098663383915,
            0.4381304369019799,
            0.3443466428641611,
            0.473128657047877,
            0.6062932307746028,
            0.6162103568994431,
            0.5952513032615323,
            0.6108462125997228,
            0.6941601807505116,
            0.8254236409051906,
            0.8799500122029373,
            0.9402323584334732,
            0.7808214754178078,
            1.0252335727355624,
            0.8593765824827687,
            0.9189518994681594,
            0.9102382806407114,
            1.0148321312788138,
            0.9924938121361815,
            1.1676466322297632,
            1.1225679826040535,
            1.0262856896223327,
            1.2024572927199966,
            1.1008996536057416,
            1.023905441857229,
            1.068569422853238,
            1.0644610961685204,
            1.0658193515260876,
            1.0055869115971248,
            1.0816718577696438,
            0.9041997277777666,
            0.9595348855638012,
            1.0526213122025068,
            0.8443628682361263,
            0.9263862541275096,
            0.7505918601128546,
            0.844609060158038,
            0.8277384018906425,
            0.757604535908409,
            0.5326520910132353,
            0.5966543769027949,
            0.6148133625939813,
            0.6323452682231873,
            0.5524878976668601,
            0.46911888816897174,
            0.41177385151374235,
            0.3194783473970239,
            0.4169660951191066,
            0.41373768564307506,
            0.4292559196699211,
            0.2946553956151952,
            0.325177062897182,
            0.24796912138501467,
            0.17007540556778317,
            0.2256589830159437,
            0.2533023735024912,
            0.11437057246580029,
            0.2724752061632767,
            0.34550879510604027,
            0.2420188864466432,
            0.15290854536692258,
            0.3705255873819084,
            0.2721579177795187,
            0.2473093655159884,
            0.33441590706231494,
            0.2933981304206434,
            0.439208216247287,
            0.5051006940824663,
            0.4958438962559142,
            0.6455326381878617,
            0.5756606906716275,
            0.659536632997557,
            0.6630459974826964,
            0.7779232623251036,
            0.8419385617928614,
            0.8140465277178334,
            0.8422701998383517,
            0.8799233771129609,
            0.8972368751289357,
            0.8937940086736192,
            1.0528087338896375,
            1.098405037713006,
            1.203489178997395,
            1.077503668625214,
            1.0016789186478452,
            1.0884385107559575,
            1.0501840921537275,
            1.2170746233719891,
            1.1764042138114261,
            1.1915349717786243
        ]
    }
}