{
    "meta_data": {
        "type": "1d",
        "plot_properties": {
            "x_label": "Rabi Amplitude [s]",
            "y_label": "State",
            "title": "Power Rabi Experiment"
        },
        "experiment_properties": {
            "qubit": "q4",
            "repetitions": 1000
        },
        "qubit_parameters": {
            "qb_freq": 4323900000.0,
            "drive_amp": 0.14,
            "drive_len": 4e-05,
            "pi_amp": 0.19,
            "pi_len": 4e-08,
            "res_freq": 5830500000.0,
            "res_amp": 0.4,
            "res_len": 2e-06,
            "qb_amp_spec": 1.0,
            "qb_lo": 4600000000.0,
            "res_lo": 5600000000.0,
            "flux_bias": -0.7602,
            "anharmnonicity": 208390000.0,
            "w125": 4326260000.0,
            "ro_delay": 2e-08,
            "ro_int_delay": 4e-08,
            "angle": -3.202479846348694,
            "ge": [
                -0.0003844919559967196,
                -0.0002091801419585255
            ]
        }
    },
    "data": {
        "x_data": [
            0.0,
            0.005757575757575758,
            0.011515151515151516,
            0.017272727272727273,
            0.023030303030303033,
            0.028787878787878793,
            0.034545454545454546,
            0.040303030303030306,
            0.046060606060606066,
            0.05181818181818182,
            0.057575757575757586,
            0.06333333333333334,
            0.06909090909090909,
            0.07484848484848486,
            0.08060606060606061,
            0.08636363636363636,
            0.09212121212121213,
            0.09787878787878788,
            0.10363636363636364,
            0.1093939393939394,
            0.11515151515151517,
            0.12090909090909091,
            0.12666666666666668,
            0.13242424242424244,
            0.13818181818181818,
            0.14393939393939395,
            0.14969696969696972,
            0.15545454545454548,
            0.16121212121212122,
            0.16696969696969696,
            0.17272727272727273,
            0.1784848484848485,
            0.18424242424242426,
            0.19,
            0.19575757575757577,
            0.20151515151515156,
            0.20727272727272728,
            0.21303030303030301,
            0.2187878787878788,
            0.22454545454545458,
            0.23030303030303034,
            0.23606060606060608,
            0.24181818181818182,
            0.2475757575757576,
            0.25333333333333335,
            0.25909090909090915,
            0.2648484848484849,
            0.2706060606060606,
            0.27636363636363637,
            0.28212121212121216,
            0.2878787878787879,
            0.2936363636363637,
            0.29939393939393943,
            0.3051515151515152,
            0.31090909090909097,
            0.31666666666666665,
            0.32242424242424245,
            0.32818181818181824,
            0.3339393939393939,
            0.3396969696969697,
            0.34545454545454546,
            0.35121212121212125,
            0.356969696969697,
            0.3627272727272728,
            0.3684848484848485,
            0.37424242424242427,
            0.38,
            0.38575757575757574,
            0.39151515151515154,
            0.39727272727272733,
            0.4030303030303031,
            0.4087878787878788,
            0.41454545454545455,
            0.42030303030303034,
            0.42606060606060603,
            0.4318181818181819,
            0.4375757575757576,
            0.44333333333333336,
            0.44909090909090915,
            0.45484848484848484,
            0.4606060606060607,
            0.46636363636363637,
            0.47212121212121216,
            0.47787878787878796,
            0.48363636363636364,
            0.4893939393939395,
            0.4951515151515152,
            0.500909090909091,
            0.5066666666666667,
            0.5124242424242424,
            0.5181818181818183,
            0.5239393939393939,
            0.5296969696969698,
            0.5354545454545455,
            0.5412121212121213,
            0.546969696969697,
            0.5527272727272727,
            0.5584848484848486,
            0.5642424242424243,
            0.5700000000000001
        ],
        "y_data": [
            0.16691758891845868,
            -0.036260481443236056,
            0.027565214942561637,
            0.053148860281261485,
            0.07769832700092963,
            0.09962582451712974,
            0.10005653220969876,
            0.38152528470809094,
            0.21830775848327033,
            0.22980981415869134,
            0.310869574450942,
            0.3073041910101399,
            0.4447690124774802,
            0.5927879554469246,
            0.5343305471228037,
            0.5779513177680421,
            0.6099084830123763,
            0.6694996393873892,
            0.6765174343444464,
            0.7977353823749381,
            0.8930250077176455,
            0.9373067150187285,
            0.9888206778794376,
            0.9997003590896831,
            1.0775523703121332,
            1.0153705278321725,
            1.1430307007137068,
            1.104618125681135,
            1.1722320011331684,
            1.2615573238473239,
            1.166740855993234,
            1.2214685535775063,
            1.1994750047557328,
            1.2335683013376388,
            1.2398991377765107,
            1.3125556986081548,
            1.1515159500580459,
            1.3010433756180524,
            1.284845927949756,
            1.0215680204041335,
            1.2085027385049143,
            0.9912735615728134,
            1.0697378368773212,
            1.096902874290063,
            1.047115789806138,
            0.9838775208762413,
            0.914889170494211,
            0.8741785525734882,
            0.8047636541445582,
            0.63741034428951,
            0.6723248733350201,
            0.5872020213405296,
            0.4554860807413082,
            0.5240384368706709,
            0.3163725205374869,
            0.32459988950034196,
            0.27089071728312103,
            0.2218172608581549,
            0.403949678969209,
            0.2910956276758498,
            0.08539224912873207,
            0.18582359824798703,
            0.1654122330645963,
            0.1900684815452123,
            -0.029294301239007545,
            0.05542092773425818,
            0.20658191034084702,
            -0.05134319510373046,
            0.03994308188411472,
            0.021090448087230654,
            0.040087198009319126,
            0.1659911977269465,
            0.22972102043838658,
            0.36815390322351577,
            0.10244897231094614,
            0.3832011564898166,
            0.2759473016577248,
            0.2342212106696737,
            0.5087078534509146,
            0.5181524166172425,
            0.5795302131338131,
            0.591182903925299,
            0.5941367028092243,
            0.9383647433984376,
            0.8720703984118193,
            0.9067254370884618,
            0.842940920465767,
            0.9060181212083519,
            1.0014491591559809,
            1.2816269200954455,
            1.0752455860673142,
            1.2073286878194134,
            1.4353644342706169,
            1.3236438194671976,
            1.3419372301319707,
            1.52790348863877,
            1.3226266512320282,
            1.4332930258839178,
            1.3426717604008247,
            1.2606422113925004
        ]
    }
}