{
    "meta_data": {
        "type": "1d",
        "plot_properties": {
            "x_label": "Rabi Amplitude [s]",
            "y_label": "State",
            "title": "Power Rabi Experiment"
        },
        "experiment_properties": {
            "qubit": "q4",
            "repetitions": 1000
        },
        "qubit_parameters": {
            "qb_freq": 4323900000.0,
            "drive_amp": 0.14,
            "drive_len": 4e-05,
            "pi_amp": 0.19,
            "pi_len": 4e-08,
            "res_freq": 5830500000.0,
            "res_amp": 0.4,
            "res_len": 2e-06,
            "qb_amp_spec": 1.0,
            "qb_lo": 4600000000.0,
            "res_lo": 5600000000.0,
            "flux_bias": -0.7602,
            "anharmnonicity": 208390000.0,
            "w125": 4326260000.0,
            "ro_delay": 2e-08,
            "ro_int_delay": 4e-08,
            "angle": -3.202479846348694,
            "ge": [
                -0.0003844919559967196,
                -0.0002091801419585255
            ]
        }
    },
    "data": {
        "x_data": [
            0.0,
            0.005757575757575758,
            0.011515151515151516,
            0.017272727272727273,
            0.023030303030303033,
            0.028787878787878793,
            0.034545454545454546,
            0.040303030303030306,
            0.046060606060606066,
            0.05181818181818182,
            0.057575757575757586,
            0.06333333333333334,
            0.06909090909090909,
            0.07484848484848486,
            0.08060606060606061,
            0.08636363636363636,
            0.09212121212121213,
            0.09787878787878788,
            0.10363636363636364,
            0.1093939393939394,
            0.11515151515151517,
            0.12090909090909091,
            0.12666666666666668,
            0.13242424242424244,
            0.13818181818181818,
            0.14393939393939395,
            0.14969696969696972,
            0.15545454545454548,
            0.16121212121212122,
            0.16696969696969696,
            0.17272727272727273,
            0.1784848484848485,
            0.18424242424242426,
            0.19,
            0.19575757575757577,
            0.20151515151515156,
            0.20727272727272728,
            0.21303030303030301,
            0.2187878787878788,
            0.22454545454545458,
            0.23030303030303034,
            0.23606060606060608,
            0.24181818181818182,
            0.2475757575757576,
            0.25333333333333335,
            0.25909090909090915,
            0.2648484848484849,
            0.2706060606060606,
            0.27636363636363637,
            0.28212121212121216,
            0.2878787878787879,
            0.2936363636363637,
            0.29939393939393943,
            0.3051515151515152,
            0.31090909090909097,
            0.31666666666666665,
            0.32242424242424245,
            0.32818181818181824,
            0.3339393939393939,
            0.3396969696969697,
            0.34545454545454546,
            0.35121212121212125,
            0.356969696969697,
            0.3627272727272728,
            0.3684848484848485,
            0.37424242424242427,
            0.38,
            0.38575757575757574,
            0.39151515151515154,
            0.39727272727272733,
            0.4030303030303031,
            0.4087878787878788,
            0.41454545454545455,
            0.42030303030303034,
            0.42606060606060603,
            0.4318181818181819,
            0.4375757575757576,
            0.44333333333333336,
            0.44909090909090915,
            0.45484848484848484,
            0.4606060606060607,
            0.46636363636363637,
            0.47212121212121216,
            0.47787878787878796,
            0.48363636363636364,
            0.4893939393939395,
            0.4951515151515152,
            0.500909090909091,
            0.5066666666666667,
            0.5124242424242424,
            0.5181818181818183,
            0.5239393939393939,
            0.5296969696969698,
            0.5354545454545455,
            0.5412121212121213,
            0.546969696969697,
            0.5527272727272727,
            0.5584848484848486,
            0.5642424242424243,
            0.5700000000000001
        ],
        "y_data": [
            -0.10228697686528995,
            -0.09242178300798048,
            -0.04570932665417876,
            0.06599337684774824,
            -0.08116244444154064,
            -0.021369502853192536,
            0.08641014446735522,
            -0.09811591356156892,
            0.12725739721347093,
            0.06270320877890001,
            -0.00447722860157901,
            0.11726310086211558,
            0.1879495988665659,
            0.11204548628607945,
            0.304752977989581,
            0.21200116969757296,
            0.3391601787537089,
            0.3306563412685671,
            0.4980476339336959,
            0.5505181556808803,
            0.4255222433325161,
            0.568913276416125,
            0.6107943029822517,
            0.6251307226457702,
            0.5857159515700461,
            0.6502378711917054,
            0.8127678756329738,
            0.6556106312273947,
            0.7253840718514801,
            0.5910390467947287,
            0.7980147520208207,
            0.6340498183139458,
            0.8160368191874936,
            0.6996229288569775,
            0.6523318819441858,
            0.7181471359710466,
            0.6878474254959414,
            0.6649041230155855,
            0.7218505129039063,
            0.6946947129664421,
            0.7030976319454528,
            0.6673710752974777,
            0.5924321117840072,
            0.4959280049668079,
            0.6147030588228792,
            0.5934599920372368,
            0.6237364655137838,
            0.46210668920164916,
            0.47697303414059006,
            0.3468235042146956,
            0.4026485187054084,
            0.3035991361757478,
            0.17136820335615408,
            0.249811340094182,
            0.17531163685163698,
            0.1883704375206458,
            -0.0827283536245176,
            0.1682210536589579,
            0.11312165656842928,
            -0.02642423014034684,
            -0.1398875450149672,
            -0.11832179547194707,
            -0.0625712505716502,
            -0.0492200541696058,
            0.03093652545468381,
            -0.05843969948928534,
            -0.020358607276209528,
            -0.12042797667004869,
            -0.006077811986149325,
            0.012267988113179893,
            -0.1280719638650335,
            0.1306853699960659,
            0.011542259824922475,
            -0.04250026381011632,
            0.11590179437039615,
            0.11847342269093832,
            0.212497642842378,
            0.1631862390303488,
            0.17897717217445383,
            0.13406114173871997,
            0.28808755924817403,
            0.4724570053322731,
            0.3254437496536467,
            0.4590413664609523,
            0.47394830794544957,
            0.5648550384651734,
            0.5105792147660438,
            0.6544094313814278,
            0.5521136708282359,
            0.710805438104114,
            0.6568067739633241,
            0.7364184058560307,
            0.8380152891498305,
            0.8628695115938576,
            0.8662024532979709,
            0.8336961971753015,
            0.8687119489976757,
            0.9349281977016108,
            0.8385406246566435,
            0.8278311313143911
        ]
    }
}