{
    "meta_data": {
        "type": "Resonator Spectroscopy",
        "plot_properties": {
            "x_label": "Resonator Frequency [GHz]",
            "y_label": "Amplitude [a.u.]",
            "title": "Resonator Spectroscopy"
        },
        "experiment_properties": {
            "qubit": "q4",
            "repetitions": 1000
        },
        "qubit_parameters": {
            "qb_freq": 4323900000.0,
            "drive_amp": 0.14,
            "drive_len": 4e-05,
            "pi_amp": 0.1848182125313588,
            "pi_len": 4e-08,
            "res_freq": 5830500000.0,
            "res_amp": 0.4,
            "res_len": 2e-06,
            "qb_amp_spec": 1.0,
            "qb_lo": 4600000000.0,
            "res_lo": 5600000000.0,
            "flux_bias": -0.7602,
            "anharmnonicity": 208390000.0,
            "w125": 4326260000.0,
            "ro_delay": 2e-08,
            "ro_int_delay": 4e-08,
            "angle": -3.202479846348694,
            "ge": [
                -0.0003844919559967196,
                -0.0002091801419585255
            ]
        }
    },
    "data": {
        "x": [
            5730500000.0,
            5732500000.0,
            5734500000.0,
            5736500000.0,
            5738500000.0,
            5740500000.0,
            5742500000.0,
            5744500000.0,
            5746500000.0,
            5748500000.0,
            5750500000.0,
            5752500000.0,
            5754500000.0,
            5756500000.0,
            5758500000.0,
            5760500000.0,
            5762500000.0,
            5764500000.0,
            5766500000.0,
            5768500000.0,
            5770500000.0,
            5772500000.0,
            5774500000.0,
            5776500000.0,
            5778500000.0,
            5780500000.0,
            5782500000.0,
            5784500000.0,
            5786500000.0,
            5788500000.0,
            5790500000.0,
            5792500000.0,
            5794500000.0,
            5796500000.0,
            5798500000.0,
            5800500000.0,
            5802500000.0,
            5804500000.0,
            5806500000.0,
            5808500000.0,
            5810500000.0,
            5812500000.0,
            5814500000.0,
            5816500000.0,
            5818500000.0,
            5820500000.0,
            5822500000.0,
            5824500000.0,
            5826500000.0,
            5828500000.0,
            5830500000.0,
            5832500000.0,
            5834500000.0,
            5836500000.0,
            5838500000.0,
            5840500000.0,
            5842500000.0,
            5844500000.0,
            5846500000.0,
            5848500000.0,
            5850500000.0,
            5852500000.0,
            5854500000.0,
            5856500000.0,
            5858500000.0,
            5860500000.0,
            5862500000.0,
            5864500000.0,
            5866500000.0,
            5868500000.0,
            5870500000.0,
            5872500000.0,
            5874500000.0,
            5876500000.0,
            5878500000.0,
            5880500000.0,
            5882500000.0,
            5884500000.0,
            5886500000.0,
            5888500000.0,
            5890500000.0,
            5892500000.0,
            5894500000.0,
            5896500000.0,
            5898500000.0,
            5900500000.0,
            5902500000.0,
            5904500000.0,
            5906500000.0,
            5908500000.0,
            5910500000.0,
            5912500000.0,
            5914500000.0,
            5916500000.0,
            5918500000.0,
            5920500000.0,
            5922500000.0,
            5924500000.0,
            5926500000.0,
            5928500000.0,
            5930500000.0
        ],
        "a_e": [
            0.00048137947171484285,
            0.0004959647972403086,
            0.0005044562313298834,
            0.0004974114422328157,
            0.0004734645879439644,
            0.0004928441870662958,
            0.00047034028701489305,
            0.0004800068328101702,
            0.00045261554656095927,
            0.00043891556152066434,
            0.0004190365869304731,
            0.0004028778413075128,
            0.00036798834691250716,
            0.0003412467543497695,
            0.0003252762307102257,
            0.000289286701672762,
            0.0002709726237849544,
            0.00027748866790816324,
            0.0002436358554552291,
            0.00023508906036883557,
            0.00021902288177081636,
            0.00019843335775441594,
            0.0001882351617923292,
            0.0001723212551592387,
            0.0001569981754529272,
            0.0001212358583097124,
            0.00013160261115837828,
            0.00011218696320044585,
            0.00010240487752379961,
            4.0581274764607466e-05,
            3.377054738048208e-05,
            4.2934300499616854e-05,
            6.228746880308531e-05,
            9.782541715604856e-05,
            0.0001194232066641816,
            0.00015833760200696824,
            0.00017043983705200593,
            0.0002026988206788986,
            0.00023482313277149817,
            0.00024176117130080615,
            0.0002787929875170981,
            0.000281643148570684,
            0.0003216756478168275,
            0.000342027867237038,
            0.0004149739293504316,
            0.0004355941361357133,
            0.0004494413003498333,
            0.0005116559250674077,
            0.00048787810026090317,
            0.0004804633663625452,
            0.000458134210004271,
            0.00044994600409416474,
            0.0004274800086565532,
            0.00040582123775202526,
            0.00037951257230149583,
            0.0003559820067409352,
            0.0003030329288574595,
            0.0002645696321577045,
            0.0002459163656722823,
            0.0002065343922109654,
            0.0001490754534025723,
            0.00010634731777509639,
            4.9998708988490304e-05,
            4.485610486829867e-05,
            3.730023394862706e-05,
            7.016934808721321e-05,
            0.00011359621260939228,
            0.00014696319505030163,
            0.0001762964299698206,
            0.0002170773023471356,
            0.0002171565261333813,
            0.000233420086376561,
            0.0002762046286819504,
            0.0002797385993014503,
            0.0003152919926294421,
            0.00034913129303802985,
            0.0003504786274774107,
            0.0003875491405773501,
            0.00044850075456074825,
            0.0005112107269561437,
            0.0005384060079069824,
            0.0005615587088346688,
            0.0005898293409358288,
            0.0006160028707301585,
            0.0006503270766765685,
            0.0006399845078307647,
            0.0006511936469502279,
            0.0006318028363883823,
            0.0006231374088100997,
            0.0006148836817911217,
            0.0005898919606893745,
            0.0005898924460049637,
            0.000578242219391896,
            0.0006123320459101705,
            0.000606670973675637,
            0.0005897807483361753,
            0.0006218533614151073,
            0.0006340462317170625,
            0.0006374130406579763,
            0.000660968666407332,
            0.0006792988807434241
        ],