{
    "meta_data": {
        "type": "Resonator Spectroscopy",
        "plot_properties": {
            "x_label": "Resonator Frequency [GHz]",
            "y_label": "Amplitude [a.u.]",
            "title": "Resonator Spectroscopy"
        },
        "experiment_properties": {
            "qubit": "q4",
            "repetitions": 1000
        },
        "qubit_parameters": {
            "qb_freq": 4323900000.0,
            "drive_amp": 0.14,
            "drive_len": 4e-05,
            "pi_amp": 0.1848182125313588,
            "pi_len": 4e-08,
            "res_freq": 5830500000.0,
            "res_amp": 0.3,
            "res_len": 2e-06,
            "qb_amp_spec": 1.0,
            "qb_lo": 4600000000.0,
            "res_lo": 5600000000.0,
            "flux_bias": -0.7602,
            "anharmnonicity": 208390000.0,
            "w125": 4326260000.0,
            "ro_delay": 2e-08,
            "ro_int_delay": 4e-08,
            "angle": -3.202479846348694,
            "ge": [
                -0.0003844919559967196,
                -0.0002091801419585255
            ]
        }
    },
    "data": {
        "x": [
            5730500000.0,
            5732500000.0,
            5734500000.0,
            5736500000.0,
            5738500000.0,
            5740500000.0,
            5742500000.0,
            5744500000.0,
            5746500000.0,
            5748500000.0,
            5750500000.0,
            5752500000.0,
            5754500000.0,
            5756500000.0,
            5758500000.0,
            5760500000.0,
            5762500000.0,
            5764500000.0,
            5766500000.0,
            5768500000.0,
            5770500000.0,
            5772500000.0,
            5774500000.0,
            5776500000.0,
            5778500000.0,
            5780500000.0,
            5782500000.0,
            5784500000.0,
            5786500000.0,
            5788500000.0,
            5790500000.0,
            5792500000.0,
            5794500000.0,
            5796500000.0,
            5798500000.0,
            5800500000.0,
            5802500000.0,
            5804500000.0,
            5806500000.0,
            5808500000.0,
            5810500000.0,
            5812500000.0,
            5814500000.0,
            5816500000.0,
            5818500000.0,
            5820500000.0,
            5822500000.0,
            5824500000.0,
            5826500000.0,
            5828500000.0,
            5830500000.0,
            5832500000.0,
            5834500000.0,
            5836500000.0,
            5838500000.0,
            5840500000.0,
            5842500000.0,
            5844500000.0,
            5846500000.0,
            5848500000.0,
            5850500000.0,
            5852500000.0,
            5854500000.0,
            5856500000.0,
            5858500000.0,
            5860500000.0,
            5862500000.0,
            5864500000.0,
            5866500000.0,
            5868500000.0,
            5870500000.0,
            5872500000.0,
            5874500000.0,
            5876500000.0,
            5878500000.0,
            5880500000.0,
            5882500000.0,
            5884500000.0,
            5886500000.0,
            5888500000.0,
            5890500000.0,
            5892500000.0,
            5894500000.0,
            5896500000.0,
            5898500000.0,
            5900500000.0,
            5902500000.0,
            5904500000.0,
            5906500000.0,
            5908500000.0,
            5910500000.0,
            5912500000.0,
            5914500000.0,
            5916500000.0,
            5918500000.0,
            5920500000.0,
            5922500000.0,
            5924500000.0,
            5926500000.0,
            5928500000.0,
            5930500000.0
        ],
        "a_e": [
            0.00036919179853783416,
            0.00037805122982007575,
            0.0003696728217080895,
            0.0003857340949199343,
            0.00035561046408540456,
            0.0003620951042875681,
            0.00035675031807861724,
            0.0003489107320297216,
            0.0003359696301995667,
            0.00032732965233407154,
            0.0003118566059835946,
            0.0002932416290437407,
            0.0002622055273978622,
            0.00025252621429303426,
            0.00023051323309035443,
            0.0002230441282825849,
            0.00020426533890598994,
            0.00019548225571310151,
            0.00019058010336084815,
            0.00016609257187388097,
            0.00016103228150299268,
            0.00016388038293638368,
            0.0001488121291333307,
            0.0001329902753273431,
            0.00011397196292145087,
            0.00012434982598398544,
            0.00011258716425045438,
            6.582803806030028e-05,
            6.177133452089642e-05,
            4.1787460426647626e-05,
            1.5513999337463586e-05,
            1.8564806964463666e-05,
            4.623072742865261e-05,
            8.409243129531558e-05,
            0.00011092429929295129,
            0.00010952791501314862,
            0.00013426518917469498,
            0.00015061830383313493,
            0.00017977993805982966,
            0.00017093468349255127,
            0.00017837853338057975,
            0.00021389233252201188,
            0.00024311020744982058,
            0.00026380251947113174,
            0.0002944467056917076,
            0.0003003632049168751,
            0.00034821640890971424,
            0.0003740190826423903,
            0.0004036859586139722,
            0.0004244329952649743,
            0.00041620354502695,
            0.0004140308326465603,
            0.0003850726893018111,
            0.0003037760505372573,
            0.00032563695842558,
            0.0002676519663779047,
            0.0002610494086389118,
            0.00022261665703195044,
            0.00019335753615784418,
            0.00014413331453771175,
            0.00011328688682106184,
            8.8387318957246e-05,
            3.414078485731806e-05,
            1.3860931014511646e-05,
            4.246697977878169e-05,
            6.401015545751576e-05,
            8.855021384813732e-05,
            0.0001014597944736559,
            0.00013433777412380659,
            0.00013507120077605153,
            0.00013785827615046345,
            0.00016118772248468696,
            0.0002004029813249449,
            0.00022207963990511837,
            0.00021936281534477546,
            0.0002568530186692408,
            0.0002714563896472928,
            0.00030513277417796355,
            0.00036132259805839834,
            0.0003577549927286335,
            0.00040497017259528425,
            0.00042682636000107295,
            0.0004609878978553965,
            0.0004655424279213761,
            0.0004476596974832342,
            0.00047447548046744396,
            0.0004641405821365589,
            0.0005032321161503561,
            0.0004755667343590612,
            0.0004607253028391675,
            0.0004533114688436027,
            0.0004264983125347628,
            0.00044537492134681927,
            0.0004304454659971539,
            0.0004481292587092309,
            0.0004418328433666009,
            0.0004632055879996381,
            0.00046813513016062507,
            0.0004968127393209317,
            0.0005053318558932537,
            0.0005015642197643315
        ],