{
    "meta_data": {
        "type": "Resonator Spectroscopy",
        "plot_properties": {
            "x_label": "Resonator Frequency [GHz]",
            "y_label": "Amplitude [a.u.]",
            "title": "Resonator Spectroscopy"
        },
        "experiment_properties": {
            "qubit": "q4",
            "repetitions": 1000
        },
        "qubit_parameters": {
            "qb_freq": 4323900000.0,
            "drive_amp": 0.14,
            "drive_len": 4e-05,
            "pi_amp": 0.19,
            "pi_len": 4e-08,
            "res_freq": 5830500000.0,
            "res_amp": 0.4,
            "res_len": 2e-06,
            "qb_amp_spec": 1.0,
            "qb_lo": 4600000000.0,
            "res_lo": 5600000000.0,
            "flux_bias": -0.7602,
            "anharmnonicity": 208390000.0,
            "w125": 4326260000.0,
            "ro_delay": 2e-08,
            "ro_int_delay": 4e-08,
            "angle": -3.5668244250585124,
            "ge": [
                -0.000382542371110192,
                -0.00024099242929741507
            ]
        }
    },
    "data": {
        "x": [
            5730500000.0,
            5732500000.0,
            5734500000.0,
            5736500000.0,
            5738500000.0,
            5740500000.0,
            5742500000.0,
            5744500000.0,
            5746500000.0,
            5748500000.0,
            5750500000.0,
            5752500000.0,
            5754500000.0,
            5756500000.0,
            5758500000.0,
            5760500000.0,
            5762500000.0,
            5764500000.0,
            5766500000.0,
            5768500000.0,
            5770500000.0,
            5772500000.0,
            5774500000.0,
            5776500000.0,
            5778500000.0,
            5780500000.0,
            5782500000.0,
            5784500000.0,
            5786500000.0,
            5788500000.0,
            5790500000.0,
            5792500000.0,
            5794500000.0,
            5796500000.0,
            5798500000.0,
            5800500000.0,
            5802500000.0,
            5804500000.0,
            5806500000.0,
            5808500000.0,
            5810500000.0,
            5812500000.0,
            5814500000.0,
            5816500000.0,
            5818500000.0,
            5820500000.0,
            5822500000.0,
            5824500000.0,
            5826500000.0,
            5828500000.0,
            5830500000.0,
            5832500000.0,
            5834500000.0,
            5836500000.0,
            5838500000.0,
            5840500000.0,
            5842500000.0,
            5844500000.0,
            5846500000.0,
            5848500000.0,
            5850500000.0,
            5852500000.0,
            5854500000.0,
            5856500000.0,
            5858500000.0,
            5860500000.0,
            5862500000.0,
            5864500000.0,
            5866500000.0,
            5868500000.0,
            5870500000.0,
            5872500000.0,
            5874500000.0,
            5876500000.0,
            5878500000.0,
            5880500000.0,
            5882500000.0,
            5884500000.0,
            5886500000.0,
            5888500000.0,
            5890500000.0,
            5892500000.0,
            5894500000.0,
            5896500000.0,
            5898500000.0,
            5900500000.0,
            5902500000.0,
            5904500000.0,
            5906500000.0,
            5908500000.0,
            5910500000.0,
            5912500000.0,
            5914500000.0,
            5916500000.0,
            5918500000.0,
            5920500000.0,
            5922500000.0,
            5924500000.0,
            5926500000.0,
            5928500000.0,
            5930500000.0
        ],
        "y_e": [
            0.0004975051648670491,
            0.0004819783055270279,
            0.0004999643421988343,
            0.0004875871466331938,
            0.0004921679923141272,
            0.0004670306685286775,
            0.0004654167261170719,
            0.000446159763442186,
            0.0004386199891416369,
            0.00042426977708093574,
            0.00040568986053930587,
            0.00042635129149975754,
            0.000362725528860879,
            0.00034091238121536284,
            0.00029739093462684225,
            0.00029360389306042924,
            0.0002700410388152639,
            0.00024146765566289083,
            0.00025138904902811954,
            0.00023336861941433565,
            0.00020615279994176897,
            0.00021074083532546888,
            0.00017329093660644316,
            0.00017887838854969542,
            0.0001533022563376776,
            0.00015215775332692608,
            0.00011840264831149033,
            0.00010818455628211116,
            9.150073471653014e-05,
            4.5822841078911246e-05,
            2.2253255719351166e-05,
            3.863959659251819e-05,
            6.717156741936064e-05,
            0.00010166261685566344,
            0.00013467426062848894,
            0.00014782778559843717,
            0.00016909718032863033,
            0.0001869694018356738,
            0.00021579326967507444,
            0.00022493135762060185,
            0.00025852305918044546,
            0.0002929893704325742,
            0.0002933166903488601,
            0.00035227421771627315,
            0.0003890796780394202,
            0.0004390940084340059,
            0.00046995300526605284,
            0.00046759276142918746,
            0.000458418849698333,
            0.0004573515361566818,
            0.0004555909795374949,
            0.00044748026825988896,
            0.000446354652585755,
            0.00042105025969653973,
            0.00038555174335433656,
            0.00034940340169619,
            0.0003104571386013873,
            0.0002706077891582569,
            0.00022864033152584392,
            0.00019438082755671927,
            0.00015290272441545572,
            9.702005988919273e-05,
            5.475215521759131e-05,
            3.177781951125569e-05,
            5.3996562649024115e-05,
            9.062414875462722e-05,
            0.00010383292781674136,
            0.0001489569337256716,
            0.0001281154827031252,
            0.00018481228469815727,
            0.00020534464093271444,
            0.00027453346438419693,
            0.0002628514815746371,
            0.0002612680919273094,
            0.00029631935960504894,
            0.0003300825615829493,
            0.0003662212265833299,
            0.00041017817061785554,
            0.00044654532189045826,
            0.0004983367767037868,
            0.0004944341447517037,
            0.0005732045632770332,
            0.0005852111154554918,
            0.0005957525444840641,
            0.0006295164347534088,
            0.0006314167257344454,
            0.0006558432766651925,
            0.0006362584112450148,
            0.0006327389562169548,
            0.0005941129277840212,
            0.0005838307331829018,
            0.0005690043896578947,
            0.0005865579645472935,
            0.0005516220494550347,
            0.0005605817367551802,
            0.0005769667258500152,
            0.000599275206096637,
            0.0005974542978654366,
            0.0006440564174898061,
            0.0006581326261623648,
            0.0006693243410765576
        ],