{
    "meta_data": {
        "type": "Resonator Spectroscopy",
        "plot_properties": {
            "x_label": "Resonator Frequency [GHz]",
            "y_label": "Amplitude [a.u.]",
            "title": "Resonator Spectroscopy"
        },
        "experiment_properties": {
            "qubit": "q4",
            "repetitions": 1000
        },
        "qubit_parameters": {
            "qb_freq": 4323900000.0,
            "drive_amp": 0.14,
            "drive_len": 4e-05,
            "pi_amp": 0.19,
            "pi_len": 4e-08,
            "res_freq": 5830500000.0,
            "res_amp": 0.4,
            "res_len": 2e-06,
            "qb_amp_spec": 1.0,
            "qb_lo": 4600000000.0,
            "res_lo": 5600000000.0,
            "flux_bias": -0.7602,
            "anharmnonicity": 208390000.0,
            "w125": 4326260000.0,
            "ro_delay": 2e-08,
            "ro_int_delay": 4e-08,
            "angle": -3.202479846348694,
            "ge": [
                -0.0003844919559967196,
                -0.0002091801419585255
            ]
        }
    },
    "data": {
        "x": [
            5730500000.0,
            5732500000.0,
            5734500000.0,
            5736500000.0,
            5738500000.0,
            5740500000.0,
            5742500000.0,
            5744500000.0,
            5746500000.0,
            5748500000.0,
            5750500000.0,
            5752500000.0,
            5754500000.0,
            5756500000.0,
            5758500000.0,
            5760500000.0,
            5762500000.0,
            5764500000.0,
            5766500000.0,
            5768500000.0,
            5770500000.0,
            5772500000.0,
            5774500000.0,
            5776500000.0,
            5778500000.0,
            5780500000.0,
            5782500000.0,
            5784500000.0,
            5786500000.0,
            5788500000.0,
            5790500000.0,
            5792500000.0,
            5794500000.0,
            5796500000.0,
            5798500000.0,
            5800500000.0,
            5802500000.0,
            5804500000.0,
            5806500000.0,
            5808500000.0,
            5810500000.0,
            5812500000.0,
            5814500000.0,
            5816500000.0,
            5818500000.0,
            5820500000.0,
            5822500000.0,
            5824500000.0,
            5826500000.0,
            5828500000.0,
            5830500000.0,
            5832500000.0,
            5834500000.0,
            5836500000.0,
            5838500000.0,
            5840500000.0,
            5842500000.0,
            5844500000.0,
            5846500000.0,
            5848500000.0,
            5850500000.0,
            5852500000.0,
            5854500000.0,
            5856500000.0,
            5858500000.0,
            5860500000.0,
            5862500000.0,
            5864500000.0,
            5866500000.0,
            5868500000.0,
            5870500000.0,
            5872500000.0,
            5874500000.0,
            5876500000.0,
            5878500000.0,
            5880500000.0,
            5882500000.0,
            5884500000.0,
            5886500000.0,
            5888500000.0,
            5890500000.0,
            5892500000.0,
            5894500000.0,
            5896500000.0,
            5898500000.0,
            5900500000.0,
            5902500000.0,
            5904500000.0,
            5906500000.0,
            5908500000.0,
            5910500000.0,
            5912500000.0,
            5914500000.0,
            5916500000.0,
            5918500000.0,
            5920500000.0,
            5922500000.0,
            5924500000.0,
            5926500000.0,
            5928500000.0,
            5930500000.0
        ],
        "a_e": [
            0.0004955353045123808,
            0.0004960458845783535,
            0.0004932500842071602,
            0.00047843121583741936,
            0.00047528710753399513,
            0.0004989411735014202,
            0.0004820165889676663,
            0.00047768557574739154,
            0.00044563117259349694,
            0.0004446722778095651,
            0.0004180817529052195,
            0.0003898894880601904,
            0.0003765051942332275,
            0.0003299130047536739,
            0.0003081275571732652,
            0.0002798746891279145,
            0.00027342813784401744,
            0.00025227923213766765,
            0.00024402078510256855,
            0.0002259878986641869,
            0.000237964029159045,
            0.00021186228313715012,
            0.00020088331612765065,
            0.00019161627453892775,
            0.00014187479647023696,
            0.00015938793709990487,
            0.0001415612270288902,
            7.450835030281239e-05,
            0.00010018411463957821,
            4.788674006087324e-05,
            4.403457499583065e-05,
            4.5786763224761946e-05,
            5.7330587814905795e-05,
            0.00010879158623180553,
            0.0001493026087583941,
            0.00014142392712952583,
            0.00019052006209499124,
            0.00021000892259470544,
            0.00022597208970197478,
            0.0002528902733772007,
            0.00027613652541991424,
            0.00029129124126146556,
            0.00033755289681367207,
            0.00037426600944731576,
            0.0003895387792870923,
            0.00046063809229926624,
            0.00046550670619902815,
            0.0005236866054921835,
            0.0005271101613372625,
            0.0004911660290247493,
            0.00046347391548291945,
            0.0004598291549675022,
            0.00043266862053386885,
            0.00042944135761350106,
            0.0003927154861780091,
            0.00034475344056077845,
            0.0003107029863206853,
            0.00026936339796227403,
            0.00022655057031071627,
            0.00018579745649555758,
            0.00014503296485117418,
            0.00010178204053926649,
            5.3225303678263586e-05,
            2.6301177042302328e-05,
            4.35836605535104e-05,
            6.40226578720446e-05,
            0.00010617119196011624,
            0.0001484460172635176,
            0.00017365751085989472,
            0.00019184402484858997,
            0.00023095968486445156,
            0.00024962139160342043,
            0.00026204168733736234,
            0.00029071926953604495,
            0.0003202308940667941,
            0.0003277742853055584,
            0.00036466952818383275,
            0.0004080018442646249,
            0.0004485025274962803,
            0.00047632864644963323,
            0.0005233014438723992,
            0.0005719377253240413,
            0.0006224091902973058,
            0.0006119775183443275,
            0.0006254810353420267,
            0.0006399356465569721,
            0.0006141293535042453,
            0.0006328696370925829,
            0.0006224617377602751,
            0.0006094814793881069,
            0.0005955374327714438,
            0.0006015508693286998,
            0.0005795831903334424,
            0.0005694816693158782,
            0.0005886210796594831,
            0.0005953463509499792,
            0.0006130630659407777,
            0.000625119125033304,
            0.0006430641017436212,
            0.0006750842194279387,
            0.000670299347226333
        ],