{
    "meta_data": {
        "type": "Resonator Spectroscopy",
        "plot_properties": {
            "x_label": "Resonator Frequency [GHz]",
            "y_label": "Amplitude [a.u.]",
            "title": "Resonator Spectroscopy"
        },
        "experiment_properties": {
            "qubit": "q4",
            "repetitions": 1000
        },
        "qubit_parameters": {
            "qb_freq": 4323900000.0,
            "drive_amp": 0.14,
            "drive_len": 4e-05,
            "pi_amp": 0.19,
            "pi_len": 4e-08,
            "res_freq": 5830500000.0,
            "res_amp": 0.4,
            "res_len": 2e-06,
            "qb_amp_spec": 1.0,
            "qb_lo": 4600000000.0,
            "res_lo": 5600000000.0,
            "flux_bias": -0.7602,
            "anharmnonicity": 208390000.0,
            "w125": 4326260000.0,
            "ro_delay": 2e-08,
            "ro_int_delay": 4e-08,
            "angle": -3.5668244250585124,
            "ge": [
                -0.000382542371110192,
                -0.00024099242929741507
            ]
        }
    },
    "data": {
        "x": [
            5730500000.0,
            5732500000.0,
            5734500000.0,
            5736500000.0,
            5738500000.0,
            5740500000.0,
            5742500000.0,
            5744500000.0,
            5746500000.0,
            5748500000.0,
            5750500000.0,
            5752500000.0,
            5754500000.0,
            5756500000.0,
            5758500000.0,
            5760500000.0,
            5762500000.0,
            5764500000.0,
            5766500000.0,
            5768500000.0,
            5770500000.0,
            5772500000.0,
            5774500000.0,
            5776500000.0,
            5778500000.0,
            5780500000.0,
            5782500000.0,
            5784500000.0,
            5786500000.0,
            5788500000.0,
            5790500000.0,
            5792500000.0,
            5794500000.0,
            5796500000.0,
            5798500000.0,
            5800500000.0,
            5802500000.0,
            5804500000.0,
            5806500000.0,
            5808500000.0,
            5810500000.0,
            5812500000.0,
            5814500000.0,
            5816500000.0,
            5818500000.0,
            5820500000.0,
            5822500000.0,
            5824500000.0,
            5826500000.0,
            5828500000.0,
            5830500000.0,
            5832500000.0,
            5834500000.0,
            5836500000.0,
            5838500000.0,
            5840500000.0,
            5842500000.0,
            5844500000.0,
            5846500000.0,
            5848500000.0,
            5850500000.0,
            5852500000.0,
            5854500000.0,
            5856500000.0,
            5858500000.0,
            5860500000.0,
            5862500000.0,
            5864500000.0,
            5866500000.0,
            5868500000.0,
            5870500000.0,
            5872500000.0,
            5874500000.0,
            5876500000.0,
            5878500000.0,
            5880500000.0,
            5882500000.0,
            5884500000.0,
            5886500000.0,
            5888500000.0,
            5890500000.0,
            5892500000.0,
            5894500000.0,
            5896500000.0,
            5898500000.0,
            5900500000.0,
            5902500000.0,
            5904500000.0,
            5906500000.0,
            5908500000.0,
            5910500000.0,
            5912500000.0,
            5914500000.0,
            5916500000.0,
            5918500000.0,
            5920500000.0,
            5922500000.0,
            5924500000.0,
            5926500000.0,
            5928500000.0,
            5930500000.0
        ],
        "a_e": [
            0.000517124702002353,
            0.0004864522882380216,
            0.0004841879553815321,
            0.0004928303350721232,
            0.0005020546498642102,
            0.00048554703887234075,
            0.00046183294976475,
            0.00046439419204201085,
            0.0004463551783685666,
            0.00044151183371306176,
            0.00043069785740200667,
            0.0004012021187924826,
            0.00038024698021851816,
            0.00034875456900720296,
            0.00030474916851395837,
            0.00027184249551984776,
            0.000283341207736796,
            0.00024248449099478563,
            0.00023741230060966826,
            0.00023304718642940984,
            0.00021505165943427323,
            0.00019450423824274578,
            0.0002064739157249289,
            0.0001621617818508694,
            0.00017796612258815672,
            0.00016431523788549307,
            0.0001268521178318834,
            0.00011974504367250525,
            9.058793457675014e-05,
            6.148833323219172e-05,
            2.308186893323386e-05,
            2.4854075265793147e-05,
            6.043402153903224e-05,
            8.887841437793309e-05,
            0.0001291781357741999,
            0.00014951873949023138,
            0.00019018174589867357,
            0.00018959456593820224,
            0.00021577588169200505,
            0.00024773151423890087,
            0.0002541513194699366,
            0.0002539761437638147,
            0.00029597845411972643,
            0.0003146661850625168,
            0.00035993299744275267,
            0.0003910539223814084,
            0.0004461527550836064,
            0.0004314333233400089,
            0.00046873978250952075,
            0.00045546913143025927,
            0.0004461108329731394,
            0.00043475035838423236,
            0.0003959860633794101,
            0.00038329908407251667,
            0.0003747390210622301,
            0.0003397469867811383,
            0.00029542307085122073,
            0.00027592384823932564,
            0.00025830036499073045,
            0.00018481699233879124,
            0.00016733896206027194,
            0.00014043815895727966,
            7.771309044820778e-05,
            4.066136292442531e-05,
            4.965767580561541e-05,
            8.101273084947641e-05,
            0.00011540295290187168,
            0.00016416840896527892,
            0.00016708037757632237,
            0.00017438911433026493,
            0.00022846839605578147,
            0.00024078518810139864,
            0.0002204712417476887,
            0.00028003184361263247,
            0.00028866396457214463,
            0.0003373205071036017,
            0.00037371258271337175,
            0.0003991550325829848,
            0.0004302210346469657,
            0.0004937027926910063,
            0.0005270711279777012,
            0.0005623612427754436,
            0.0006056985490748508,
            0.0006291139146715586,
            0.0006409499077443351,
            0.0006595125184233947,
            0.0006409450112545766,
            0.000641319564230147,
            0.0006358729134464753,
            0.0006146408539726011,
            0.0005589313293934169,
            0.0005812036449105908,
            0.000593441488601916,
            0.0005590808919965684,
            0.0005853829595496793,
            0.0005938721085098745,
            0.0006230670198264121,
            0.0006229391365229982,
            0.000643938653053857,
            0.0006755245531707703,
            0.0006636909047881256
        ],