{
    "meta_data": {
        "type": "Resonator Spectroscopy",
        "plot_properties": {
            "x_label": "Resonator Frequency [GHz]",
            "y_label": "Amplitude [a.u.]",
            "title": "Resonator Spectroscopy"
        },
        "experiment_properties": {
            "qubit": "q4",
            "repetitions": 1000
        },
        "qubit_parameters": {
            "qb_freq": 4323900000.0,
            "drive_amp": 0.14,
            "drive_len": 4e-05,
            "pi_amp": 0.1848182125313588,
            "pi_len": 4e-08,
            "res_freq": 5830500000.0,
            "res_amp": 0.6,
            "res_len": 2e-06,
            "qb_amp_spec": 1.0,
            "qb_lo": 4600000000.0,
            "res_lo": 5600000000.0,
            "flux_bias": -0.7602,
            "anharmnonicity": 208390000.0,
            "w125": 4326260000.0,
            "ro_delay": 2e-08,
            "ro_int_delay": 4e-08,
            "angle": -3.202479846348694,
            "ge": [
                -0.0003844919559967196,
                -0.0002091801419585255
            ]
        }
    },
    "data": {
        "x": [
            5730500000.0,
            5732500000.0,
            5734500000.0,
            5736500000.0,
            5738500000.0,
            5740500000.0,
            5742500000.0,
            5744500000.0,
            5746500000.0,
            5748500000.0,
            5750500000.0,
            5752500000.0,
            5754500000.0,
            5756500000.0,
            5758500000.0,
            5760500000.0,
            5762500000.0,
            5764500000.0,
            5766500000.0,
            5768500000.0,
            5770500000.0,
            5772500000.0,
            5774500000.0,
            5776500000.0,
            5778500000.0,
            5780500000.0,
            5782500000.0,
            5784500000.0,
            5786500000.0,
            5788500000.0,
            5790500000.0,
            5792500000.0,
            5794500000.0,
            5796500000.0,
            5798500000.0,
            5800500000.0,
            5802500000.0,
            5804500000.0,
            5806500000.0,
            5808500000.0,
            5810500000.0,
            5812500000.0,
            5814500000.0,
            5816500000.0,
            5818500000.0,
            5820500000.0,
            5822500000.0,
            5824500000.0,
            5826500000.0,
            5828500000.0,
            5830500000.0,
            5832500000.0,
            5834500000.0,
            5836500000.0,
            5838500000.0,
            5840500000.0,
            5842500000.0,
            5844500000.0,
            5846500000.0,
            5848500000.0,
            5850500000.0,
            5852500000.0,
            5854500000.0,
            5856500000.0,
            5858500000.0,
            5860500000.0,
            5862500000.0,
            5864500000.0,
            5866500000.0,
            5868500000.0,
            5870500000.0,
            5872500000.0,
            5874500000.0,
            5876500000.0,
            5878500000.0,
            5880500000.0,
            5882500000.0,
            5884500000.0,
            5886500000.0,
            5888500000.0,
            5890500000.0,
            5892500000.0,
            5894500000.0,
            5896500000.0,
            5898500000.0,
            5900500000.0,
            5902500000.0,
            5904500000.0,
            5906500000.0,
            5908500000.0,
            5910500000.0,
            5912500000.0,
            5914500000.0,
            5916500000.0,
            5918500000.0,
            5920500000.0,
            5922500000.0,
            5924500000.0,
            5926500000.0,
            5928500000.0,
            5930500000.0
        ],
        "a_e": [
            0.0007589910010066165,
            0.0007440261494111695,
            0.0007684196135534346,
            0.0007288371610025713,
            0.0007252777151748797,
            0.0007130592775312403,
            0.0007231588117957143,
            0.0006954262832933104,
            0.0006821209823502268,
            0.0006455533560994353,
            0.0006286630216318713,
            0.0006068315316185239,
            0.0005569266264371294,
            0.0005168565187047207,
            0.0004743741252722814,
            0.0004502700215185449,
            0.0004186892713763854,
            0.0003813468748305867,
            0.00035956080939614985,
            0.00035260867819542877,
            0.0003327994281886732,
            0.0003227779432319859,
            0.00026981559659185254,
            0.00024959559173304415,
            0.00021600574586129557,
            0.00022602708601569634,
            0.00017520694402345857,
            0.00014577142536592228,
            0.00012774313628305322,
            5.366336546627069e-05,
            4.357606156975626e-05,
            5.539935465514917e-05,
            0.00011123775728161611,
            0.00015118531204357368,
            0.0002327928896663336,
            0.0002461164534812065,
            0.00027418075615509856,
            0.000310700348474103,
            0.00035406761525648314,
            0.00036011891290952536,
            0.0003848904952111393,
            0.00040836978633581396,
            0.00041966042448961894,
            0.00044682542032039116,
            0.00044198741067227746,
            0.00045075359091726886,
            0.00045902063445078854,
            0.0003999722287109019,
            0.0003637032387465868,
            0.0003327560116563517,
            0.0003267097480438229,
            0.0002946891325570161,
            0.0002813093416749834,
            0.0002933312335432887,
            0.0002674851207775472,
            0.00027595671470473734,
            0.00028651043669173124,
            0.0002537748687419279,
            0.0002523917349594541,
            0.00022347301834775283,
            0.00018089993660261425,
            8.867276072722597e-05,
            6.314107066190059e-05,
            4.079177431538613e-05,
            8.513712583809558e-05,
            0.00016182722732088355,
            0.00017274559851051548,
            0.00024861247716399126,
            0.00026733325504186157,
            0.0002957552060551535,
            0.0003655699176956213,
            0.0003544302984038262,
            0.00037373867174818044,
            0.00040684369534797673,
            0.0004396323303887465,
            0.0004945816140521311,
            0.0005628854408827335,
            0.0006086634807159537,
            0.0006713776916106434,
            0.0007242373948496658,
            0.0007956746845384052,
            0.0008275430906946593,
            0.0008845737426316432,
            0.0009170512524631811,
            0.0009453297642309314,
            0.0009672786905505537,
            0.0009782498748294572,
            0.0009475421174012377,
            0.0009549134751238275,
            0.0009209536204019329,
            0.000921067785898963,
            0.0008882707756962457,
            0.0008864663101425241,
            0.000874142526316224,
            0.0008724413563734255,
            0.0009103977965098219,
            0.0009140839429339985,
            0.0009500705930291866,
            0.0009843375133860857,
            0.000990652750226209,
            0.0010186672635628985
        ],