{
    "meta_data": {
        "type": "Resonator Spectroscopy",
        "plot_properties": {
            "x_label": "Resonator Frequency [GHz]",
            "y_label": "Amplitude [a.u.]",
            "title": "Resonator Spectroscopy"
        },
        "experiment_properties": {
            "qubit": "q4",
            "repetitions": 1000
        },
        "qubit_parameters": {
            "qb_freq": 4323900000.0,
            "drive_amp": 0.14,
            "drive_len": 4e-05,
            "pi_amp": 0.1848182125313588,
            "pi_len": 4e-08,
            "res_freq": 5830500000.0,
            "res_amp": 0.2,
            "res_len": 2e-06,
            "qb_amp_spec": 1.0,
            "qb_lo": 4600000000.0,
            "res_lo": 5600000000.0,
            "flux_bias": -0.7602,
            "anharmnonicity": 208390000.0,
            "w125": 4326260000.0,
            "ro_delay": 2e-08,
            "ro_int_delay": 4e-08,
            "angle": -3.202479846348694,
            "ge": [
                -0.0003844919559967196,
                -0.0002091801419585255
            ]
        }
    },
    "data": {
        "x": [
            5730500000.0,
            5732500000.0,
            5734500000.0,
            5736500000.0,
            5738500000.0,
            5740500000.0,
            5742500000.0,
            5744500000.0,
            5746500000.0,
            5748500000.0,
            5750500000.0,
            5752500000.0,
            5754500000.0,
            5756500000.0,
            5758500000.0,
            5760500000.0,
            5762500000.0,
            5764500000.0,
            5766500000.0,
            5768500000.0,
            5770500000.0,
            5772500000.0,
            5774500000.0,
            5776500000.0,
            5778500000.0,
            5780500000.0,
            5782500000.0,
            5784500000.0,
            5786500000.0,
            5788500000.0,
            5790500000.0,
            5792500000.0,
            5794500000.0,
            5796500000.0,
            5798500000.0,
            5800500000.0,
            5802500000.0,
            5804500000.0,
            5806500000.0,
            5808500000.0,
            5810500000.0,
            5812500000.0,
            5814500000.0,
            5816500000.0,
            5818500000.0,
            5820500000.0,
            5822500000.0,
            5824500000.0,
            5826500000.0,
            5828500000.0,
            5830500000.0,
            5832500000.0,
            5834500000.0,
            5836500000.0,
            5838500000.0,
            5840500000.0,
            5842500000.0,
            5844500000.0,
            5846500000.0,
            5848500000.0,
            5850500000.0,
            5852500000.0,
            5854500000.0,
            5856500000.0,
            5858500000.0,
            5860500000.0,
            5862500000.0,
            5864500000.0,
            5866500000.0,
            5868500000.0,
            5870500000.0,
            5872500000.0,
            5874500000.0,
            5876500000.0,
            5878500000.0,
            5880500000.0,
            5882500000.0,
            5884500000.0,
            5886500000.0,
            5888500000.0,
            5890500000.0,
            5892500000.0,
            5894500000.0,
            5896500000.0,
            5898500000.0,
            5900500000.0,
            5902500000.0,
            5904500000.0,
            5906500000.0,
            5908500000.0,
            5910500000.0,
            5912500000.0,
            5914500000.0,
            5916500000.0,
            5918500000.0,
            5920500000.0,
            5922500000.0,
            5924500000.0,
            5926500000.0,
            5928500000.0,
            5930500000.0
        ],
        "a_e": [
            0.0002718645781183121,
            0.0002371657988469608,
            0.00024179271299810688,
            0.0002550718354509678,
            0.00024362056969587498,
            0.00023100549772488404,
            0.00022979299033923408,
            0.0002219857284892288,
            0.00024561489361925407,
            0.0002489686520890174,
            0.00018947735027086924,
            0.00019069515857760965,
            0.0001971892147943778,
            0.00016766318956749568,
            0.0001584360080607329,
            0.00015467054840151927,
            0.00012344021763677966,
            0.00013947431321135326,
            0.00011470000909403439,
            0.00011329618246136564,
            0.00010716430688895336,
            0.00010332918183960377,
            0.00010318825059691911,
            6.884234736697189e-05,
            7.183323034974782e-05,
            6.319514908107236e-05,
            6.326270723051077e-05,
            4.03025884854105e-05,
            4.25094796676656e-05,
            1.4334401918425538e-05,
            2.4847971763396305e-05,
            3.455006303462804e-05,
            1.646934716387027e-05,
            5.186942398708885e-05,
            6.371160143797382e-05,
            7.426969689744824e-05,
            9.113692269376548e-05,
            0.00010156892228576263,
            0.0001153731819076297,
            0.00010789874446479723,
            0.00014028436750791325,
            0.00015276126163820696,
            0.0001650880181648106,
            0.00018826748405802995,
            0.00019180612436191333,
            0.00023833047392297885,
            0.00022918859170464656,
            0.0002633736472534099,
            0.00027256735459724613,
            0.0002657012984380815,
            0.00027584453049510544,
            0.000271211254512781,
            0.0002636358435797297,
            0.00023550527776240894,
            0.0002329065911680847,
            0.00018188781326625218,
            0.0001487349752141003,
            0.00019064411973602937,
            0.00013774896558932525,
            0.00010560608549307599,
            8.464675226409573e-05,
            5.637345967248566e-05,
            2.9709878333580722e-05,
            3.068824383064941e-05,
            2.2290533599579576e-05,
            4.4442571902546735e-05,
            4.6494607385934536e-05,
            7.875887390738754e-05,
            6.904028463243123e-05,
            9.274733673501311e-05,
            0.00011293172680508341,
            0.00012079465047401541,
            0.00013840587358845895,
            0.00015152140461800536,
            0.00014542492699631598,
            0.00019525999447428532,
            0.0002059304677189888,
            0.00020679802869355663,
            0.00019988198616130125,
            0.00024307942076528359,
            0.00026158875492635,
            0.00028670513113205677,
            0.000316480349019515,
            0.00029155594839980946,
            0.0003223458607054139,
            0.00031555636558213763,
            0.0003383316141657568,
            0.00032577912822163687,
            0.0003305363297061435,
            0.0003100321103259111,
            0.0002907425637022416,
            0.00028991511639958124,
            0.00029227596559440407,
            0.00029647940172689447,
            0.0002798991821322051,
            0.00029691867539072037,
            0.00030374295069773415,
            0.00031739848650580774,
            0.0003488028498620813,
            0.0003399092452980941,
            0.0003416992927043371
        ],