{
    "meta_data": {
        "type": "Resonator Spectroscopy",
        "plot_properties": {
            "x_label": "Resonator Frequency [GHz]",
            "y_label": "Amplitude [a.u.]",
            "title": "Resonator Spectroscopy"
        },
        "experiment_properties": {
            "qubit": "q4",
            "repetitions": 1000
        },
        "qubit_parameters": {
            "qb_freq": 4323900000.0,
            "drive_amp": 0.14,
            "drive_len": 4e-05,
            "pi_amp": 0.1848182125313588,
            "pi_len": 4e-08,
            "res_freq": 5830500000.0,
            "res_amp": 0.4,
            "res_len": 2e-06,
            "qb_amp_spec": 1.0,
            "qb_lo": 4600000000.0,
            "res_lo": 5600000000.0,
            "flux_bias": -0.7602,
            "anharmnonicity": 208390000.0,
            "w125": 4326260000.0,
            "ro_delay": 2e-08,
            "ro_int_delay": 4e-08,
            "angle": -3.202479846348694,
            "ge": [
                -0.0003844919559967196,
                -0.0002091801419585255
            ]
        }
    },
    "data": {
        "x": [
            5730500000.0,
            5732500000.0,
            5734500000.0,
            5736500000.0,
            5738500000.0,
            5740500000.0,
            5742500000.0,
            5744500000.0,
            5746500000.0,
            5748500000.0,
            5750500000.0,
            5752500000.0,
            5754500000.0,
            5756500000.0,
            5758500000.0,
            5760500000.0,
            5762500000.0,
            5764500000.0,
            5766500000.0,
            5768500000.0,
            5770500000.0,
            5772500000.0,
            5774500000.0,
            5776500000.0,
            5778500000.0,
            5780500000.0,
            5782500000.0,
            5784500000.0,
            5786500000.0,
            5788500000.0,
            5790500000.0,
            5792500000.0,
            5794500000.0,
            5796500000.0,
            5798500000.0,
            5800500000.0,
            5802500000.0,
            5804500000.0,
            5806500000.0,
            5808500000.0,
            5810500000.0,
            5812500000.0,
            5814500000.0,
            5816500000.0,
            5818500000.0,
            5820500000.0,
            5822500000.0,
            5824500000.0,
            5826500000.0,
            5828500000.0,
            5830500000.0,
            5832500000.0,
            5834500000.0,
            5836500000.0,
            5838500000.0,
            5840500000.0,
            5842500000.0,
            5844500000.0,
            5846500000.0,
            5848500000.0,
            5850500000.0,
            5852500000.0,
            5854500000.0,
            5856500000.0,
            5858500000.0,
            5860500000.0,
            5862500000.0,
            5864500000.0,
            5866500000.0,
            5868500000.0,
            5870500000.0,
            5872500000.0,
            5874500000.0,
            5876500000.0,
            5878500000.0,
            5880500000.0,
            5882500000.0,
            5884500000.0,
            5886500000.0,
            5888500000.0,
            5890500000.0,
            5892500000.0,
            5894500000.0,
            5896500000.0,
            5898500000.0,
            5900500000.0,
            5902500000.0,
            5904500000.0,
            5906500000.0,
            5908500000.0,
            5910500000.0,
            5912500000.0,
            5914500000.0,
            5916500000.0,
            5918500000.0,
            5920500000.0,
            5922500000.0,
            5924500000.0,
            5926500000.0,
            5928500000.0,
            5930500000.0
        ],
        "a_e": [
            0.0005024116754077605,
            0.0005023492186705313,
            0.0004973629466018168,
            0.0004970811233351157,
            0.0004704039089694097,
            0.0004712935793675781,
            0.0004729419529399235,
            0.0004518271479426335,
            0.0004516698811793856,
            0.00045472637441982806,
            0.00045270577226686517,
            0.00040755315173690305,
            0.0003760712867771151,
            0.00035298806326418696,
            0.0002936752546098418,
            0.000298603240162653,
            0.0002445783206555615,
            0.00026228281629569415,
            0.0002341416516783944,
            0.00023003895712853155,
            0.00020959800408488415,
            0.00020083773737990262,
            0.00020545064646897387,
            0.00016369659968057659,
            0.00013426499349655606,
            0.00013248555544876286,
            0.00012289218361859663,
            0.0001025459509601697,
            7.187353951139539e-05,
            2.5569568892307755e-05,
            2.173907611448432e-05,
            4.2876591183185895e-05,
            5.9695194782704834e-05,
            9.410109708110895e-05,
            0.00011603975063142882,
            0.0001328520083773058,
            0.00017307242770310408,
            0.0002145905029400696,
            0.00021677692629396402,
            0.0002540237427899118,
            0.00027932263578341016,
            0.0002972501517985989,
            0.0003146269042540564,
            0.0003604453980216076,
            0.00039691834017916696,
            0.0004489351903087677,
            0.0004927480230604318,
            0.0004932957863659148,
            0.0004964470398887994,
            0.0004845393533267044,
            0.00046833421027656444,
            0.0004749954165933066,
            0.00044720371310704284,
            0.00040610255695613327,
            0.0003651027888847857,
            0.0003103232124734112,
            0.0002854045689530789,
            0.0002607141064195246,
            0.00022764564464122956,
            0.00021270965483744002,
            0.00012862508793681386,
            6.914917027960874e-05,
            8.280038470748872e-05,
            4.5942855768966813e-05,
            4.082976521907971e-05,
            9.000467892596227e-05,
            0.00013301213284341555,
            0.00017147033968660036,
            0.0001853004645670877,
            0.0002017699386211886,
            0.000211380156789973,
            0.00022173113554482712,
            0.0002536669776496311,
            0.00026830658915987486,
            0.0003023975639491183,
            0.0003171601230674516,
            0.00036574087649349056,
            0.0003965554643578217,
            0.0004532780371686004,
            0.00046563195460432304,
            0.0005288672881153625,
            0.0005765503744522757,
            0.0006025352674286667,
            0.0006167886450423643,
            0.0006383604210679179,
            0.000652201508814628,
            0.0006366216035368466,
            0.0006299178324853763,
            0.0006212732323766652,
            0.0006122777068748291,
            0.0005936332034680115,
            0.0005776578929213116,
            0.000597651379931706,
            0.000589055836408373,
            0.0005661743676623554,
            0.000583223840155111,
            0.0006120914938660638,
            0.0006485367378595087,
            0.0006616103480762557,
            0.000677532391795852,
            0.0006698955918749253
        ],