{
    "meta_data": {
        "type": "1d",
        "plot_properties": {
            "x_label": "Time [s]",
            "y_label": "Amplitude",
            "title": "T1 Experiment"
        },
        "experiment_properties": {
            "qubit": "q4",
            "repetitions": 1000
        },
        "qubit_parameters": {
            "qb_freq": 4323900000.0,
            "drive_amp": 0.14,
            "drive_len": 4e-05,
            "pi_amp": 0.1445,
            "pi_len": 4e-08,
            "res_freq": 5830500000.0,
            "res_amp": 0.3,
            "res_len": 2e-06,
            "qb_amp_spec": 1.0,
            "qb_lo": 4600000000.0,
            "res_lo": 5600000000.0,
            "flux_bias": -0.7602,
            "anharmnonicity": 208390000.0,
            "w125": 4326260000.0,
            "ro_delay": 2e-08,
            "ro_int_delay": 4e-08,
            "angle": -3.5466510990775424,
            "ge": [
                -0.00034676890731534407,
                -0.0002153785289778691
            ]
        }
    },
    "data": {
        "x_data": [
            0.0,
            1.01010101010101e-06,
            2.02020202020202e-06,
            3.03030303030303e-06,
            4.04040404040404e-06,
            5.050505050505051e-06,
            6.06060606060606e-06,
            7.0707070707070704e-06,
            8.08080808080808e-06,
            9.090909090909091e-06,
            1.0101010101010101e-05,
            1.1111111111111112e-05,
            1.212121212121212e-05,
            1.313131313131313e-05,
            1.4141414141414141e-05,
            1.5151515151515151e-05,
            1.616161616161616e-05,
            1.717171717171717e-05,
            1.8181818181818182e-05,
            1.919191919191919e-05,
            2.0202020202020203e-05,
            2.121212121212121e-05,
            2.2222222222222223e-05,
            2.3232323232323232e-05,
            2.424242424242424e-05,
            2.5252525252525253e-05,
            2.626262626262626e-05,
            2.7272727272727273e-05,
            2.8282828282828282e-05,
            2.9292929292929294e-05,
            3.0303030303030302e-05,
            3.131313131313131e-05,
            3.232323232323232e-05,
            3.3333333333333335e-05,
            3.434343434343434e-05,
            3.535353535353535e-05,
            3.6363636363636364e-05,
            3.7373737373737376e-05,
            3.838383838383838e-05,
            3.939393939393939e-05,
            4.0404040404040405e-05,
            4.141414141414141e-05,
            4.242424242424242e-05,
            4.3434343434343435e-05,
            4.4444444444444447e-05,
            4.545454545454545e-05,
            4.6464646464646464e-05,
            4.7474747474747476e-05,
            4.848484848484848e-05,
            4.949494949494949e-05,
            5.0505050505050505e-05,
            5.151515151515152e-05,
            5.252525252525252e-05,
            5.3535353535353534e-05,
            5.4545454545454546e-05,
            5.555555555555556e-05,
            5.6565656565656563e-05,
            5.7575757575757575e-05,
            5.858585858585859e-05,
            5.959595959595959e-05,
            6.0606060606060605e-05,
            6.161616161616162e-05,
            6.262626262626262e-05,
            6.363636363636364e-05,
            6.464646464646465e-05,
            6.565656565656565e-05,
            6.666666666666667e-05,
            6.767676767676768e-05,
            6.868686868686868e-05,
            6.96969696969697e-05,
            7.07070707070707e-05,
            7.171717171717172e-05,
            7.272727272727273e-05,
            7.373737373737373e-05,
            7.474747474747475e-05,
            7.575757575757576e-05,
            7.676767676767676e-05,
            7.777777777777778e-05,
            7.878787878787879e-05,
            7.979797979797979e-05,
            8.080808080808081e-05,
            8.181818181818182e-05,
            8.282828282828282e-05,
            8.383838383838384e-05,
            8.484848484848485e-05,
            8.585858585858586e-05,
            8.686868686868687e-05,
            8.787878787878787e-05,
            8.888888888888889e-05,
            8.98989898989899e-05,
            9.09090909090909e-05,
            9.191919191919192e-05,
            9.292929292929293e-05,
            9.393939393939393e-05,
            9.494949494949495e-05,
            9.595959595959596e-05,
            9.696969696969696e-05,
            9.797979797979798e-05,
            9.898989898989899e-05,
            0.0001
        ],
        "y_data": [
            1.2567064726768142,
            1.2104971808764147,
            1.0716465810754943,
            1.1006926874445104,
            1.1280439946708525,
            1.0104938113023554,
            1.0223195121933175,
            1.0204687823183636,
            0.9390955757936713,
            1.013688540840717,
            1.0138424309070937,
            0.8422539113061033,
            0.930357268281517,
            1.0419999788148315,
            0.9269286239582559,
            0.6262533439570558,
            0.5428774255597288,
            0.9026374642003565,
            0.5840187712010838,
            0.9260463134364372,
            0.8994068474069778,
            0.5993630367763904,
            0.6169859126640422,
            0.7308355654870001,
            0.766013906173116,
            0.4540037663537702,
            0.8035731039533721,
            0.6767438903639363,
            0.5623483348378105,
            0.7446806189441558,
            0.7521200881730682,
            0.6590730562677622,
            0.7197886131151119,
            0.5944019895644854,
            0.6925207156757702,
            0.7363997129225762,
            0.553716256119342,
            0.582501113736261,
            0.541006274178949,
            0.5235347188388159,
            0.5158100330166283,
            0.496159884567418,
            0.38084751457586413,
            0.7081651326927549,
            0.47379574159522747,
            0.5279345844631522,
            0.5925968818321942,
            0.4869411696932126,
            0.5515127628929681,
            0.5494187002476754,
            0.4398913728643068,
            0.6561205572534543,
            0.4911341396454746,
            0.19923222657482628,
            0.3115910557168709,
            0.318488902214255,
            0.6692135935837796,
            0.6274112406240039,
            0.45365646354989764,
            0.4798262927966534,
            0.43809649457140704,
            0.3435979727436827,
            0.5649213590748297,
            0.49241435800425415,
            0.4742993795784607,
            0.49444031278507156,
            0.35969876835849873,
            0.5752396309164444,
            0.3925912401870659,
            0.46871448195981097,
            0.46948083647967354,
            0.37025794987167565,
            0.36815908505724765,
            0.5152593527183255,
            0.34321595711720193,
            0.315322525952126,
            0.47789748057308074,
            0.2785218917098663,
            0.5512834680200385,
            0.36914751788541966,
            0.48524680366728645,
            0.46476499529363674,
            0.44970103970297043,
            0.5113347999586978,
            0.3272743339548119,
            0.46077429649385465,
            0.438665436423342,
            0.39578913567574026,
            0.3569944426805396,
            0.5165188280614479,
            0.3599841682328558,
            0.3713149426235278,
            0.4703732581785098,
            0.1848106373878271,
            0.4406002375354589,
            0.4640264994982602,
            0.4048087893761947,
            0.46510338848669175,
            0.45300493258016555,
            0.3584512677207154
        ]
    }
}