{
    "meta_data": {
        "type": "1d",
        "plot_properties": {
            "x_label": "Time [s]",
            "y_label": "Amplitude",
            "title": "T1 Experiment"
        },
        "experiment_properties": {
            "qubit": "q4",
            "repetitions": 1000
        },
        "qubit_parameters": {
            "qb_freq": 4323900000.0,
            "drive_amp": 0.14,
            "drive_len": 4e-05,
            "pi_amp": 0.1445,
            "pi_len": 4e-08,
            "res_freq": 5830500000.0,
            "res_amp": 0.3,
            "res_len": 2e-06,
            "qb_amp_spec": 1.0,
            "qb_lo": 4600000000.0,
            "res_lo": 5600000000.0,
            "flux_bias": -0.7602,
            "anharmnonicity": 208390000.0,
            "w125": 4326260000.0,
            "ro_delay": 2e-08,
            "ro_int_delay": 4e-08,
            "angle": -3.5466510990775424,
            "ge": [
                -0.00034676890731534407,
                -0.0002153785289778691
            ]
        }
    },
    "data": {
        "x_data": [
            0.0,
            1.01010101010101e-06,
            2.02020202020202e-06,
            3.03030303030303e-06,
            4.04040404040404e-06,
            5.050505050505051e-06,
            6.06060606060606e-06,
            7.0707070707070704e-06,
            8.08080808080808e-06,
            9.090909090909091e-06,
            1.0101010101010101e-05,
            1.1111111111111112e-05,
            1.212121212121212e-05,
            1.313131313131313e-05,
            1.4141414141414141e-05,
            1.5151515151515151e-05,
            1.616161616161616e-05,
            1.717171717171717e-05,
            1.8181818181818182e-05,
            1.919191919191919e-05,
            2.0202020202020203e-05,
            2.121212121212121e-05,
            2.2222222222222223e-05,
            2.3232323232323232e-05,
            2.424242424242424e-05,
            2.5252525252525253e-05,
            2.626262626262626e-05,
            2.7272727272727273e-05,
            2.8282828282828282e-05,
            2.9292929292929294e-05,
            3.0303030303030302e-05,
            3.131313131313131e-05,
            3.232323232323232e-05,
            3.3333333333333335e-05,
            3.434343434343434e-05,
            3.535353535353535e-05,
            3.6363636363636364e-05,
            3.7373737373737376e-05,
            3.838383838383838e-05,
            3.939393939393939e-05,
            4.0404040404040405e-05,
            4.141414141414141e-05,
            4.242424242424242e-05,
            4.3434343434343435e-05,
            4.4444444444444447e-05,
            4.545454545454545e-05,
            4.6464646464646464e-05,
            4.7474747474747476e-05,
            4.848484848484848e-05,
            4.949494949494949e-05,
            5.0505050505050505e-05,
            5.151515151515152e-05,
            5.252525252525252e-05,
            5.3535353535353534e-05,
            5.4545454545454546e-05,
            5.555555555555556e-05,
            5.6565656565656563e-05,
            5.7575757575757575e-05,
            5.858585858585859e-05,
            5.959595959595959e-05,
            6.0606060606060605e-05,
            6.161616161616162e-05,
            6.262626262626262e-05,
            6.363636363636364e-05,
            6.464646464646465e-05,
            6.565656565656565e-05,
            6.666666666666667e-05,
            6.767676767676768e-05,
            6.868686868686868e-05,
            6.96969696969697e-05,
            7.07070707070707e-05,
            7.171717171717172e-05,
            7.272727272727273e-05,
            7.373737373737373e-05,
            7.474747474747475e-05,
            7.575757575757576e-05,
            7.676767676767676e-05,
            7.777777777777778e-05,
            7.878787878787879e-05,
            7.979797979797979e-05,
            8.080808080808081e-05,
            8.181818181818182e-05,
            8.282828282828282e-05,
            8.383838383838384e-05,
            8.484848484848485e-05,
            8.585858585858586e-05,
            8.686868686868687e-05,
            8.787878787878787e-05,
            8.888888888888889e-05,
            8.98989898989899e-05,
            9.09090909090909e-05,
            9.191919191919192e-05,
            9.292929292929293e-05,
            9.393939393939393e-05,
            9.494949494949495e-05,
            9.595959595959596e-05,
            9.696969696969696e-05,
            9.797979797979798e-05,
            9.898989898989899e-05,
            0.0001
        ],
        "y_data": [
            1.4093822240667693,
            1.352654389493471,
            1.1165164885168315,
            1.3215050098368473,
            1.1898666655025212,
            1.2991999632386069,
            1.164220253749079,
            1.2483885827854746,
            0.97035623061724,
            1.168116164999934,
            1.2647403869618707,
            0.89852026612877,
            1.0513502260231833,
            0.9855511605074732,
            0.8695575613554213,
            0.9184463288883993,
            0.7937019560388573,
            0.9647550762737788,
            0.7815114126516366,
            0.8188769898393156,
            0.7893469860883131,
            0.8328953417031387,
            0.815328945058454,
            0.8156087896729722,
            0.9331225574454556,
            0.7881560947309126,
            0.628568501438706,
            0.7570263353653282,
            0.6920942625782028,
            0.6379205405012128,
            0.7321067866900881,
            0.6454139547793588,
            0.7944193402085791,
            0.6951506845258781,
            0.4180443487620958,
            0.6741412641843175,
            0.5478576691611756,
            0.5368207481008057,
            0.8244609326556798,
            0.7352043987571626,
            0.8171946507384775,
            0.7641803135913008,
            0.6764701897613363,
            0.568389318214127,
            0.5898991532492753,
            0.6491559892747534,
            0.6566333823289199,
            0.7293602766696524,
            0.6172601242010551,
            0.5608081194650509,
            0.5931266742306327,
            0.6073617467588417,
            0.6933336870733303,
            0.4605258661544244,
            0.4755601465924498,
            0.6809808549433293,
            0.6134320837779682,
            0.5493237719102081,
            0.5717338575109755,
            0.5814124538019056,
            0.6501368543348912,
            0.7321120885305535,
            0.354178563330304,
            0.43077267928903623,
            0.5468922370848961,
            0.4935772478007944,
            0.5630491453805151,
            0.5900230727630552,
            0.5738906575778608,
            0.5469663486847071,
            0.641573143043771,
            0.5418195537754239,
            0.5805267474604838,
            0.5027159922240598,
            0.4677324890554718,
            0.4708564495699593,
            0.6303202666967187,
            0.5173737831138188,
            0.5020010244976556,
            0.44106554673439907,
            0.5026204311060966,
            0.565337212075174,
            0.5704242675908445,
            0.6649216032111187,
            0.5100848608633886,
            0.5561844824862078,
            0.5223668594627657,
            0.5035254126786429,
            0.5550755484900253,
            0.4592204533023083,
            0.6116121174790643,
            0.6122395572256616,
            0.5593781113141595,
            0.3796716440758658,
            0.5354011895313886,
            0.6096899289723655,
            0.521360837794208,
            0.5816073143575585,
            0.501915248951212,
            0.4474727062584237
        ]
    }
}