{
    "meta_data": {
        "type": "1d",
        "plot_properties": {
            "x_label": "Time [s]",
            "y_label": "Amplitude",
            "title": "T1 Experiment"
        },
        "experiment_properties": {
            "qubit": "q4",
            "repetitions": 10000
        },
        "qubit_parameters": {
            "qb_freq": 4323900000.0,
            "drive_amp": 0.14,
            "drive_len": 4e-05,
            "pi_amp": 0.1445,
            "pi_len": 4e-08,
            "res_freq": 5830500000.0,
            "res_amp": 0.3,
            "res_len": 2e-06,
            "qb_amp_spec": 1.0,
            "qb_lo": 4600000000.0,
            "res_lo": 5600000000.0,
            "flux_bias": -0.7602,
            "anharmnonicity": 208390000.0,
            "w125": 4326260000.0,
            "ro_delay": 2e-08,
            "ro_int_delay": 4e-08,
            "angle": -3.5466510990775424,
            "ge": [
                -0.00034676890731534407,
                -0.0002153785289778691
            ]
        }
    },
    "data": {
        "x_data": [
            0.0,
            7.537688442211055e-07,
            1.507537688442211e-06,
            2.2613065326633164e-06,
            3.015075376884422e-06,
            3.7688442211055276e-06,
            4.522613065326633e-06,
            5.2763819095477384e-06,
            6.030150753768844e-06,
            6.78391959798995e-06,
            7.537688442211055e-06,
            8.291457286432161e-06,
            9.045226130653266e-06,
            9.798994974874372e-06,
            1.0552763819095477e-05,
            1.1306532663316583e-05,
            1.2060301507537688e-05,
            1.2814070351758793e-05,
            1.35678391959799e-05,
            1.4321608040201004e-05,
            1.507537688442211e-05,
            1.5829145728643217e-05,
            1.6582914572864322e-05,
            1.7336683417085427e-05,
            1.809045226130653e-05,
            1.8844221105527636e-05,
            1.9597989949748744e-05,
            2.035175879396985e-05,
            2.1105527638190954e-05,
            2.185929648241206e-05,
            2.2613065326633167e-05,
            2.336683417085427e-05,
            2.4120603015075376e-05,
            2.487437185929648e-05,
            2.5628140703517586e-05,
            2.6381909547738694e-05,
            2.71356783919598e-05,
            2.7889447236180903e-05,
            2.8643216080402008e-05,
            2.9396984924623116e-05,
            3.015075376884422e-05,
            3.0904522613065326e-05,
            3.1658291457286434e-05,
            3.2412060301507535e-05,
            3.3165829145728643e-05,
            3.3919597989949745e-05,
            3.467336683417085e-05,
            3.542713567839196e-05,
            3.618090452261306e-05,
            3.693467336683417e-05,
            3.768844221105527e-05,
            3.844221105527638e-05,
            3.919597989949749e-05,
            3.994974874371859e-05,
            4.07035175879397e-05,
            4.1457286432160806e-05,
            4.221105527638191e-05,
            4.2964824120603016e-05,
            4.371859296482412e-05,
            4.4472361809045225e-05,
            4.522613065326633e-05,
            4.5979899497487435e-05,
            4.673366834170854e-05,
            4.7487437185929644e-05,
            4.824120603015075e-05,
            4.899497487437186e-05,
            4.974874371859296e-05,
            5.050251256281407e-05,
            5.125628140703517e-05,
            5.201005025125628e-05,
            5.276381909547739e-05,
            5.351758793969849e-05,
            5.42713567839196e-05,
            5.50251256281407e-05,
            5.577889447236181e-05,
            5.6532663316582915e-05,
            5.7286432160804016e-05,
            5.8040201005025124e-05,
            5.879396984924623e-05,
            5.9547738693467334e-05,
            6.030150753768844e-05,
            6.105527638190955e-05,
            6.180904522613065e-05,
            6.256281407035175e-05,
            6.331658291457287e-05,
            6.407035175879397e-05,
            6.482412060301507e-05,
            6.557788944723619e-05,
            6.633165829145729e-05,
            6.708542713567839e-05,
            6.783919597989949e-05,
            6.85929648241206e-05,
            6.93467336683417e-05,
            7.010050251256281e-05,
            7.085427135678392e-05,
            7.160804020100502e-05,
            7.236180904522613e-05,
            7.311557788944724e-05,
            7.386934673366834e-05,
            7.462311557788944e-05,
            7.537688442211054e-05,
            7.613065326633166e-05,
            7.688442211055276e-05,
            7.763819095477386e-05,
            7.839195979899498e-05,
            7.914572864321608e-05,
            7.989949748743718e-05,
            8.06532663316583e-05,
            8.14070351758794e-05,
            8.21608040201005e-05,
            8.291457286432161e-05,
            8.366834170854271e-05,
            8.442211055276381e-05,
            8.517587939698492e-05,
            8.592964824120603e-05,
            8.668341708542713e-05,
            8.743718592964823e-05,
            8.819095477386935e-05,
            8.894472361809045e-05,
            8.969849246231155e-05,
            9.045226130653267e-05,
            9.120603015075377e-05,
            9.195979899497487e-05,
            9.271356783919597e-05,
            9.346733668341709e-05,
            9.422110552763819e-05,
            9.497487437185929e-05,
            9.57286432160804e-05,
            9.64824120603015e-05,
            9.72361809045226e-05,
            9.798994974874372e-05,
            9.874371859296482e-05,
            9.949748743718592e-05,
            0.00010025125628140704,
            0.00010100502512562814,
            0.00010175879396984924,
            0.00010251256281407034,
            0.00010326633165829146,
            0.00010402010050251256,
            0.00010477386934673366,
            0.00010552763819095478,
            0.00010628140703517588,
            0.00010703517587939698,
            0.00010778894472361809,
            0.0001085427135678392,
            0.0001092964824120603,
            0.0001100502512562814,
            0.00011080402010050251,
            0.00011155778894472361,
            0.00011231155778894471,
            0.00011306532663316583,
            0.00011381909547738693,
            0.00011457286432160803,
            0.00011532663316582915,
            0.00011608040201005025,
            0.00011683417085427135,
            0.00011758793969849247,
            0.00011834170854271357,
            0.00011909547738693467,
            0.00011984924623115577,
            0.00012060301507537688,
            0.00012135678391959799,
            0.0001221105527638191,
            0.0001228643216080402,
            0.0001236180904522613,
            0.0001243718592964824,
            0.0001251256281407035,
            0.0001258793969849246,
            0.00012663316582914574,
            0.00012738693467336684,
            0.00012814070351758794,
            0.00012889447236180904,
            0.00012964824120603014,
            0.00013040201005025124,
            0.00013115577889447237,
            0.00013190954773869347,
            0.00013266331658291457,
            0.00013341708542713568,
            0.00013417085427135678,
            0.00013492462311557788,
            0.00013567839195979898,
            0.0001364321608040201,
            0.0001371859296482412,
            0.0001379396984924623,
            0.0001386934673366834,
            0.0001394472361809045,
            0.00014020100502512561,
            0.00014095477386934672,
            0.00014170854271356784,
            0.00014246231155778895,
            0.00014321608040201005,
            0.00014396984924623115,
            0.00014472361809045225,
            0.00014547738693467335,
            0.00014623115577889448,
            0.00014698492462311558,
