{
    "meta_data": {
        "type": "1d",
        "plot_properties": {
            "x_label": "X90 Gate Number",
            "y_label": "Amplitude [a.u.]",
            "title": "T1 Experiment"
        },
        "experiment_properties": {
            "qubit": "q4",
            "repetitions": 10000
        },
        "qubit_parameters": {
            "qb_freq": 4323900000.0,
            "drive_amp": 0.14,
            "drive_len": 4e-05,
            "pi_amp": 0.15,
            "pi_len": 4e-08,
            "res_freq": 5830500000.0,
            "res_amp": 0.3,
            "res_len": 2e-06,
            "qb_amp_spec": 1.0,
            "qb_lo": 4600000000.0,
            "res_lo": 5600000000.0,
            "flux_bias": -0.7602,
            "anharmnonicity": 208390000.0,
            "w125": 4326260000.0,
            "ro_delay": 2e-08,
            "ro_int_delay": 4e-08,
            "angle": -3.3205998182416034,
            "ge": [
                -0.00035567786847977577,
                -0.00020136072245057325
            ]
        }
    },
    "data": {
        "x_data": [
            0,
            1,
            2,
            3,
            4,
            5,
            6,
            7,
            8,
            9,
            10,
            11,
            12,
            13,
            14,
            15,
            16,
            17,
            18,
            19,
            20,
            21,
            22,
            23,
            24,
            25,
            26,
            27,
            28,
            29,
            30,
            31,
            32,
            33,
            34,
            35,
            36,
            37,
            38,
            39
        ],
        "y_data": [
            0.2187211822505745,
            0.6854914029274206,
            1.0408309710188968,
            0.653837202563612,
            0.2900590070760172,
            0.6781639466710058,
            0.9992252969384993,
            0.5758286167873146,
            0.3100913505676369,
            0.7476045027594141,
            1.0133706448526734,
            0.5631032915569221,
            0.29224311716822904,
            0.7636851881364003,
            0.9639030377432662,
            0.5236850776995997,
            0.3252624286870749,
            0.8027471612409957,
            0.9619615921413678,
            0.49069668959385143,
            0.41280883694392184,
            0.8410783770254064,
            0.921701364371532,
            0.47443149886315805,
            0.35040213869762993,
            0.8656283939989499,
            0.913157167314789,
            0.4921200493751727,
            0.3303401421278736,
            0.9022343247759324,
            0.8816218729274132,
            0.44630727292745587,
            0.4369004447657083,
            0.9003497579064559,
            0.9057971719490324,
            0.46025491835406346,
            0.4742909102745068,
            0.9144236026092469,
            0.808675716251902,
            0.4424959952606018
        ]
    }
}