{
    "meta_data": {
        "type": "1d",
        "plot_properties": {
            "x_label": "X90 Gate Number",
            "y_label": "Amplitude [a.u.]",
            "title": "T1 Experiment"
        },
        "experiment_properties": {
            "qubit": "q4",
            "repetitions": 1000
        },
        "qubit_parameters": {
            "qb_freq": 4323900000.0,
            "drive_amp": 0.14,
            "drive_len": 4e-05,
            "pi_amp": 0.19,
            "pi_len": 4e-08,
            "res_freq": 5830500000.0,
            "res_amp": 0.4,
            "res_len": 2e-06,
            "qb_amp_spec": 1.0,
            "qb_lo": 4600000000.0,
            "res_lo": 5600000000.0,
            "flux_bias": -0.7602,
            "anharmnonicity": 208390000.0,
            "w125": 4326260000.0,
            "ro_delay": 2e-08,
            "ro_int_delay": 4e-08,
            "angle": -3.202479846348694,
            "ge": [
                -0.0003844919559967196,
                -0.0002091801419585255
            ]
        }
    },
    "data": {
        "x_data": [
            0,
            1,
            2,
            3,
            4,
            5,
            6,
            7,
            8,
            9,
            10,
            11,
            12,
            13,
            14,
            15,
            16,
            17,
            18,
            19,
            20,
            21,
            22,
            23,
            24,
            25,
            26,
            27,
            28,
            29,
            30,
            31,
            32,
            33,
            34,
            35,
            36,
            37,
            38,
            39
        ],
        "y_data": [
            -0.021907054081725646,
            0.4556968547950726,
            0.7352038791054396,
            -0.047253898899970906,
            0.13310995152323482,
            0.7150812630106382,
            0.35354811993198787,
            0.0882592142102643,
            0.5802539016954421,
            0.5009156123557142,
            0.010485051786735722,
            0.4474366556724174,
            0.7398972367434274,
            0.08180084958102539,
            0.11207806128820288,
            0.6938958587902995,
            0.2923369106824549,
            -0.1498379845579438,
            0.6035412587866735,
            0.5007931543210403,
            -0.20372577520626514,
            0.33505890203372657,
            0.7829657517877519,
            0.13374924428529142,
            0.09959659917893886,
            0.6310317066499088,
            0.45038692417171,
            -0.14163429806441707,
            0.4280327412455302,
            0.5247842608403482,
            0.13108260560583831,
            0.34653728291373376,
            0.6975082158000898,
            0.446114040676836,
            0.021087378521198522,
            0.6182588398937418,
            0.4450818990985623,
            -0.13645231079022754,
            0.39730042109800345,
            0.5258804224388736
        ]
    }
}