{
    "meta_data": {
        "type": "1d",
        "plot_properties": {
            "x_label": "X90 Gate Number",
            "y_label": "Amplitude [a.u.]",
            "title": "T1 Experiment"
        },
        "experiment_properties": {
            "qubit": "q4",
            "repetitions": 10000
        },
        "qubit_parameters": {
            "qb_freq": 4323900000.0,
            "drive_amp": 0.14,
            "drive_len": 4e-05,
            "pi_amp": 0.16,
            "pi_len": 4e-08,
            "res_freq": 5830500000.0,
            "res_amp": 0.3,
            "res_len": 2e-06,
            "qb_amp_spec": 1.0,
            "qb_lo": 4600000000.0,
            "res_lo": 5600000000.0,
            "flux_bias": -0.7602,
            "anharmnonicity": 208390000.0,
            "w125": 4326260000.0,
            "ro_delay": 2e-08,
            "ro_int_delay": 4e-08,
            "angle": -3.202479846348694,
            "ge": [
                -0.0003844919559967196,
                -0.0002091801419585255
            ]
        }
    },
    "data": {
        "x_data": [
            0,
            1,
            2,
            3,
            4,
            5,
            6,
            7,
            8,
            9,
            10,
            11,
            12,
            13,
            14,
            15,
            16,
            17,
            18,
            19,
            20,
            21,
            22,
            23,
            24,
            25,
            26,
            27,
            28,
            29,
            30,
            31,
            32,
            33,
            34,
            35,
            36,
            37,
            38,
            39
        ],
        "y_data": [
            0.08728777917081933,
            0.37756814157146984,
            0.6078031907605979,
            0.30219990711418127,
            0.10210825005932454,
            0.4763809138937701,
            0.6212119485857448,
            0.20717237363592317,
            0.19344302273721384,
            0.5311012487402189,
            0.5719285995329002,
            0.17656490896924992,
            0.23128771654298552,
            0.564050056169035,
            0.46492100009855514,
            0.1244305574991099,
            0.3355572235177181,
            0.6054181537619675,
            0.35093216918826975,
            0.1267553541492527,
            0.4314870291875006,
            0.5586097562417248,
            0.2602642518267083,
            0.16652423876537006,
            0.5144058085686704,
            0.5206858457616688,
            0.22703472759621748,
            0.2227464782374827,
            0.5336329441553803,
            0.5002329171577908,
            0.16776729275809693,
            0.3138606947302073,
            0.5980892264024458,
            0.39774532979249344,
            0.17018899975178559,
            0.37540828083857847,
            0.5985873141006143,
            0.30674615956030193,
            0.18894534402485427,
            0.45029089951307355
        ]
    }
}