{
    "meta_data": {
        "type": "1d",
        "plot_properties": {
            "x_label": "X90 Gate Number",
            "y_label": "Amplitude [a.u.]",
            "title": "T1 Experiment"
        },
        "experiment_properties": {
            "qubit": "q4",
            "repetitions": 10000
        },
        "qubit_parameters": {
            "qb_freq": 4323900000.0,
            "drive_amp": 0.14,
            "drive_len": 4e-05,
            "pi_amp": 0.1475,
            "pi_len": 4e-08,
            "res_freq": 5830500000.0,
            "res_amp": 0.3,
            "res_len": 2e-06,
            "qb_amp_spec": 1.0,
            "qb_lo": 4600000000.0,
            "res_lo": 5600000000.0,
            "flux_bias": -0.7602,
            "anharmnonicity": 208390000.0,
            "w125": 4326260000.0,
            "ro_delay": 2e-08,
            "ro_int_delay": 4e-08,
            "angle": -3.3205998182416034,
            "ge": [
                -0.00035567786847977577,
                -0.00020136072245057325
            ]
        }
    },
    "data": {
        "x_data": [
            0,
            1,
            2,
            3,
            4,
            5,
            6,
            7,
            8,
            9,
            10,
            11,
            12,
            13,
            14,
            15,
            16,
            17,
            18,
            19,
            20,
            21,
            22,
            23,
            24,
            25,
            26,
            27,
            28,
            29,
            30,
            31,
            32,
            33,
            34,
            35,
            36,
            37,
            38,
            39
        ],
        "y_data": [
            0.002224482989752515,
            0.32470675236344343,
            0.5868714483761645,
            0.29904445162281135,
            0.07979024489767399,
            0.36477436970862503,
            0.6181898631131898,
            0.31307058913000796,
            0.030339922416548384,
            0.36198311434867864,
            0.5598770433946206,
            0.2854837069494025,
            0.03750794006231272,
            0.34922262189806147,
            0.544318000192,
            0.3266073627313474,
            0.05441466790717798,
            0.34335933367493093,
            0.5998162703831827,
            0.25644964403837245,
            0.07826646601603349,
            0.4154836836255939,
            0.5902447276864695,
            0.26615501822102683,
            0.09656101808893272,
            0.37434283588709394,
            0.587997401135739,
            0.27259499636511564,
            0.09368795530212422,
            0.41322129382186706,
            0.5238152164395454,
            0.22235371141332352,
            0.1018951293509454,
            0.3825324462027109,
            0.5311108712988943,
            0.26159638196161294,
            0.10381152429439076,
            0.4017314785984775,
            0.5432690396346331,
            0.18843598769534173
        ]
    }
}