{
    "meta_data": {
        "type": "1d",
        "plot_properties": {
            "x_label": "X90 Gate Number",
            "y_label": "Amplitude [a.u.]",
            "title": "T1 Experiment"
        },
        "experiment_properties": {
            "qubit": "q4",
            "repetitions": 10000
        },
        "qubit_parameters": {
            "qb_freq": 4323900000.0,
            "drive_amp": 0.14,
            "drive_len": 4e-05,
            "pi_amp": 0.19,
            "pi_len": 4e-08,
            "res_freq": 5830500000.0,
            "res_amp": 0.4,
            "res_len": 2e-06,
            "qb_amp_spec": 1.0,
            "qb_lo": 4600000000.0,
            "res_lo": 5600000000.0,
            "flux_bias": -0.7602,
            "anharmnonicity": 208390000.0,
            "w125": 4326260000.0,
            "ro_delay": 2e-08,
            "ro_int_delay": 4e-08,
            "angle": -3.202479846348694,
            "ge": [
                -0.0003844919559967196,
                -0.0002091801419585255
            ]
        }
    },
    "data": {
        "x_data": [
            0,
            1,
            2,
            3,
            4,
            5,
            6,
            7,
            8,
            9,
            10,
            11,
            12,
            13,
            14,
            15,
            16,
            17,
            18,
            19,
            20,
            21,
            22,
            23,
            24,
            25,
            26,
            27,
            28,
            29,
            30,
            31,
            32,
            33,
            34,
            35,
            36,
            37,
            38,
            39
        ],
        "y_data": [
            -0.23931135566486894,
            0.31542049259906213,
            0.651008990726031,
            -0.12491482894627395,
            0.021806174539898734,
            0.7137374309444261,
            0.16597595859779374,
            -0.13179968115196172,
            0.594860853532389,
            0.4612411552646579,
            -0.17774825892422905,
            0.2749460956647269,
            0.6238690857688722,
            -0.025417995699383442,
            0.02330028350382015,
            0.6730752416820995,
            0.27094178005123826,
            -0.15807223771327814,
            0.4734714753805311,
            0.5076229019459082,
            -0.07782025693595179,
            0.2394343984710571,
            0.6727082142088224,
            0.043814566363328915,
            -0.04013659812780955,
            0.619866856309198,
            0.34217752816776137,
            -0.13603375029131706,
            0.38274182313715077,
            0.5649530551570563,
            -0.057689199994997116,
            0.15520378774836355,
            0.634177094109246,
            0.1871910254927439,
            -0.06970454692914332,
            0.5077734159292236,
            0.4017072191304833,
            -0.08533305410177153,
            0.2821192280444227,
            0.5448223540171744
        ]
    }
}