{
    "meta_data": {
        "type": "1d",
        "plot_properties": {
            "x_label": "X90 Gate Number",
            "y_label": "Amplitude [a.u.]",
            "title": "T1 Experiment"
        },
        "experiment_properties": {
            "qubit": "q4",
            "repetitions": 10000
        },
        "qubit_parameters": {
            "qb_freq": 4323900000.0,
            "drive_amp": 0.14,
            "drive_len": 4e-05,
            "pi_amp": 0.1485,
            "pi_len": 4e-08,
            "res_freq": 5830500000.0,
            "res_amp": 0.3,
            "res_len": 2e-06,
            "qb_amp_spec": 1.0,
            "qb_lo": 4600000000.0,
            "res_lo": 5600000000.0,
            "flux_bias": -0.7602,
            "anharmnonicity": 208390000.0,
            "w125": 4326260000.0,
            "ro_delay": 2e-08,
            "ro_int_delay": 4e-08,
            "angle": -3.3205998182416034,
            "ge": [
                -0.00035567786847977577,
                -0.00020136072245057325
            ]
        }
    },
    "data": {
        "x_data": [
            0,
            1,
            2,
            3,
            4,
            5,
            6,
            7,
            8,
            9,
            10,
            11,
            12,
            13,
            14,
            15,
            16,
            17,
            18,
            19,
            20,
            21,
            22,
            23,
            24,
            25,
            26,
            27,
            28,
            29,
            30,
            31,
            32,
            33,
            34,
            35,
            36,
            37,
            38,
            39
        ],
        "y_data": [
            0.018853174252435843,
            0.3134408514288069,
            0.5703102862072814,
            0.32564745944165174,
            -0.0007376766877748891,
            0.30666377085634217,
            0.6050004438480526,
            0.2987875393558235,
            0.03794067212787297,
            0.33091556742412337,
            0.5953539856937542,
            0.32303569090834355,
            0.056159500241219705,
            0.403326115956079,
            0.5547258596259403,
            0.28433632688254934,
            0.06701529687822723,
            0.3925779103653849,
            0.5481177181725058,
            0.25443842294689417,
            0.11579849852814654,
            0.4165157488979819,
            0.5637880416802584,
            0.2364708203431899,
            0.11661650475323264,
            0.43174861560776007,
            0.5061069561856529,
            0.21447302016224676,
            0.09284326611466012,
            0.41724122523744467,
            0.5399413256086817,
            0.22766402648518852,
            0.08960203289930478,
            0.43705081030868953,
            0.5539768938371297,
            0.23961333606979132,
            0.10917611871341479,
            0.4608700097210672,
            0.5347879984902996,
            0.18738592963622008
        ]
    }
}