{
    "meta_data": {
        "type": "1d",
        "plot_properties": {
            "x_label": "X90 Gate Number",
            "y_label": "Amplitude [a.u.]",
            "title": "T1 Experiment"
        },
        "experiment_properties": {
            "qubit": "q4",
            "repetitions": 10000
        },
        "qubit_parameters": {
            "qb_freq": 4323900000.0,
            "drive_amp": 0.14,
            "drive_len": 4e-05,
            "pi_amp": 0.1854517988336604,
            "pi_len": 4e-08,
            "res_freq": 5830500000.0,
            "res_amp": 0.3,
            "res_len": 2e-06,
            "qb_amp_spec": 1.0,
            "qb_lo": 4600000000.0,
            "res_lo": 5600000000.0,
            "flux_bias": -0.7602,
            "anharmnonicity": 208390000.0,
            "w125": 4326260000.0,
            "ro_delay": 2e-08,
            "ro_int_delay": 4e-08,
            "angle": -3.202479846348694,
            "ge": [
                -0.0003844919559967196,
                -0.0002091801419585255
            ]
        }
    },
    "data": {
        "x_data": [
            0,
            1,
            2,
            3,
            4,
            5,
            6,
            7,
            8,
            9,
            10,
            11,
            12,
            13,
            14,
            15,
            16,
            17,
            18,
            19,
            20,
            21,
            22,
            23,
            24,
            25,
            26,
            27,
            28,
            29,
            30,
            31,
            32,
            33,
            34,
            35,
            36,
            37,
            38,
            39
        ],
        "y_data": [
            0.13402234253918402,
            0.4759595297010669,
            0.699982416478471,
            0.24632806604832344,
            0.3105303602003729,
            0.6898680876635205,
            0.45046779108306334,
            0.1396890685827819,
            0.5648069329937111,
            0.6576800444345429,
            0.19415537462409524,
            0.35534385865096046,
            0.7175005348792243,
            0.34266117440187993,
            0.15533869352557983,
            0.6515226396275686,
            0.559877933865033,
            0.12760289774342634,
            0.43137628342734824,
            0.6986108057989082,
            0.2555877246192743,
            0.22829673504647477,
            0.6993300098780426,
            0.49182407744633927,
            0.13974215684241484,
            0.5085233720719542,
            0.7266098677463664,
            0.24751232810566492,
            0.30542004307237797,
            0.6610069683311893,
            0.4058682490204545,
            0.19688327405252398,
            0.555222529991357,
            0.6086106203066253,
            0.1985227064403397,
            0.3572238301755486,
            0.6449246786556293,
            0.35111426981181565,
            0.24894542955980803,
            0.6215109592719488
        ]
    }
}