{
    "meta_data": {
        "type": "1d",
        "plot_properties": {
            "x_label": "X90 Gate Number",
            "y_label": "Amplitude [a.u.]",
            "title": "T1 Experiment"
        },
        "experiment_properties": {
            "qubit": "q4",
            "repetitions": 10000
        },
        "qubit_parameters": {
            "qb_freq": 4323900000.0,
            "drive_amp": 0.14,
            "drive_len": 4e-05,
            "pi_amp": 0.147,
            "pi_len": 4e-08,
            "res_freq": 5830500000.0,
            "res_amp": 0.3,
            "res_len": 2e-06,
            "qb_amp_spec": 1.0,
            "qb_lo": 4600000000.0,
            "res_lo": 5600000000.0,
            "flux_bias": -0.7602,
            "anharmnonicity": 208390000.0,
            "w125": 4326260000.0,
            "ro_delay": 2e-08,
            "ro_int_delay": 4e-08,
            "angle": -3.3205998182416034,
            "ge": [
                -0.00035567786847977577,
                -0.00020136072245057325
            ]
        }
    },
    "data": {
        "x_data": [
            0,
            1,
            2,
            3,
            4,
            5,
            6,
            7,
            8,
            9,
            10,
            11,
            12,
            13,
            14,
            15,
            16,
            17,
            18,
            19,
            20,
            21,
            22,
            23,
            24,
            25,
            26,
            27,
            28,
            29,
            30,
            31,
            32,
            33,
            34,
            35,
            36,
            37,
            38,
            39
        ],
        "y_data": [
            0.0851668266617061,
            0.3948841835880383,
            0.7029283891941449,
            0.3938241524208852,
            0.05862847502596384,
            0.39430779648480524,
            0.680885503433623,
            0.3629334111198163,
            0.07060888957481234,
            0.40504718605635837,
            0.6736890544857445,
            0.34284520388220574,
            0.1228679668542635,
            0.426167195110141,
            0.6631488432622082,
            0.33431613633482055,
            0.08740380061237712,
            0.4388123296996584,
            0.687116875254595,
            0.3444825325237155,
            0.17381599119523058,
            0.45810954051021713,
            0.6464977886031933,
            0.26885885816337335,
            0.1120019135581515,
            0.48927559756726885,
            0.6688450298905947,
            0.3317716685288146,
            0.13893685620148558,
            0.43202185239604546,
            0.6523027350052369,
            0.34683814842793703,
            0.12392486845449342,
            0.43979605385127807,
            0.6473788396741038,
            0.32584213327247696,
            0.1731341108877271,
            0.4554210406591244,
            0.6036366273510351,
            0.35274667732283954
        ]
    }
}