{
    "meta_data": {
        "type": "1d",
        "plot_properties": {
            "x_label": "X90 Gate Number",
            "y_label": "Amplitude [a.u.]",
            "title": "T1 Experiment"
        },
        "experiment_properties": {
            "qubit": "q4",
            "repetitions": 10000
        },
        "qubit_parameters": {
            "qb_freq": 4323900000.0,
            "drive_amp": 0.14,
            "drive_len": 4e-05,
            "pi_amp": 0.145,
            "pi_len": 4e-08,
            "res_freq": 5830500000.0,
            "res_amp": 0.3,
            "res_len": 2e-06,
            "qb_amp_spec": 1.0,
            "qb_lo": 4600000000.0,
            "res_lo": 5600000000.0,
            "flux_bias": -0.7602,
            "anharmnonicity": 208390000.0,
            "w125": 4326260000.0,
            "ro_delay": 2e-08,
            "ro_int_delay": 4e-08,
            "angle": -3.3205998182416034,
            "ge": [
                -0.00035567786847977577,
                -0.00020136072245057325
            ]
        }
    },
    "data": {
        "x_data": [
            0,
            1,
            2,
            3,
            4,
            5,
            6,
            7,
            8,
            9,
            10,
            11,
            12,
            13,
            14,
            15,
            16,
            17,
            18,
            19,
            20,
            21,
            22,
            23,
            24,
            25,
            26,
            27,
            28,
            29,
            30,
            31,
            32,
            33,
            34,
            35,
            36,
            37,
            38,
            39
        ],
        "y_data": [
            0.10674732775801742,
            0.3990994835236722,
            0.654139288243447,
            0.42414108246553966,
            0.0776415777742016,
            0.36987659211853297,
            0.6783435837513792,
            0.37826123226214864,
            0.10460663027225872,
            0.38280976076491247,
            0.6688209729032039,
            0.409864640194176,
            0.08502103965124659,
            0.38725697522699093,
            0.6650781191833361,
            0.4026682438154893,
            0.1223282296317011,
            0.3391109708995718,
            0.6366242877265506,
            0.40100742232463454,
            0.12366757996470605,
            0.3578374354642771,
            0.6405228924110697,
            0.45002766499978225,
            0.10551685462935208,
            0.36782065269079467,
            0.601865250713488,
            0.39081810235007697,
            0.10699009368158922,
            0.36003390663968277,
            0.6957481349574028,
            0.4562911912508926,
            0.15810328824436537,
            0.3359854364604499,
            0.6442304999261554,
            0.4523821582073958,
            0.14126143134910643,
            0.3243468534749521,
            0.6187515520708493,
            0.452125632014482
        ]
    }
}