{
    "meta_data": {
        "type": "1d",
        "plot_properties": {
            "x_label": "X90 Gate Number",
            "y_label": "Amplitude [a.u.]",
            "title": "T1 Experiment"
        },
        "experiment_properties": {
            "qubit": "q4",
            "repetitions": 10000
        },
        "qubit_parameters": {
            "qb_freq": 4323900000.0,
            "drive_amp": 0.14,
            "drive_len": 4e-05,
            "pi_amp": 0.17,
            "pi_len": 4e-08,
            "res_freq": 5830500000.0,
            "res_amp": 0.3,
            "res_len": 2e-06,
            "qb_amp_spec": 1.0,
            "qb_lo": 4600000000.0,
            "res_lo": 5600000000.0,
            "flux_bias": -0.7602,
            "anharmnonicity": 208390000.0,
            "w125": 4326260000.0,
            "ro_delay": 2e-08,
            "ro_int_delay": 4e-08,
            "angle": -3.202479846348694,
            "ge": [
                -0.0003844919559967196,
                -0.0002091801419585255
            ]
        }
    },
    "data": {
        "x_data": [
            0,
            1,
            2,
            3,
            4,
            5,
            6,
            7,
            8,
            9,
            10,
            11,
            12,
            13,
            14,
            15,
            16,
            17,
            18,
            19,
            20,
            21,
            22,
            23,
            24,
            25,
            26,
            27,
            28,
            29,
            30,
            31,
            32,
            33,
            34,
            35,
            36,
            37,
            38,
            39
        ],
        "y_data": [
            0.2253517723688076,
            0.588035490705859,
            0.8266969940808963,
            0.37418749650904415,
            0.2923549579657231,
            0.6934490996846664,
            0.7210102376200317,
            0.23625534289876288,
            0.3935736534196968,
            0.8419439073848597,
            0.5310295280612931,
            0.19557438446797673,
            0.5986488288945487,
            0.8088408820808758,
            0.36180158461861667,
            0.3014935823969433,
            0.7645797451696,
            0.6671328678030631,
            0.25815225522065044,
            0.4430176856979034,
            0.8068626518674926,
            0.4956235567362262,
            0.274291538104271,
            0.616774675556373,
            0.7300621132758378,
            0.3793925969631722,
            0.3430417606471248,
            0.6970256911853996,
            0.5856893319480904,
            0.27333008840149786,
            0.5259970071275322,
            0.7877449285830812,
            0.46199394296694457,
            0.28914803633581576,
            0.6667948487647674,
            0.7106639558967829,
            0.39598451287398473,
            0.40409333980103185,
            0.7706298851426717,
            0.5439960638679894
        ]
    }
}