{
    "meta_data": {
        "type": "1d",
        "plot_properties": {
            "x_label": "X90 Gate Number",
            "y_label": "Amplitude [a.u.]",
            "title": "T1 Experiment"
        },
        "experiment_properties": {
            "qubit": "q4",
            "repetitions": 10000
        },
        "qubit_parameters": {
            "qb_freq": 4323900000.0,
            "drive_amp": 0.14,
            "drive_len": 4e-05,
            "pi_amp": 0.175,
            "pi_len": 4e-08,
            "res_freq": 5830500000.0,
            "res_amp": 0.3,
            "res_len": 2e-06,
            "qb_amp_spec": 1.0,
            "qb_lo": 4600000000.0,
            "res_lo": 5600000000.0,
            "flux_bias": -0.7602,
            "anharmnonicity": 208390000.0,
            "w125": 4326260000.0,
            "ro_delay": 2e-08,
            "ro_int_delay": 4e-08,
            "angle": -3.202479846348694,
            "ge": [
                -0.0003844919559967196,
                -0.0002091801419585255
            ]
        }
    },
    "data": {
        "x_data": [
            0,
            1,
            2,
            3,
            4,
            5,
            6,
            7,
            8,
            9,
            10,
            11,
            12,
            13,
            14,
            15,
            16,
            17,
            18,
            19,
            20,
            21,
            22,
            23,
            24,
            25,
            26,
            27,
            28,
            29,
            30,
            31,
            32,
            33,
            34,
            35,
            36,
            37,
            38,
            39
        ],
        "y_data": [
            0.09585745320702087,
            0.401421479521171,
            0.6249921412934479,
            0.23549733501574305,
            0.16700424545341389,
            0.6080091764448307,
            0.5181731047249072,
            0.10253416190029442,
            0.33749530415272827,
            0.6400434699841998,
            0.30075633721204253,
            0.1860101286773828,
            0.5463816289854556,
            0.5172597157546718,
            0.15900120436661597,
            0.2991221939934566,
            0.640908002667121,
            0.33334781546145986,
            0.10223576808175415,
            0.45326259381348727,
            0.5472524118803619,
            0.16640131845405182,
            0.2704726611522795,
            0.5875065597012439,
            0.45170336442826164,
            0.13415181165452275,
            0.41478594316314926,
            0.6027298112938191,
            0.2517636134816547,
            0.20179174173651399,
            0.6252365824241911,
            0.44907079582143716,
            0.13680578231170087,
            0.3453072629506617,
            0.6076799964521417,
            0.31464763676471047,
            0.22499379324717111,
            0.5052353013224669,
            0.4938661523310144,
            0.2629696065588281
        ]
    }
}