{
    "meta_data": {
        "type": "1d",
        "plot_properties": {
            "x_label": "X90 Gate Number",
            "y_label": "Amplitude [a.u.]",
            "title": "T1 Experiment"
        },
        "experiment_properties": {
            "qubit": "q4",
            "repetitions": 10000
        },
        "qubit_parameters": {
            "qb_freq": 4323900000.0,
            "drive_amp": 0.14,
            "drive_len": 4e-05,
            "pi_amp": 0.145,
            "pi_len": 4e-08,
            "res_freq": 5830500000.0,
            "res_amp": 0.3,
            "res_len": 2e-06,
            "qb_amp_spec": 1.0,
            "qb_lo": 4600000000.0,
            "res_lo": 5600000000.0,
            "flux_bias": -0.7602,
            "anharmnonicity": 208390000.0,
            "w125": 4326260000.0,
            "ro_delay": 2e-08,
            "ro_int_delay": 4e-08,
            "angle": -3.3205998182416034,
            "ge": [
                -0.00035567786847977577,
                -0.00020136072245057325
            ]
        }
    },
    "data": {
        "x_data": [
            0,
            1,
            2,
            3,
            4,
            5,
            6,
            7,
            8,
            9,
            10,
            11,
            12,
            13,
            14,
            15,
            16,
            17,
            18,
            19,
            20,
            21,
            22,
            23,
            24,
            25,
            26,
            27,
            28,
            29,
            30,
            31,
            32,
            33,
            34,
            35,
            36,
            37,
            38,
            39
        ],
        "y_data": [
            0.06622541360163665,
            0.31775564588339117,
            0.6135121971261525,
            0.389162811521811,
            0.08370236056197491,
            0.2662610507607972,
            0.5725503999684581,
            0.32750799146731063,
            0.009658751431516663,
            0.3108797805632478,
            0.5997154883113357,
            0.3712243003864011,
            0.08909961104153705,
            0.3457138760517388,
            0.5579894204940641,
            0.3931254985308771,
            0.10784051251867495,
            0.3351560657437426,
            0.5928543866521021,
            0.3893351992844524,
            0.13934061619097127,
            0.2787965703901085,
            0.6009903093073032,
            0.3558321387376613,
            0.11452375703981278,
            0.32793559507254966,
            0.5803685444733427,
            0.39874588134335887,
            0.09712234119814413,
            0.2496643515565776,
            0.5684294174889244,
            0.41285955971934435,
            0.13555157019234101,
            0.27119885853295456,
            0.584449255900517,
            0.4020669549126679,
            0.12792682029101957,
            0.3146380198384383,
            0.5329647171423036,
            0.4492753873082855
        ]
    }
}