{
    "meta_data": {
        "type": "1d",
        "plot_properties": {
            "x_label": "X90 Gate Number",
            "y_label": "Amplitude [a.u.]",
            "title": "T1 Experiment"
        },
        "experiment_properties": {
            "qubit": "q4",
            "repetitions": 10000
        },
        "qubit_parameters": {
            "qb_freq": 4323900000.0,
            "drive_amp": 0.14,
            "drive_len": 4e-05,
            "pi_amp": 0.18,
            "pi_len": 4e-08,
            "res_freq": 5830500000.0,
            "res_amp": 0.3,
            "res_len": 2e-06,
            "qb_amp_spec": 1.0,
            "qb_lo": 4600000000.0,
            "res_lo": 5600000000.0,
            "flux_bias": -0.7602,
            "anharmnonicity": 208390000.0,
            "w125": 4326260000.0,
            "ro_delay": 2e-08,
            "ro_int_delay": 4e-08,
            "angle": -3.202479846348694,
            "ge": [
                -0.0003844919559967196,
                -0.0002091801419585255
            ]
        }
    },
    "data": {
        "x_data": [
            0,
            1,
            2,
            3,
            4,
            5,
            6,
            7,
            8,
            9,
            10,
            11,
            12,
            13,
            14,
            15,
            16,
            17,
            18,
            19,
            20,
            21,
            22,
            23,
            24,
            25,
            26,
            27,
            28,
            29,
            30,
            31,
            32,
            33,
            34,
            35,
            36,
            37,
            38,
            39
        ],
        "y_data": [
            0.10317848821346964,
            0.41633058290102465,
            0.621199491634504,
            0.23038565196923363,
            0.20459215617081872,
            0.5498529186397639,
            0.4092797611400938,
            0.08960923705398913,
            0.4216319428739606,
            0.5684517142515634,
            0.2052891568126475,
            0.17170135724739774,
            0.5639268341193757,
            0.45234727807665354,
            0.13450843548601704,
            0.45713420740632243,
            0.5720507890189159,
            0.191764544011427,
            0.21296563275495026,
            0.5840182832987318,
            0.39141918779443285,
            0.15844941039006333,
            0.4172390792899616,
            0.5773073997838886,
            0.2151995055978103,
            0.23912376283948525,
            0.5484946891194046,
            0.40839626402594353,
            0.1498918403050091,
            0.38379899982739457,
            0.5092913206294599,
            0.2187938023554166,
            0.2440711267212984,
            0.5415752676529121,
            0.3443240247008017,
            0.1387088776829695,
            0.3750357472544922,
            0.555673203599442,
            0.2532687088828395,
            0.2337363964656803
        ]
    }
}