{
    "meta_data": {
        "type": "1d",
        "plot_properties": {
            "x_label": "Rabi Amplitude [s]",
            "y_label": "State",
            "title": "Power Rabi Experiment"
        },
        "experiment_properties": {
            "qubit": "q1",
            "repetitions": 1000
        },
        "qubit_parameters": {
            "qb_freq": 4723300000,
            "drive_amp": 1,
            "drive_len": 4e-05,
            "pi_amp": 0.1243972088933144,
            "pi_len": 4e-08,
            "res_freq": 5250000000.0,
            "res_amp": 0.35,
            "res_len": 2e-06,
            "qb_amp_spec": 1.0,
            "qb_lo": 4600000000.0,
            "res_lo": 5600000000.0,
            "flux_bias": -0.01807,
            "anharmnonicity": 190300000,
            "w125": 4628150000.0,
            "ro_delay": 1e-07,
            "ro_int_delay": 4e-08,
            "angle": -2.735605892550369,
            "ge": [
                8.165806686073743e-05,
                0.0002852209554720563
            ]
        }
    },
    "data": {
        "x_data": [
            0.0,
            0.0037696123907064974,
            0.007539224781412995,
            0.011308837172119491,
            0.01507844956282599,
            0.01884806195353249,
            0.022617674344238982,
            0.026387286734945486,
            0.03015689912565198,
            0.033926511516358476,
            0.03769612390706498,
            0.04146573629777147,
            0.045235348688477964,
            0.049004961079184464,
            0.05277457346989097,
            0.05654418586059745,
            0.06031379825130396,
            0.06408341064201047,
            0.06785302303271695,
            0.07162263542342345,
            0.07539224781412995,
            0.07916186020483644,
            0.08293147259554294,
            0.08670108498624944,
            0.09047069737695593,
            0.09424030976766244,
            0.09800992215836893,
            0.10177953454907543,
            0.10554914693978194,
            0.10931875933048842,
            0.1130883717211949,
            0.11685798411190143,
            0.12062759650260792,
            0.1243972088933144,
            0.12816682128402093,
            0.1319364336747274,
            0.1357060460654339,
            0.1394756584561404,
            0.1432452708468469,
            0.1470148832375534,
            0.1507844956282599,
            0.1545541080189664,
            0.15832372040967288,
            0.16209333280037938,
            0.16586294519108588,
            0.16963255758179238,
            0.17340216997249888,
            0.17717178236320538,
            0.18094139475391186,
            0.18471100714461836,
            0.18848061953532488,
            0.1922502319260314,
            0.19601984431673786,
            0.19978945670744436,
            0.20355906909815086,
            0.20732868148885733,
            0.2110982938795639,
            0.21486790627027036,
            0.21863751866097683,
            0.22240713105168336,
            0.2261767434423898,
            0.22994635583309633,
            0.23371596822380286,
            0.23748558061450936,
            0.24125519300521583,
            0.2450248053959223,
            0.2487944177866288,
            0.2525640301773353,
            0.25633364256804186,
            0.2601032549587483,
            0.2638728673494548,
            0.2676424797401613,
            0.2714120921308678,
            0.2751817045215743,
            0.2789513169122808,
            0.2827209293029873,
            0.2864905416936938,
            0.29026015408440026,
            0.2940297664751068,
            0.2977993788658133,
            0.3015689912565198,
            0.3053386036472263,
            0.3091082160379328,
            0.31287782842863926,
            0.31664744081934576,
            0.3204170532100523,
            0.32418666560075876,
            0.3279562779914653,
            0.33172589038217176,
            0.33549550277287826,
            0.33926511516358476,
            0.34303472755429126,
            0.34680433994499776,
            0.35057395233570426,
            0.35434356472641076,
            0.3581131771171172,
            0.3618827895078237,
            0.36565240189853027,
            0.3694220142892367,
            0.3731916266799432
        ],
        "y_data": [
            -0.02522132529741586,
            -0.01911140964643428,
            -0.0022880164037812232,
            -0.015668746635384853,
            0.10652321786924851,
            0.00753633996470656,
            0.06892147143261117,
            0.1501139340050783,
            0.17817479557776594,
            0.1887610656097631,
            0.18838458102462394,
            0.23752034070301964,
            0.27600954787523596,
            0.2939361062979036,
            0.42626609443612756,
            0.36456676632975843,
            0.44925057377494915,
            0.4872110083349458,
            0.5055795307300812,
            0.6360923334439827,
            0.5891862903999976,
            0.7005672216008951,
            0.6220443753435515,
            0.7110876791567067,
            0.7366145209886362,
            0.7946284670758056,
            0.8505875285249705,
            0.9713899702358494,
            0.8771102115314999,
            0.9227755663250384,
            0.8974109929594187,
            0.9079597934690291,
            1.0515414967557142,
            0.9667153546261581,
            0.9686617296210313,
            1.0175872348892332,
            0.9389154770948283,
            1.027403595142485,
            1.02641591167087,
            1.044273293353809,
            0.9188956425693978,
            0.9434442652133914,
            0.9830719007047779,
            0.8689824125239188,
            0.8791537040679771,
            0.8493312092207588,
            0.7891385160336267,
            0.7823094711236394,
            0.7076637335584728,
            0.630404809821122,
            0.6485027355212831,
            0.5490836516938195,
            0.48817758725693794,
            0.48167833335975246,
            0.40073181593284574,
            0.33600413282986363,
            0.3615725413753863,
            0.438802589481124,
            0.36085799968840376,
            0.18870117834815298,
            0.1232716654582218,
            0.2413527814525148,
            0.1798282364366481,
            0.09310239206650267,
            0.09418683454657702,
            0.06863534281746017,
            0.030849899858946803,
            0.07005324127909754,
            0.07848859100938067,
            0.055408820169652644,
            0.09905333973877577,
            0.052728698337726816,
            0.0752481050037466,
            0.052098948582863784,
            0.08731073191353787,
            0.08135953938130161,
            0.04560062422829167,
            0.11882097973723653,
            0.09283139222826906,
            0.12167197549183115,
            0.2359560126789277,
            0.24348106294710356,
            0.3005560107287851,
            0.3473989337648442,
            0.32986873488999785,
            0.4728399966708219,
            0.3566479624053537,
            0.501082510961239,
            0.5677453283015118,
            0.39844998642326857,
            0.6163974479164541,
            0.6006222182258845,
            0.6881564087800939,
            0.7347451295035741,
            0.8417119714694052,
            0.7772545833648435,
            0.8004879524472445,
            0.9038740892020365,
            0.889415777526008,
            0.8915270959418498
        ]
    }
}