{
    "meta_data": {
        "type": "1d",
        "plot_properties": {
            "x_label": "Rabi Amplitude [s]",
            "y_label": "State",
            "title": "Power Rabi Experiment"
        },
        "experiment_properties": {
            "qubit": "q1",
            "repetitions": 1000
        },
        "qubit_parameters": {
            "qb_freq": 4723300000,
            "drive_amp": 1,
            "drive_len": 4e-05,
            "pi_amp": 0.1243972088933144,
            "pi_len": 4e-08,
            "res_freq": 5250000000.0,
            "res_amp": 0.35,
            "res_len": 2e-06,
            "qb_amp_spec": 1.0,
            "qb_lo": 4600000000.0,
            "res_lo": 5600000000.0,
            "flux_bias": -0.01807,
            "anharmnonicity": 190300000,
            "w125": 4628150000.0,
            "ro_delay": 1e-07,
            "ro_int_delay": 4e-08,
            "angle": -2.735605892550369,
            "ge": [
                8.165806686073743e-05,
                0.0002852209554720563
            ]
        }
    },
    "data": {
        "x_data": [
            0.0,
            0.0037696123907064974,
            0.007539224781412995,
            0.011308837172119491,
            0.01507844956282599,
            0.01884806195353249,
            0.022617674344238982,
            0.026387286734945486,
            0.03015689912565198,
            0.033926511516358476,
            0.03769612390706498,
            0.04146573629777147,
            0.045235348688477964,
            0.049004961079184464,
            0.05277457346989097,
            0.05654418586059745,
            0.06031379825130396,
            0.06408341064201047,
            0.06785302303271695,
            0.07162263542342345,
            0.07539224781412995,
            0.07916186020483644,
            0.08293147259554294,
            0.08670108498624944,
            0.09047069737695593,
            0.09424030976766244,
            0.09800992215836893,
            0.10177953454907543,
            0.10554914693978194,
            0.10931875933048842,
            0.1130883717211949,
            0.11685798411190143,
            0.12062759650260792,
            0.1243972088933144,
            0.12816682128402093,
            0.1319364336747274,
            0.1357060460654339,
            0.1394756584561404,
            0.1432452708468469,
            0.1470148832375534,
            0.1507844956282599,
            0.1545541080189664,
            0.15832372040967288,
            0.16209333280037938,
            0.16586294519108588,
            0.16963255758179238,
            0.17340216997249888,
            0.17717178236320538,
            0.18094139475391186,
            0.18471100714461836,
            0.18848061953532488,
            0.1922502319260314,
            0.19601984431673786,
            0.19978945670744436,
            0.20355906909815086,
            0.20732868148885733,
            0.2110982938795639,
            0.21486790627027036,
            0.21863751866097683,
            0.22240713105168336,
            0.2261767434423898,
            0.22994635583309633,
            0.23371596822380286,
            0.23748558061450936,
            0.24125519300521583,
            0.2450248053959223,
            0.2487944177866288,
            0.2525640301773353,
            0.25633364256804186,
            0.2601032549587483,
            0.2638728673494548,
            0.2676424797401613,
            0.2714120921308678,
            0.2751817045215743,
            0.2789513169122808,
            0.2827209293029873,
            0.2864905416936938,
            0.29026015408440026,
            0.2940297664751068,
            0.2977993788658133,
            0.3015689912565198,
            0.3053386036472263,
            0.3091082160379328,
            0.31287782842863926,
            0.31664744081934576,
            0.3204170532100523,
            0.32418666560075876,
            0.3279562779914653,
            0.33172589038217176,
            0.33549550277287826,
            0.33926511516358476,
            0.34303472755429126,
            0.34680433994499776,
            0.35057395233570426,
            0.35434356472641076,
            0.3581131771171172,
            0.3618827895078237,
            0.36565240189853027,
            0.3694220142892367,
            0.3731916266799432
        ],
        "y_data": [
            -0.009921393909285786,
            -0.08251150663898826,
            0.07714613122580243,
            -0.013875812591224666,
            0.03400592404731054,
            -0.04140537992365053,
            0.001158337681207547,
            0.10588059826150123,
            0.13200103054149942,
            0.09587638580634993,
            0.1678943212735117,
            0.1991394746468344,
            0.35170861748733695,
            0.31172593471884574,
            0.37501917264251444,
            0.3714664858879944,
            0.3700078610351477,
            0.5280841453429387,
            0.5053481516131016,
            0.6400784180376016,
            0.5974656521072378,
            0.6917640356997201,
            0.7613826931385124,
            0.8113200681607686,
            0.7979132704216642,
            0.6998010706373746,
            0.7972956906365518,
            0.8915455420590783,
            0.9578570131095446,
            0.9398840297665643,
            1.0427641767904101,
            0.9825203448808395,
            0.8756272725138852,
            0.9817802197887127,
            1.0669813036543276,
            1.0045427647979617,
            1.0135629121574725,
            1.0098248013130768,
            1.0376860531098422,
            0.8854884163656719,
            0.9679020078011601,
            0.9817321968349558,
            0.9855799616545373,
            0.7910139705289522,
            0.8865939296899491,
            0.8040611225142338,
            0.8033043717280056,
            0.7649625163910607,
            0.6940222357271794,
            0.7167885336036377,
            0.7180085521704692,
            0.5754477123674184,
            0.4981224124142096,
            0.5233372524253206,
            0.5007126141334909,
            0.5112542505891166,
            0.347221242425305,
            0.34234589022123696,
            0.21159085755822088,
            0.31870636950560316,
            0.23118977615466108,
            0.17668195972358108,
            0.025177740620498344,
            0.1319263003381516,
            0.05314984590886851,
            0.027299327623866262,
            0.06277312962011515,
            0.08334958437406738,
            0.029149354353781097,
            -0.009941978998905707,
            0.013237606807365018,
            0.027807058801514226,
            0.05951760703180082,
            0.03251981837243845,
            0.10751302279965416,
            0.0847972457129337,
            0.022760757002805054,
            0.10518891909310822,
            -0.02477626868743697,
            0.201026393941652,
            0.2258038003852826,
            0.16433269993911942,
            0.247609792182774,
            0.2325321007861139,
            0.4024520454033133,
            0.45074868551870567,
            0.3907202963408975,
            0.38900135362440663,
            0.5144494907032486,
            0.5320926741114042,
            0.5281935306661003,
            0.6823997880548203,
            0.6364934818050116,
            0.6786153917380263,
            0.7413457815307081,
            0.793919927597152,
            0.8002885491996311,
            0.9360375880499417,
            0.9475164955735014,
            0.9144930604308212
        ]
    }
}