{
    "meta_data": {
        "type": "1d",
        "plot_properties": {
            "x_label": "Rabi Amplitude [s]",
            "y_label": "State",
            "title": "Power Rabi Experiment"
        },
        "experiment_properties": {
            "qubit": "q1",
            "repetitions": 1000
        },
        "qubit_parameters": {
            "qb_freq": 4723300000,
            "drive_amp": 1,
            "drive_len": 4e-05,
            "pi_amp": 0.1277679833823185,
            "pi_len": 4e-08,
            "res_freq": 5250000000.0,
            "res_amp": 0.35,
            "res_len": 2e-06,
            "qb_amp_spec": 1.0,
            "qb_lo": 4600000000.0,
            "res_lo": 5600000000.0,
            "flux_bias": -0.01807,
            "anharmnonicity": 190300000,
            "w125": 4628150000.0,
            "ro_delay": 1e-07,
            "ro_int_delay": 4e-08,
            "angle": -2.735605892550369,
            "ge": [
                8.165806686073743e-05,
                0.0002852209554720563
            ]
        }
    },
    "data": {
        "x_data": [
            0.0,
            0.0038717570721914702,
            0.0077435141443829405,
            0.011615271216574411,
            0.015487028288765881,
            0.01935878536095735,
            0.023230542433148822,
            0.027102299505340294,
            0.030974056577531762,
            0.03484581364972324,
            0.0387175707219147,
            0.04258932779410617,
            0.046461084866297644,
            0.05033284193848912,
            0.05420459901068059,
            0.05807635608287205,
            0.061948113155063524,
            0.065819870227255,
            0.06969162729944647,
            0.07356338437163794,
            0.0774351414438294,
            0.08130689851602087,
            0.08517865558821235,
            0.08905041266040382,
            0.09292216973259529,
            0.09679392680478677,
            0.10066568387697825,
            0.10453744094916971,
            0.10840919802136118,
            0.11228095509355263,
            0.1161527121657441,
            0.12002446923793558,
            0.12389622631012705,
            0.1277679833823185,
            0.13163974045451,
            0.1355114975267015,
            0.13938325459889295,
            0.1432550116710844,
            0.14712676874327588,
            0.15099852581546735,
            0.1548702828876588,
            0.15874203995985028,
            0.16261379703204173,
            0.1664855541042332,
            0.1703573111764247,
            0.17422906824861617,
            0.17810082532080765,
            0.18197258239299913,
            0.18584433946519058,
            0.18971609653738203,
            0.19358785360957353,
            0.19745961068176504,
            0.2013313677539565,
            0.20520312482614794,
            0.20907488189833942,
            0.21294663897053087,
            0.21681839604272235,
            0.2206901531149138,
            0.22456191018710525,
            0.22843366725929676,
            0.2323054243314882,
            0.23617718140367971,
            0.24004893847587117,
            0.24392069554806264,
            0.2477924526202541,
            0.2516642096924455,
            0.255535966764637,
            0.2594077238368285,
            0.26327948090902,
            0.26715123798121143,
            0.271022995053403,
            0.27489475212559444,
            0.2787665091977859,
            0.28263826626997735,
            0.2865100233421688,
            0.2903817804143603,
            0.29425353748655175,
            0.2981252945587432,
            0.3019970516309347,
            0.30586880870312616,
            0.3097405657753176,
            0.31361232284750906,
            0.31748407991970057,
            0.321355836991892,
            0.32522759406408347,
            0.329099351136275,
            0.3329711082084664,
            0.33684286528065793,
            0.3407146223528494,
            0.3445863794250409,
            0.34845813649723234,
            0.3523298935694238,
            0.3562016506416153,
            0.36007340771380675,
            0.36394516478599825,
            0.3678169218581897,
            0.37168867893038116,
            0.3755604360025726,
            0.37943219307476406,
            0.3833039501469555
        ],
        "y_data": [
            0.13987063677912537,
            0.12632221547392947,
            0.07675334246983338,
            -0.013661527078883524,
            0.06383012167913134,
            0.14687308814451852,
            0.2517590708199724,
            0.20307077934131465,
            0.1989004546433105,
            0.2570404064606181,
            0.18674769184009726,
            0.26185005358322133,
            0.2912040691970972,
            0.3991890891176543,
            0.33942287457559994,
            0.49500680961604854,
            0.4670997002735412,
            0.5290953594935287,
            0.5812508257542901,
            0.5749511466058258,
            0.635429031595699,
            0.6330567833315277,
            0.7175524814883798,
            0.8038812991416546,
            0.7833474807527139,
            0.8433098106117014,
            0.9062411118043209,
            0.857413821816991,
            0.9058124872475007,
            0.9039842167053295,
            0.8855335013303156,
            0.9173028070297504,
            0.9210323540538942,
            0.8714842260749406,
            0.9300458009741688,
            0.8917919541238398,
            0.9010423990528816,
            0.8312685205545751,
            0.8765643264792602,
            0.7912168992974125,
            0.8238575908906308,
            0.6604352535617144,
            0.7795099379278718,
            0.62666877879941,
            0.6085003350820699,
            0.5458310604857125,
            0.5706244723776266,
            0.6596025786732894,
            0.43993445515674573,
            0.510317075019873,
            0.45754261499858406,
            0.3787090923364982,
            0.30528949351546236,
            0.3327696979384622,
            0.26390922773159337,
            0.22633030283832908,
            0.08451003257632618,
            0.10518036419487929,
            0.13886021867124976,
            0.04784844133415282,
            0.050216134409939585,
            0.08576776519506261,
            0.018641600106425328,
            0.04867395943838993,
            0.03280567172665919,
            0.15253046193871053,
            0.11245833456835341,
            -0.00674760200788289,
            0.17694452362389185,
            0.08129699236551617,
            0.1339432719961838,
            0.17190066282457303,
            0.2166657696409718,
            0.2925876201834899,
            0.368583443879186,
            0.263875368654494,
            0.39940307095076977,
            0.4078497285190302,
            0.37950786981616963,
            0.46138534118831526,
            0.4168002738557184,
            0.49446099759221884,
            0.5036027379154054,
            0.5635939298577494,
            0.6363230956195975,
            0.6942785608203302,
            0.6707302905900966,
            0.6924940085210645,
            0.6943145829923273,
            0.9028003078784982,
            0.8093943555797143,
            0.8154608797981865,
            0.8571266883176993,
            0.8669596673257013,
            0.9040783989013824,
            0.8703969629138325,
            0.8718368078997033,
            0.9376012072688772,
            0.9267626792644137,
            0.8934107484544861
        ]
    }
}