{
    "meta_data": {
        "type": "1d",
        "plot_properties": {
            "x_label": "Rabi Amplitude [s]",
            "y_label": "State",
            "title": "Power Rabi Experiment"
        },
        "experiment_properties": {
            "qubit": "q1",
            "repetitions": 1000
        },
        "qubit_parameters": {
            "qb_freq": 4723300000,
            "drive_amp": 1,
            "drive_len": 4e-05,
            "pi_amp": 0.1243972088933144,
            "pi_len": 4e-08,
            "res_freq": 5250000000.0,
            "res_amp": 0.35,
            "res_len": 2e-06,
            "qb_amp_spec": 1.0,
            "qb_lo": 4600000000.0,
            "res_lo": 5600000000.0,
            "flux_bias": -0.01807,
            "anharmnonicity": 190300000,
            "w125": 4628150000.0,
            "ro_delay": 1e-07,
            "ro_int_delay": 4e-08,
            "angle": -2.735605892550369,
            "ge": [
                8.165806686073743e-05,
                0.0002852209554720563
            ]
        }
    },
    "data": {
        "x_data": [
            0.0,
            0.0037696123907064974,
            0.007539224781412995,
            0.011308837172119491,
            0.01507844956282599,
            0.01884806195353249,
            0.022617674344238982,
            0.026387286734945486,
            0.03015689912565198,
            0.033926511516358476,
            0.03769612390706498,
            0.04146573629777147,
            0.045235348688477964,
            0.049004961079184464,
            0.05277457346989097,
            0.05654418586059745,
            0.06031379825130396,
            0.06408341064201047,
            0.06785302303271695,
            0.07162263542342345,
            0.07539224781412995,
            0.07916186020483644,
            0.08293147259554294,
            0.08670108498624944,
            0.09047069737695593,
            0.09424030976766244,
            0.09800992215836893,
            0.10177953454907543,
            0.10554914693978194,
            0.10931875933048842,
            0.1130883717211949,
            0.11685798411190143,
            0.12062759650260792,
            0.1243972088933144,
            0.12816682128402093,
            0.1319364336747274,
            0.1357060460654339,
            0.1394756584561404,
            0.1432452708468469,
            0.1470148832375534,
            0.1507844956282599,
            0.1545541080189664,
            0.15832372040967288,
            0.16209333280037938,
            0.16586294519108588,
            0.16963255758179238,
            0.17340216997249888,
            0.17717178236320538,
            0.18094139475391186,
            0.18471100714461836,
            0.18848061953532488,
            0.1922502319260314,
            0.19601984431673786,
            0.19978945670744436,
            0.20355906909815086,
            0.20732868148885733,
            0.2110982938795639,
            0.21486790627027036,
            0.21863751866097683,
            0.22240713105168336,
            0.2261767434423898,
            0.22994635583309633,
            0.23371596822380286,
            0.23748558061450936,
            0.24125519300521583,
            0.2450248053959223,
            0.2487944177866288,
            0.2525640301773353,
            0.25633364256804186,
            0.2601032549587483,
            0.2638728673494548,
            0.2676424797401613,
            0.2714120921308678,
            0.2751817045215743,
            0.2789513169122808,
            0.2827209293029873,
            0.2864905416936938,
            0.29026015408440026,
            0.2940297664751068,
            0.2977993788658133,
            0.3015689912565198,
            0.3053386036472263,
            0.3091082160379328,
            0.31287782842863926,
            0.31664744081934576,
            0.3204170532100523,
            0.32418666560075876,
            0.3279562779914653,
            0.33172589038217176,
            0.33549550277287826,
            0.33926511516358476,
            0.34303472755429126,
            0.34680433994499776,
            0.35057395233570426,
            0.35434356472641076,
            0.3581131771171172,
            0.3618827895078237,
            0.36565240189853027,
            0.3694220142892367,
            0.3731916266799432
        ],
        "y_data": [
            0.057827086245533905,
            0.11264876126954218,
            0.024551356450959714,
            -0.07466591980892782,
            0.07586284824645116,
            0.14008991333719445,
            0.10932519569930457,
            0.12493962641378896,
            0.05014800980802855,
            0.18486135842478676,
            0.17399896268714796,
            0.2709640047789229,
            0.2942426207441619,
            0.3150866783587205,
            0.38745546015195814,
            0.3663259833882959,
            0.39614716075012507,
            0.44155545983596656,
            0.5176584195137047,
            0.526723256625287,
            0.6057721384164759,
            0.5483973667144136,
            0.6207561379979001,
            0.7174610449622788,
            0.6682655777845132,
            0.7678277787907994,
            0.66528522657583,
            0.7491808307907728,
            0.8373765784421111,
            0.8943563222908888,
            0.8656326538769686,
            0.9215180422172828,
            0.9008716110459893,
            0.8332290362949352,
            0.8785221312464243,
            0.9580803088737305,
            0.949745339501889,
            0.9296182083980032,
            0.884462010984004,
            0.9039249070620943,
            0.8416879173650837,
            0.9108433731123317,
            0.8606646223420469,
            0.8778961294020913,
            0.7569463755093766,
            0.7533544949689229,
            0.739059204513585,
            0.751919113307645,
            0.5892750965815544,
            0.6910663460618658,
            0.5803249913979985,
            0.5973209798528594,
            0.5305315900687683,
            0.43811691912996575,
            0.4895610718238265,
            0.34923541719436463,
            0.41004043179063787,
            0.3272512896084129,
            0.32295547632715627,
            0.24896850657038788,
            0.14325055880300153,
            0.31979869442773223,
            0.16014860095945993,
            0.14506158043124592,
            0.11061391086885188,
            0.2090241243941993,
            0.06602993004038324,
            0.09674984689658274,
            0.024637291393352887,
            -0.004819504603138368,
            0.1335438842476839,
            0.09405333828250335,
            0.1132989057775355,
            0.05994710859043238,
            0.0718243365241905,
            0.03959626767440682,
            0.15608215140933177,
            0.1226533246575962,
            0.12175153284004077,
            0.1085331672343276,
            0.09393637353562216,
            0.22629882825447456,
            0.34198759532777817,
            0.3076500093194529,
            0.3905093090030406,
            0.3371319518724092,
            0.40162218029122726,
            0.39619150122152025,
            0.5019875160288382,
            0.3851427435902602,
            0.3756171259598062,
            0.6335861048133814,
            0.6714653383902738,
            0.5144899329115048,
            0.6350961707461112,
            0.6669650614221639,
            0.7668137287586921,
            0.8001115550996634,
            0.8028485736632841,
            0.821820881735159
        ]
    }
}