{
    "meta_data": {
        "type": "1d",
        "plot_properties": {
            "x_label": "Qubit Frequency [MHz]",
            "y_label": "Amplitude [a.u.]",
            "title": "Qubit Spectroscopy Experiment"
        },
        "experiment_properties": {
            "qubit": "q1",
            "repetitions": 1000
        },
        "qubit_parameters": {
            "qb_freq": 4723300000,
            "drive_amp": 1,
            "drive_len": 4e-05,
            "pi_amp": 0.1243972088933144,
            "pi_len": 4e-08,
            "res_freq": 5250000000.0,
            "res_amp": 0.35,
            "res_len": 2e-06,
            "qb_amp_spec": 1.0,
            "qb_lo": 4600000000.0,
            "res_lo": 5600000000.0,
            "flux_bias": -0.01807,
            "anharmnonicity": 190300000,
            "w125": 4628150000.0,
            "ro_delay": 1e-07,
            "ro_int_delay": 4e-08,
            "angle": -2.735605892550369,
            "ge": [
                8.165806686073743e-05,
                0.0002852209554720563
            ]
        }
    },
    "data": {
        "x_data": [
            4698300000.0,
            4698800000.0,
            4699300000.0,
            4699800000.0,
            4700300000.0,
            4700800000.0,
            4701300000.0,
            4701800000.0,
            4702300000.0,
            4702800000.0,
            4703300000.0,
            4703800000.0,
            4704300000.0,
            4704800000.0,
            4705300000.0,
            4705800000.0,
            4706300000.0,
            4706800000.0,
            4707300000.0,
            4707800000.0,
            4708300000.0,
            4708800000.0,
            4709300000.0,
            4709800000.0,
            4710300000.0,
            4710800000.0,
            4711300000.0,
            4711800000.0,
            4712300000.0,
            4712800000.0,
            4713300000.0,
            4713800000.0,
            4714300000.0,
            4714800000.0,
            4715300000.0,
            4715800000.0,
            4716300000.0,
            4716800000.0,
            4717300000.0,
            4717800000.0,
            4718300000.0,
            4718800000.0,
            4719300000.0,
            4719800000.0,
            4720300000.0,
            4720800000.0,
            4721300000.0,
            4721800000.0,
            4722300000.0,
            4722800000.0,
            4723300000.0,
            4723800000.0,
            4724300000.0,
            4724800000.0,
            4725300000.0,
            4725800000.0,
            4726300000.0,
            4726800000.0,
            4727300000.0,
            4727800000.0,
            4728300000.0,
            4728800000.0,
            4729300000.0,
            4729800000.0,
            4730300000.0,
            4730800000.0,
            4731300000.0,
            4731800000.0,
            4732300000.0,
            4732800000.0,
            4733300000.0,
            4733800000.0,
            4734300000.0,
            4734800000.0,
            4735300000.0,
            4735800000.0,
            4736300000.0,
            4736800000.0,
            4737300000.0,
            4737800000.0,
            4738300000.0,
            4738800000.0,
            4739300000.0,
            4739800000.0,
            4740300000.0,
            4740800000.0,
            4741300000.0,
            4741800000.0,
            4742300000.0,
            4742800000.0,
            4743300000.0,
            4743800000.0,
            4744300000.0,
            4744800000.0,
            4745300000.0,
            4745800000.0,
            4746300000.0,
            4746800000.0,
            4747300000.0,
            4747800000.0,
            4748300000.0
        ],
        "y_data": [
            0.05603588505649794,
            0.03178287811205984,
            0.03392913351755164,
            0.08633521213321281,
            0.041313670515825435,
            0.08085486085728408,
            0.00021488497314996435,
            0.025644391169581233,
            0.09964291131117291,
            -0.008917033194103403,
            0.05499426432124537,
            0.06682937303687782,
            0.008411149932631399,
            0.11190349940531248,
            0.011366877349305391,
            0.047938776486087326,
            0.15575240302397286,
            0.005656172328145868,
            -0.0057489903799339305,
            0.04502047398168554,
            0.08807000564958956,
            0.052386243009013726,
            0.07838378929289885,
            0.02492503687732978,
            0.044016608603999564,
            0.1481307345170331,
            0.0865325322536898,
            0.048196869131118335,
            0.1385962794576234,
            0.12817469443837465,
            0.0549086489194519,
            0.10447848351935492,
            0.15553329003632452,
            0.14586397199110324,
            0.04310914634519079,
            0.09996703386539321,
            0.11461650550071902,
            0.20286872592243949,
            0.1947453182023767,
            0.183814354735687,
            0.12830765835507896,
            0.06470654190697621,
            0.17673806933458464,
            0.3342447637664907,
            0.3125442537418971,
            0.3809356829584227,
            0.3745872479285384,
            0.42474094466704043,
            0.4378394296765939,
            0.6367032260076708,
            0.5867688177232683,
            0.5366847451474237,
            0.5934418891498059,
            0.5607579908429979,
            0.4555445580292082,
            0.389944147424547,
            0.3704921537280578,
            0.34248382634828745,
            0.18034549402169078,
            0.2375063949202565,
            0.1599384883102975,
            0.19717849066549212,
            0.03768842590532361,
            0.14288562691580287,
            0.08310597018961423,
            0.10255310402715749,
            0.09361128013312667,
            0.15039875802220673,
            0.08003251304520227,
            0.05306881213108316,
            -0.034888769056926845,
            0.0330864738941084,
            0.025796739668150603,
            -0.11266259628704248,
            0.09672108526859606,
            0.014300073353574947,
            0.1003607703384668,
            -0.022853261792453932,
            0.06645016789562924,
            0.07432006822956724,
            0.053888892097108905,
            0.12007856134247334,
            0.08405716721359337,
            0.022373338643761984,
            0.055361031501609544,
            0.017828059983222753,
            0.03945702827111496,
            -0.026530465951505877,
            0.060023278543928214,
            0.040844944770293184,
            0.07996448162886426,
            0.04820874698722862,
            0.046324007970464,
            0.03840589566806064,
            -0.011517619487209061,
            0.10118130731033487,
            -0.013976570318192598,
            0.04173167290865424,
            0.05751485046944675,
            0.011627114914742914,
            -0.02415116631519561
        ]
    }
}