{
    "meta_data": {
        "type": "1d",
        "plot_properties": {
            "x_label": "Qubit Frequency [MHz]",
            "y_label": "Amplitude [a.u.]",
            "title": "Qubit Spectroscopy Experiment"
        },
        "experiment_properties": {
            "qubit": "q1",
            "repetitions": 1000
        },
        "qubit_parameters": {
            "qb_freq": 4723300000,
            "drive_amp": 1,
            "drive_len": 4e-05,
            "pi_amp": 0.1243972088933144,
            "pi_len": 4e-08,
            "res_freq": 5250000000.0,
            "res_amp": 0.35,
            "res_len": 2e-06,
            "qb_amp_spec": 1.0,
            "qb_lo": 4600000000.0,
            "res_lo": 5600000000.0,
            "flux_bias": -0.01807,
            "anharmnonicity": 190300000,
            "w125": 4628150000.0,
            "ro_delay": 1e-07,
            "ro_int_delay": 4e-08,
            "angle": -2.735605892550369,
            "ge": [
                8.165806686073743e-05,
                0.0002852209554720563
            ]
        }
    },
    "data": {
        "x_data": [
            4721300000.0,
            4721340000.0,
            4721380000.0,
            4721420000.0,
            4721460000.0,
            4721500000.0,
            4721540000.0,
            4721580000.0,
            4721620000.0,
            4721660000.0,
            4721700000.0,
            4721740000.0,
            4721780000.0,
            4721820000.0,
            4721860000.0,
            4721900000.0,
            4721940000.0,
            4721980000.0,
            4722020000.0,
            4722060000.0,
            4722100000.0,
            4722140000.0,
            4722180000.0,
            4722220000.0,
            4722260000.0,
            4722300000.0,
            4722340000.0,
            4722380000.0,
            4722420000.0,
            4722460000.0,
            4722500000.0,
            4722540000.0,
            4722580000.0,
            4722620000.0,
            4722660000.0,
            4722700000.0,
            4722740000.0,
            4722780000.0,
            4722820000.0,
            4722860000.0,
            4722900000.0,
            4722940000.0,
            4722980000.0,
            4723020000.0,
            4723060000.0,
            4723100000.0,
            4723140000.0,
            4723180000.0,
            4723220000.0,
            4723260000.0,
            4723300000.0,
            4723340000.0,
            4723380000.0,
            4723420000.0,
            4723460000.0,
            4723500000.0,
            4723540000.0,
            4723580000.0,
            4723620000.0,
            4723660000.0,
            4723700000.0,
            4723740000.0,
            4723780000.0,
            4723820000.0,
            4723860000.0,
            4723900000.0,
            4723940000.0,
            4723980000.0,
            4724020000.0,
            4724060000.0,
            4724100000.0,
            4724140000.0,
            4724180000.0,
            4724220000.0,
            4724260000.0,
            4724300000.0,
            4724340000.0,
            4724380000.0,
            4724420000.0,
            4724460000.0,
            4724500000.0,
            4724540000.0,
            4724580000.0,
            4724620000.0,
            4724660000.0,
            4724700000.0,
            4724740000.0,
            4724780000.0,
            4724820000.0,
            4724860000.0,
            4724900000.0,
            4724940000.0,
            4724980000.0,
            4725020000.0,
            4725060000.0,
            4725100000.0,
            4725140000.0,
            4725180000.0,
            4725220000.0,
            4725260000.0,
            4725300000.0
        ],
        "y_data": [
            0.10908287322550753,
            0.03229036806464283,
            0.018283503149697834,
            0.009711548326010531,
            0.036800329392998134,
            0.11868915420457171,
            0.03379986001389618,
            -0.03147817576170723,
            0.054121482296092746,
            0.02963819893062274,
            0.05907296480022121,
            -0.05590541593567787,
            0.02782497851938881,
            0.004030888712806725,
            -0.033223514778766866,
            0.024081452337507338,
            -0.025213845668175198,
            0.0366815633888167,
            -0.005462557755112028,
            -0.004178012805181111,
            -0.014603902535281137,
            0.07069220087476312,
            0.011818109651392872,
            -0.05790260912105392,
            -0.02676412216700971,
            0.05465510650612594,
            0.05500909074071831,
            0.03473167939536142,
            0.0979074638435584,
            -0.03878678436199545,
            0.03152074973864724,
            0.0050122788537883285,
            0.04736337110346477,
            -0.018440700205984012,
            0.12252702945737991,
            0.07563988358845036,
            0.07359007558150521,
            0.049841751456873404,
            0.02451782517559239,
            0.08839577316048584,
            0.15451622601268625,
            0.13174496220434237,
            0.019592072463873702,
            0.08309944158193108,
            0.06031797230111232,
            0.1398071288284236,
            0.16701651383632057,
            0.1114086066882459,
            0.16311610412464814,
            0.274841246970999,
            0.20550954657371104,
            0.25887989495964653,
            0.17846432777945012,
            0.22282818644034114,
            0.12677347718564813,
            0.08862386137277763,
            0.05407237151642638,
            0.12315537283706958,
            0.07313896389195015,
            0.1115099853219221,
            0.02260637560478402,
            -0.024300855390034945,
            0.049850675132050944,
            0.003970701076423951,
            0.06812972120257219,
            0.043473747456649635,
            0.03712066735726072,
            0.03302052857891449,
            0.05598017858875369,
            0.06544074310630886,
            0.05371668515812216,
            0.09577377328994409,
            0.028367887250861167,
            0.07303509931832355,
            0.024905854858430252,
            -0.05247734109304403,
            0.036258881229727376,
            0.04681003417938903,
            -0.011166069312655893,
            -0.04138935861399275,
            -0.0480402052813591,
            0.08947731201775758,
            0.024765838247805736,
            0.02277634212467411,
            0.01581129749706195,
            0.045973714809811106,
            0.0664802665052774,
            -0.0036496423448849264,
            -0.025744088761955202,
            0.01909771209417647,
            0.05518974881811149,
            0.02089231984375326,
            0.028904305375859266,
            0.08227706138621037,
            0.035492392881561224,
            0.03218333551197798,
            0.031420428529913384,
            0.0754509557871174,
            0.05801325813311083,
            0.023433699592555472,
            0.028957636933272062
        ]
    }
}