{
    "meta_data": {
        "type": "1d",
        "plot_properties": {
            "x_label": "Qubit Frequency [MHz]",
            "y_label": "Amplitude [a.u.]",
            "title": "Qubit Spectroscopy Experiment"
        },
        "experiment_properties": {
            "qubit": "q1",
            "repetitions": 1000
        },
        "qubit_parameters": {
            "qb_freq": 4723300000,
            "drive_amp": 1,
            "drive_len": 4e-05,
            "pi_amp": 0.1243972088933144,
            "pi_len": 4e-08,
            "res_freq": 5250000000.0,
            "res_amp": 0.35,
            "res_len": 2e-06,
            "qb_amp_spec": 1.0,
            "qb_lo": 4600000000.0,
            "res_lo": 5600000000.0,
            "flux_bias": -0.01807,
            "anharmnonicity": 190300000,
            "w125": 4628150000.0,
            "ro_delay": 1e-07,
            "ro_int_delay": 4e-08,
            "angle": -2.735605892550369,
            "ge": [
                8.165806686073743e-05,
                0.0002852209554720563
            ]
        }
    },
    "data": {
        "x_data": [
            4718300000.0,
            4718400000.0,
            4718500000.0,
            4718600000.0,
            4718700000.0,
            4718800000.0,
            4718900000.0,
            4719000000.0,
            4719100000.0,
            4719200000.0,
            4719300000.0,
            4719400000.0,
            4719500000.0,
            4719600000.0,
            4719700000.0,
            4719800000.0,
            4719900000.0,
            4720000000.0,
            4720100000.0,
            4720200000.0,
            4720300000.0,
            4720400000.0,
            4720500000.0,
            4720600000.0,
            4720700000.0,
            4720800000.0,
            4720900000.0,
            4721000000.0,
            4721100000.0,
            4721200000.0,
            4721300000.0,
            4721400000.0,
            4721500000.0,
            4721600000.0,
            4721700000.0,
            4721800000.0,
            4721900000.0,
            4722000000.0,
            4722100000.0,
            4722200000.0,
            4722300000.0,
            4722400000.0,
            4722500000.0,
            4722600000.0,
            4722700000.0,
            4722800000.0,
            4722900000.0,
            4723000000.0,
            4723100000.0,
            4723200000.0,
            4723300000.0,
            4723400000.0,
            4723500000.0,
            4723600000.0,
            4723700000.0,
            4723800000.0,
            4723900000.0,
            4724000000.0,
            4724100000.0,
            4724200000.0,
            4724300000.0,
            4724400000.0,
            4724500000.0,
            4724600000.0,
            4724700000.0,
            4724800000.0,
            4724900000.0,
            4725000000.0,
            4725100000.0,
            4725200000.0,
            4725300000.0,
            4725400000.0,
            4725500000.0,
            4725600000.0,
            4725700000.0,
            4725800000.0,
            4725900000.0,
            4726000000.0,
            4726100000.0,
            4726200000.0,
            4726300000.0,
            4726400000.0,
            4726500000.0,
            4726600000.0,
            4726700000.0,
            4726800000.0,
            4726900000.0,
            4727000000.0,
            4727100000.0,
            4727200000.0,
            4727300000.0,
            4727400000.0,
            4727500000.0,
            4727600000.0,
            4727700000.0,
            4727800000.0,
            4727900000.0,
            4728000000.0,
            4728100000.0,
            4728200000.0,
            4728300000.0
        ],
        "y_data": [
            -0.0594778771975104,
            -0.002573993674987424,
            -0.07642272329503433,
            -0.055111758044953815,
            -0.03031786700736267,
            -0.06632709711450735,
            -0.030510739334175904,
            0.029552715046056516,
            -0.06002626768597294,
            -0.045498333499513446,
            -0.010890049349508447,
            -0.029147733453522454,
            0.06675606804408517,
            0.0008308772990676677,
            0.06807506951620788,
            -0.038809418873331746,
            -0.048164350274044206,
            0.03929538368552118,
            -0.08440210577260523,
            0.07507724826423308,
            0.006200037037855139,
            0.018736765377229365,
            0.02593155176538695,
            0.023641404617302235,
            0.02504271968183594,
            0.01570792132158054,
            0.008076110457217183,
            0.01501597118804603,
            -0.07815649276144347,
            0.05898641027290088,
            0.05048093046821451,
            -0.04497220775410267,
            0.008951819897233586,
            0.04210939170696824,
            0.08476865723828134,
            0.012392797967726436,
            -0.07690959346124142,
            0.033506356520662806,
            -0.020097627593168296,
            0.09389735554658528,
            0.09448453932128444,
            0.06718949364058877,
            0.06335323195215352,
            0.16408614413065478,
            0.15734629697989821,
            0.23806842453824892,
            0.1975939311159528,
            0.22429628086399203,
            0.2384404676081849,
            0.23131595239457137,
            0.38581324088483143,
            0.4199415995069381,
            0.2800608246992225,
            0.35913087481597616,
            0.2278533575842492,
            0.18279044520732815,
            0.026139140803835326,
            0.1837968781449522,
            0.038957090315292195,
            0.04114180823128081,
            0.059935949122392355,
            0.05221898118385898,
            0.0038335153906373554,
            0.052687260167353096,
            0.02058014982627973,
            0.07004110005808754,
            0.006272590267602889,
            -0.012732165879963918,
            0.05633998923477836,
            -0.04326252576698976,
            -0.010869649639698718,
            -0.07706147272749266,
            0.016343880804417565,
            0.04251041714234756,
            0.004591252225624409,
            -0.011194933048238579,
            -0.009292826487686418,
            0.00443640126483988,
            0.041524203160957084,
            -0.01685392635481889,
            0.07819721987963264,
            -0.06808011733243727,
            0.006817813107472528,
            0.013806697710855298,
            -0.005926487748085364,
            -0.043759939781653275,
            0.05438912844503264,
            0.04430651486975718,
            0.02863989759080535,
            0.07055853344002691,
            -0.024902056984571527,
            -0.057329594179691606,
            0.015395962128204967,
            -0.001565279343050158,
            -0.02355876216573413,
            -0.060760691935879366,
            -0.03725151338398342,
            -0.018737669079020608,
            -0.08894822640775489,
            -0.04470256208068588,
            0.06664297975095358
        ]
    }
}