{
    "meta_data": {
        "type": "1d",
        "plot_properties": {
            "x_label": "Qubit Frequency [MHz]",
            "y_label": "Amplitude [a.u.]",
            "title": "Qubit Spectroscopy Experiment"
        },
        "experiment_properties": {
            "qubit": "q1",
            "repetitions": 1000
        },
        "qubit_parameters": {
            "qb_freq": 4723300000,
            "drive_amp": 1,
            "drive_len": 4e-05,
            "pi_amp": 0.1277679833823185,
            "pi_len": 4e-08,
            "res_freq": 5250000000.0,
            "res_amp": 0.35,
            "res_len": 2e-06,
            "qb_amp_spec": 1.0,
            "qb_lo": 4600000000.0,
            "res_lo": 5600000000.0,
            "flux_bias": -0.0185,
            "anharmnonicity": 190300000,
            "w125": 4628150000.0,
            "ro_delay": 1e-07,
            "ro_int_delay": 4e-08,
            "angle": -2.735605892550369,
            "ge": [
                8.165806686073743e-05,
                0.0002852209554720563
            ]
        }
    },
    "data": {
        "x_data": [
            0.0,
            4.026845637583893e-08,
            8.053691275167786e-08,
            1.2080536912751678e-07,
            1.610738255033557e-07,
            2.0134228187919465e-07,
            2.4161073825503355e-07,
            2.818791946308725e-07,
            3.221476510067114e-07,
            3.6241610738255036e-07,
            4.026845637583893e-07,
            4.4295302013422823e-07,
            4.832214765100671e-07,
            5.234899328859061e-07,
            5.63758389261745e-07,
            6.04026845637584e-07,
            6.442953020134228e-07,
            6.845637583892617e-07,
            7.248322147651007e-07,
            7.651006711409396e-07,
            8.053691275167786e-07,
            8.456375838926175e-07,
            8.859060402684565e-07,
            9.261744966442953e-07,
            9.664429530201342e-07,
            1.006711409395973e-06,
            1.0469798657718122e-06,
            1.087248322147651e-06,
            1.12751677852349e-06,
            1.1677852348993288e-06,
            1.208053691275168e-06,
            1.2483221476510068e-06,
            1.2885906040268457e-06,
            1.3288590604026846e-06,
            1.3691275167785235e-06,
            1.4093959731543626e-06,
            1.4496644295302014e-06,
            1.4899328859060403e-06,
            1.5302013422818792e-06,
            1.5704697986577183e-06,
            1.6107382550335572e-06,
            1.651006711409396e-06,
            1.691275167785235e-06,
            1.7315436241610738e-06,
            1.771812080536913e-06,
            1.8120805369127518e-06,
            1.8523489932885907e-06,
            1.8926174496644296e-06,
            1.9328859060402684e-06,
            1.9731543624161073e-06,
            2.013422818791946e-06,
            2.0536912751677855e-06,
            2.0939597315436244e-06,
            2.1342281879194633e-06,
            2.174496644295302e-06,
            2.214765100671141e-06,
            2.25503355704698e-06,
            2.295302013422819e-06,
            2.3355704697986577e-06,
            2.3758389261744966e-06,
            2.416107382550336e-06,
            2.4563758389261747e-06,
            2.4966442953020136e-06,
            2.5369127516778525e-06,
            2.5771812080536914e-06,
            2.6174496644295303e-06,
            2.657718120805369e-06,
            2.697986577181208e-06,
            2.738255033557047e-06,
            2.7785234899328862e-06,
            2.818791946308725e-06,
            2.859060402684564e-06,
            2.899328859060403e-06,
            2.9395973154362418e-06,
            2.9798657718120806e-06,
            3.0201342281879195e-06,
            3.0604026845637584e-06,
            3.1006711409395973e-06,
            3.1409395973154366e-06,
            3.1812080536912755e-06,
            3.2214765100671143e-06,
            3.2617449664429532e-06,
            3.302013422818792e-06,
            3.342281879194631e-06,
            3.38255033557047e-06,
            3.4228187919463088e-06,
            3.4630872483221476e-06,
            3.503355704697987e-06,
            3.543624161073826e-06,
            3.5838926174496647e-06,
            3.6241610738255036e-06,
            3.6644295302013425e-06,
            3.7046979865771814e-06,
            3.7449664429530202e-06,
            3.785234899328859e-06,
            3.825503355704698e-06,
            3.865771812080537e-06,
            3.906040268456376e-06,
            3.946308724832215e-06,
            3.9865771812080535e-06,
            4.026845637583892e-06,
            4.067114093959732e-06,
            4.107382550335571e-06,
            4.14765100671141e-06,
            4.187919463087249e-06,
            4.228187919463088e-06,
            4.2684563758389265e-06,
            4.3087248322147654e-06,
            4.348993288590604e-06,
            4.389261744966443e-06,
            4.429530201342282e-06,
            4.469798657718121e-06,
            4.51006711409396e-06,
            4.550335570469799e-06,
            4.590604026845638e-06,
            4.6308724832214765e-06,
            4.671140939597315e-06,
            4.711409395973154e-06,
            4.751677852348993e-06,
            4.791946308724833e-06,
            4.832214765100672e-06,
            4.872483221476511e-06,
            4.9127516778523495e-06,
            4.953020134228188e-06,
            4.993288590604027e-06,
            5.033557046979866e-06,
            5.073825503355705e-06,
            5.114093959731544e-06,
            5.154362416107383e-06,
            5.194630872483222e-06,
            5.2348993288590606e-06,
            5.2751677852348994e-06,
            5.315436241610738e-06,
            5.355704697986577e-06,
            5.395973154362416e-06,
            5.436241610738255e-06,
            5.476510067114094e-06,
            5.516778523489933e-06,
            5.5570469798657725e-06,
            5.597315436241611e-06,
            5.63758389261745e-06,
            5.677852348993289e-06,
            5.718120805369128e-06,
            5.758389261744967e-06,
            5.798657718120806e-06,
            5.838926174496645e-06,
            5.8791946308724835e-06,
            5.919463087248322e-06,
            5.959731543624161e-06,
            6e-06
        ],