{
    "meta_data": {
        "type": "1d",
        "plot_properties": {
            "x_label": "X90 Gate Number",
            "y_label": "Amplitude [a.u.]",
            "title": "T1 Experiment"
        },
        "experiment_properties": {
            "qubit": "q1",
            "repetitions": 10000
        },
        "qubit_parameters": {
            "qb_freq": 4723300000,
            "drive_amp": 1,
            "drive_len": 4e-05,
            "pi_amp": 0.1330258098164538,
            "pi_len": 4e-08,
            "res_freq": 5250000000.0,
            "res_amp": 0.35,
            "res_len": 2e-06,
            "qb_amp_spec": 1.0,
            "qb_lo": 4600000000.0,
            "res_lo": 5600000000.0,
            "flux_bias": -0.01807,
            "anharmnonicity": 190300000,
            "w125": 4628150000.0,
            "ro_delay": 1e-07,
            "ro_int_delay": 4e-08,
            "angle": -2.735605892550369,
            "ge": [
                8.165806686073743e-05,
                0.0002852209554720563
            ]
        }
    },
    "data": {
        "x_data": [
            0,
            1,
            2,
            3,
            4,
            5,
            6,
            7,
            8,
            9,
            10,
            11,
            12,
            13,
            14,
            15,
            16,
            17,
            18,
            19,
            20,
            21,
            22,
            23,
            24,
            25,
            26,
            27,
            28,
            29,
            30,
            31,
            32,
            33,
            34,
            35,
            36,
            37,
            38,
            39,
            40,
            41,
            42,
            43,
            44,
            45,
            46,
            47,
            48,
            49
        ],
        "y_data": [
            0.07617190735278873,
            0.502439097248112,
            0.9550114132622526,
            0.5320326198757866,
            0.09971705821248684,
            0.5492587323503096,
            0.903894227827019,
            0.47963216821477817,
            0.10131943304689517,
            0.5285066993553427,
            0.8752451339767127,
            0.5013758157577168,
            0.17763668101271501,
            0.5400267848236064,
            0.867638330154811,
            0.4705159377726578,
            0.18951321031903154,
            0.5934535011957213,
            0.8595639654400845,
            0.4386776405480819,
            0.21991154468790028,
            0.5697572073018881,
            0.8061481019819101,
            0.48722017650659666,
            0.24703434483359885,
            0.6035018412824535,
            0.8069869973708257,
            0.4837139159611262,
            0.2664464397391188,
            0.5903257792833403,
            0.7850765422658788,
            0.42844767906983394,
            0.2458912691648516,
            0.6078036649009935,
            0.761236621910935,
            0.4204367317307541,
            0.3071288227729033,
            0.6058136924409697,
            0.7415604550849586,
            0.43843887677183924,
            0.3117863598462615,
            0.638515625526704,
            0.7026839483487826,
            0.4431183366434586,
            0.36186961552829366,
            0.6025484595194098,
            0.7325732904616261,
            0.43987533191770095,
            0.36657281544902665,
            0.6181495494964653
        ]
    }
}