{
    "meta_data": {
        "type": "1d",
        "plot_properties": {
            "x_label": "X90 Gate Number",
            "y_label": "Amplitude [a.u.]",
            "title": "T1 Experiment"
        },
        "experiment_properties": {
            "qubit": "q1",
            "repetitions": 10000
        },
        "qubit_parameters": {
            "qb_freq": 4723300000,
            "drive_amp": 1,
            "drive_len": 4e-05,
            "pi_amp": 0.1243972088933144,
            "pi_len": 4e-08,
            "res_freq": 5250000000.0,
            "res_amp": 0.35,
            "res_len": 2e-06,
            "qb_amp_spec": 1.0,
            "qb_lo": 4600000000.0,
            "res_lo": 5600000000.0,
            "flux_bias": -0.01807,
            "anharmnonicity": 190300000,
            "w125": 4628150000.0,
            "ro_delay": 1e-07,
            "ro_int_delay": 4e-08,
            "angle": -2.735605892550369,
            "ge": [
                8.165806686073743e-05,
                0.0002852209554720563
            ]
        }
    },
    "data": {
        "x_data": [
            0,
            1,
            2,
            3,
            4,
            5,
            6,
            7,
            8,
            9,
            10,
            11,
            12,
            13,
            14,
            15,
            16,
            17,
            18,
            19,
            20,
            21,
            22,
            23,
            24,
            25,
            26,
            27,
            28,
            29,
            30,
            31,
            32,
            33,
            34,
            35,
            36,
            37,
            38,
            39,
            40,
            41,
            42,
            43,
            44,
            45,
            46,
            47,
            48,
            49
        ],
        "y_data": [
            0.07264558124379021,
            0.4975001404050491,
            0.9230928527261401,
            0.49896915326835145,
            0.10430366864001497,
            0.5054309972554811,
            0.9196757115582765,
            0.5211480583965062,
            0.11410063413368669,
            0.5131458307156792,
            0.8848483028550379,
            0.5494606499892132,
            0.15147144497701875,
            0.5346904111399581,
            0.864348663116841,
            0.5130319376560775,
            0.18491985831182792,
            0.49364671456190506,
            0.8527309819526322,
            0.5360579957697454,
            0.18921277177040283,
            0.49496457156979484,
            0.8325734627690204,
            0.5349256623488093,
            0.21190237623497427,
            0.49763920083916946,
            0.8481676149479844,
            0.5278745340123324,
            0.23644317416570648,
            0.4945319460804829,
            0.7857459164760275,
            0.5523402299887604,
            0.26403721748832415,
            0.49507728708758986,
            0.7851581516793671,
            0.5406365523202001,
            0.2637464962453369,
            0.45174565268564654,
            0.7583531272251177,
            0.5633467481528522,
            0.27920196582133044,
            0.5016161068851551,
            0.759509466868852,
            0.5784951989239344,
            0.2968389614761241,
            0.4771744130670482,
            0.739619396360072,
            0.5385123550964066,
            0.3175271649310286,
            0.5058554835467448
        ]
    }
}