{
    "meta_data": {
        "type": "2d",
        "plot_properties": null,
        "experiment_properties": {
            "qubit": "q4",
            "pulse_type": "Square",
            "pulse_length": 1e-06,
            "max_amp": 0.5,
            "half_pulse": false,
            "n_lorenz": "10/19",
            "pulse_cutting": 0.0001,
            "repetitions": 1000,
            "qubit_parameters": {
                "q1": {
                    "qb_freq": 4723300000,
                    "drive_amp": 1,
                    "drive_len": 4e-05,
                    "pi_amp": 0.22682103323907832,
                    "pi_len": 4e-08,
                    "res_freq": 5238000000.0,
                    "res_amp": 0.35,
                    "res_len": 2e-06,
                    "qb_amp_spec": 1.0,
                    "qb_lo": 4600000000.0,
                    "res_lo": 5600000000.0,
                    "flux_bias": -0.0157,
                    "anharmnonicity": 190300000,
                    "w125": 4628150000.0,
                    "ro_delay": 1e-07,
                    "ro_int_delay": 4e-08,
                    "angle": -1.68245008826125,
                    "ge": [
                        1.319217177243527e-05,
                        0.0001221452261202709
                    ]
                },
                "q2": {
                    "qb_freq": 4323900000.0,
                    "drive_amp": 0.5,
                    "drive_len": 4e-05,
                    "pi_amp": 0.248,
                    "pi_len": 4e-08,
                    "res_freq": 4930000000.0,
                    "res_amp": 1,
                    "res_len": 2e-06,
                    "qb_amp_spec": 1.0,
                    "qb_lo": 4600000000.0,
                    "res_lo": 5600000000.0,
                    "flux_bias": -0.884,
                    "anharmnonicity": 190300000,
                    "w125": 4220000000.0,
                    "ro_delay": 2e-08,
                    "ro_int_delay": 4e-08,
                    "angle": -5.256260444629553,
                    "ge": [
                        4.342185417071522e-05,
                        9.872327244994911e-05
                    ]
                },
                "q3": {
                    "qb_freq": 4533000000,
                    "drive_amp": 0.5,
                    "drive_len": 4e-05,
                    "pi_amp": 0.21609000000000003,
                    "pi_len": 4e-08,
                    "res_freq": 6116000000.0,
                    "res_amp": 0.2,
                    "res_len": 2e-06,
                    "qb_amp_spec": 1.0,
                    "qb_lo": 4600000000.0,
                    "res_lo": 5600000000.0,
                    "flux_bias": -0.8327,
                    "anharmnonicity": 209100000.0,
                    "w125": 4428450000.0,
                    "ro_delay": 2e-08,
                    "ro_int_delay": 4e-08,
                    "angle": -4.877229440159746,
                    "ge": [
                        -0.00010248448978693157,
                        -2.1326262666341262e-05
                    ]
                },
                "q4": {
                    "qb_freq": 4323900000.0,
                    "drive_amp": 0.14,
                    "drive_len": 4e-05,
                    "pi_amp": 0.108208,
                    "pi_len": 4e-08,
                    "res_freq": 5830500000.0,
                    "res_amp": 0.3,
                    "res_len": 2e-06,
                    "qb_amp_spec": 1.0,
                    "qb_lo": 4600000000.0,
                    "res_lo": 5600000000.0,
                    "flux_bias": -0.777,
                    "anharmnonicity": 208390000.0,
                    "w125": 4326260000.0,
                    "ro_delay": 2e-08,
                    "ro_int_delay": 4e-08,
                    "angle": -3.5082140819633265,
                    "ge": [
                        -0.0003213217766583242,
                        -0.0001456715374293489
                    ]
                },
                "q5": {
                    "qb_freq": 4402900000.0,
                    "drive_amp": 0.5,
                    "drive_len": 4e-05,
                    "pi_amp": 0.062420508762112345,
                    "pi_len": 4e-08,
                    "res_freq": 5546000000.0,
                    "res_amp": 0.3,
                    "res_len": 2e-06,
                    "qb_amp_spec": 1.0,
                    "qb_lo": 4600000000.0,
                    "res_lo": 5600000000.0,
                    "flux_bias": -1,
                    "anharmnonicity": 208390000.0,
                    "w125": 4326260000.0,
                    "ro_delay": 2e-08,
                    "ro_int_delay": 4e-08,
                    "angle": -2.996056349613848,
                    "ge": [
                        -0.00040741841066762414,
                        -0.00023190881940069458
                    ]
                },
                "c13": {
                    "flux_bias": -0.003
                },
                "c23": {
                    "flux_bias": -0.1
                },
                "c43": {
                    "flux_bias": -0.05
                },
                "c53": {
                    "flux_bias": 0
                }
            }
        }
    },
    "data": {
        "x_data": [
            4223900000.0,
            4234426315.7894735,
            4244952631.5789475,
            4255478947.368421,
            4266005263.1578946,
            4276531578.9473686,
            4287057894.736842,
            4297584210.526316,
            4308110526.315789,
            4318636842.105263,
            4329163157.894737,
            4339689473.684211,
            4350215789.473684,
            4360742105.263158,
            4371268421.052631,
            4381794736.842105,
            4392321052.631579,
            4402847368.421053,
            4413373684.210526,
            4423900000.0
        ],
        "y_data": [
            0.0,
            0.1111111111111111,
            0.2222222222222222,
            0.3333333333333333,
            0.4444444444444444,
            0.5555555555555556,
            0.6666666666666666,
            0.7777777777777777,
            0.8888888888888888,
            1.0
        ],