{
    "meta_data": {
        "type": "1d",
        "plot_properties": {
            "x_label": "Rabi Amplitude [s]",
            "y_label": "State",
            "title": "Power Rabi Experiment"
        },
        "experiment_properties": {
            "qubit": "q4",
            "repetitions": 1000
        },
        "qubit_parameters": {
            "qb_freq": 4323900000.0,
            "drive_amp": 0.14,
            "drive_len": 4e-05,
            "pi_amp": 0.108208,
            "pi_len": 4e-08,
            "res_freq": 5830500000.0,
            "res_amp": 0.3,
            "res_len": 2e-06,
            "qb_amp_spec": 1.0,
            "qb_lo": 4600000000.0,
            "res_lo": 5600000000.0,
            "flux_bias": -0.777,
            "anharmnonicity": 208390000.0,
            "w125": 4326260000.0,
            "ro_delay": 2e-08,
            "ro_int_delay": 4e-08,
            "angle": -3.4199496432268854,
            "ge": [
                -0.0003101638192222204,
                -0.00011961443650642779
            ]
        }
    },
    "data": {
        "x_data": [
            0.0,
            0.003279030303030303,
            0.006558060606060606,
            0.00983709090909091,
            0.013116121212121213,
            0.016395151515151515,
            0.01967418181818182,
            0.022953212121212124,
            0.026232242424242425,
            0.02951127272727273,
            0.03279030303030303,
            0.036069333333333335,
            0.03934836363636364,
            0.042627393939393944,
            0.04590642424242425,
            0.049185454545454546,
            0.05246448484848485,
            0.055743515151515155,
            0.05902254545454546,
            0.062301575757575764,
            0.06558060606060606,
            0.06885963636363636,
            0.07213866666666667,
            0.07541769696969698,
            0.07869672727272728,
            0.08197575757575758,
            0.08525478787878789,
            0.08853381818181819,
            0.0918128484848485,
            0.09509187878787878,
            0.09837090909090909,
            0.1016499393939394,
            0.1049289696969697,
            0.108208,
            0.11148703030303031,
            0.11476606060606062,
            0.11804509090909092,
            0.12132412121212122,
            0.12460315151515153,
            0.12788218181818184,
            0.13116121212121212,
            0.13444024242424243,
            0.13771927272727272,
            0.14099830303030303,
            0.14427733333333334,
            0.14755636363636365,
            0.15083539393939396,
            0.15411442424242427,
            0.15739345454545456,
            0.16067248484848484,
            0.16395151515151515,
            0.1672305454545455,
            0.17050957575757578,
            0.17378860606060606,
            0.17706763636363637,
            0.18034666666666666,
            0.183625696969697,
            0.18690472727272728,
            0.19018375757575756,
            0.1934627878787879,
            0.19674181818181818,
            0.20002084848484852,
            0.2032998787878788,
            0.20657890909090912,
            0.2098579393939394,
            0.21313696969696969,
            0.216416,
            0.21969503030303028,
            0.22297406060606062,
            0.2262530909090909,
            0.22953212121212124,
            0.23281115151515155,
            0.23609018181818184,
            0.23936921212121215,
            0.24264824242424243,
            0.24592727272727277,
            0.24920630303030306,
            0.25248533333333334,
            0.2557643636363637,
            0.25904339393939396,
            0.26232242424242425,
            0.2656014545454546,
            0.26888048484848487,
            0.27215951515151515,
            0.27543854545454544,
            0.2787175757575758,
            0.28199660606060606,
            0.2852756363636364,
            0.2885546666666667,
            0.29183369696969697,
            0.2951127272727273,
            0.2983917575757576,
            0.3016707878787879,
            0.3049498181818182,
            0.30822884848484855,
            0.31150787878787883,
            0.3147869090909091,
            0.31806593939393946,
            0.3213449696969697,
            0.324624
        ],
        "y_data": [
            -0.05823194403639545,
            0.022226301012819385,
            -0.005834703244110179,
            0.05321749874727889,
            0.010821487455570489,
            0.06495534365737088,
            0.18501238684998628,
            0.17482804212180308,
            0.12008010860655563,
            0.2195626282611259,
            0.14116017492222202,
            0.25436025302450377,
            0.31657135181268736,
            0.42644964341421293,
            0.523393968226353,
            0.5460442961315479,
            0.5233382504282511,
            0.4798762272382197,
            0.7711336231366444,
            0.8253955626721002,
            0.8840283524551682,
            0.9313201453020629,
            0.8871867176144683,
            1.0127688257083032,
            1.1038267450993189,
            1.0776917847630112,
            1.1057822723080557,
            1.0889097450385838,
            1.0816440972153656,
            1.0962238576559455,
            1.2666208475074434,
            1.2298448803087232,
            1.1342156480333814,
            1.1436668861904637,
            1.322810327385393,
            1.1896444478521446,
            1.1075130241725621,
            1.1881974139032194,
            1.0989674206029674,
            1.1445865706931442,
            1.1057765570284837,
            1.090690446822691,
            1.0853975511218257,
            0.9671777412062565,
            0.8487846901881528,
            1.0592502674566369,
            0.8554720078477275,
            0.6863819873521612,
            0.8715490190346198,
            0.7139634683565727,
            0.5728130965049772,
            0.5033655874846812,
            0.4361593368215259,
            0.4151634884510263,
            0.44570404715811623,
            0.4064876954725487,
            0.27877113167589257,
            0.28154397422256083,
            0.12717652837839302,
            0.15346338524255643,
            0.08988635828849556,
            0.040947539069203905,
            0.09814775996176223,
            -0.006748310275937406,
            0.11390222992847125,
            -0.05224601296978985,
            0.13240465044009,
            -0.034732601642901186,
            0.037871825889648325,
            0.03914016433303274,
            0.03857879538233545,
            0.06278306720671044,
            0.17200559525520637,
            0.22776990704877417,
            0.2968002483170504,
            0.3479765158247725,
            0.3434894275928592,
            0.4484179298357997,
            0.39105451811923786,
            0.4604097149605618,
            0.5223101905985829,
            0.5784130379228251,
            0.7131554227855523,
            0.6486318865811809,
            0.6928822554548624,
            0.7151142312496086,
            0.9006888643863029,
            0.8296507641140151,
            0.8890232152125382,
            1.0365350843662833,
            1.0438439459160949,
            0.9966151881196168,
            1.0393793319002829,
            1.1281374902169363,
            1.1139955106602337,
            1.2088806029448926,
            1.077144189671384,
            1.1615154063513744,
            1.1104874222840206,
            1.3471920556398733
        ]
    }
}