{
    "meta_data": {
        "type": "1d",
        "plot_properties": {
            "x_label": "Rabi Amplitude [s]",
            "y_label": "State",
            "title": "Power Rabi Experiment"
        },
        "experiment_properties": {
            "qubit": "q4",
            "repetitions": 1000
        },
        "qubit_parameters": {
            "qb_freq": 4323900000.0,
            "drive_amp": 0.14,
            "drive_len": 4e-05,
            "pi_amp": 0.10781219506234295,
            "pi_len": 4e-08,
            "res_freq": 5830500000.0,
            "res_amp": 0.3,
            "res_len": 2e-06,
            "qb_amp_spec": 1.0,
            "qb_lo": 4600000000.0,
            "res_lo": 5600000000.0,
            "flux_bias": -0.777,
            "anharmnonicity": 208390000.0,
            "w125": 4326260000.0,
            "ro_delay": 2e-08,
            "ro_int_delay": 4e-08,
            "angle": -3.6283715423107,
            "ge": [
                -0.00039053462802002064,
                -0.0002406645592121751
            ]
        }
    },
    "data": {
        "x_data": [
            0.0,
            0.0032670362140103924,
            0.006534072428020785,
            0.009801108642031178,
            0.01306814485604157,
            0.01633518107005196,
            0.019602217284062355,
            0.02286925349807275,
            0.02613628971208314,
            0.029403325926093533,
            0.03267036214010392,
            0.03593739835411432,
            0.03920443456812471,
            0.042471470782135104,
            0.0457385069961455,
            0.049005543210155884,
            0.05227257942416628,
            0.05553961563817668,
            0.058806651852187065,
            0.06207368806619746,
            0.06534072428020785,
            0.06860776049421824,
            0.07187479670822863,
            0.07514183292223903,
            0.07840886913624942,
            0.08167590535025981,
            0.08494294156427021,
            0.0882099777782806,
            0.091477013992291,
            0.09474405020630138,
            0.09801108642031177,
            0.10127812263432216,
            0.10454515884833256,
            0.10781219506234296,
            0.11107923127635336,
            0.11434626749036375,
            0.11761330370437413,
            0.12088033991838452,
            0.12414737613239492,
            0.12741441234640533,
            0.1306814485604157,
            0.1339484847744261,
            0.13721552098843648,
            0.1404825572024469,
            0.14374959341645727,
            0.1470166296304677,
            0.15028366584447805,
            0.15355070205848848,
            0.15681773827249884,
            0.16008477448650923,
            0.16335181070051963,
            0.16661884691453005,
            0.16988588312854042,
            0.1731529193425508,
            0.1764199555565612,
            0.1796869917705716,
            0.182954027984582,
            0.18622106419859238,
            0.18948810041260275,
            0.1927551366266132,
            0.19602217284062354,
            0.199289209054634,
            0.20255624526864432,
            0.20582328148265477,
            0.2090903176966651,
            0.2123573539106755,
            0.21562439012468593,
            0.2188914263386963,
            0.22215846255270671,
            0.22542549876671708,
            0.2286925349807275,
            0.23195957119473787,
            0.23522660740874826,
            0.23849364362275866,
            0.24176067983676905,
            0.2450277160507795,
            0.24829475226478984,
            0.25156178847880023,
            0.25482882469281065,
            0.258095860906821,
            0.2613628971208314,
            0.2646299333348418,
            0.2678969695488522,
            0.2711640057628626,
            0.27443104197687296,
            0.2776980781908834,
            0.2809651144048938,
            0.28423215061890417,
            0.28749918683291453,
            0.29076622304692495,
            0.2940332592609354,
            0.29730029547494574,
            0.3005673316889561,
            0.30383436790296653,
            0.30710140411697695,
            0.3103684403309873,
            0.3136354765449977,
            0.3169025127590081,
            0.32016954897301847,
            0.32343658518702884
        ],
        "y_data": [
            0.8354819566885945,
            0.7811292517168111,
            0.7553603338615371,
            0.7191926275545574,
            0.9799073712086912,
            0.7437931604234637,
            0.7963306640358966,
            0.7818810300148354,
            0.7711177581186502,
            1.0031652306620922,
            0.969641374026582,
            0.9574332683956933,
            1.1698883868624628,
            1.1709718735867833,
            1.0990851546207545,
            1.195610525260988,
            1.3736318715644245,
            1.2543269526077294,
            1.5696010149518653,
            1.5112922104833806,
            1.460149228845476,
            1.6183203458665205,
            1.5530982755694522,
            1.5592518187835378,
            1.6527713607872525,
            1.6871651452111744,
            1.71018087985172,
            1.6546029566125824,
            1.891765631804931,
            1.6488501790300254,
            1.8726411077534297,
            1.7682108464421185,
            1.8435204787384918,
            1.8851962673575207,
            1.8961123183337834,
            1.7397015016104491,
            1.7748857127587916,
            1.9057781592104956,
            1.8754341884924501,
            1.7105341528333433,
            1.8184384197530472,
            1.6427194844780142,
            1.5886946867790686,
            1.5842967495346703,
            1.67552937955724,
            1.573649778841006,
            1.5387830477135058,
            1.4211220623226097,
            1.3371416964751555,
            1.3133150024183409,
            1.4190973635030433,
            1.2502093200225606,
            1.1870197532749547,
            1.065739856147863,
            1.2196393545959214,
            0.9710553739390765,
            0.9739080904625895,
            0.9747775833333368,
            0.9964948957476287,
            0.7374503499286205,
            0.9279883559729574,
            0.9031974858091428,
            0.7490086620875902,
            0.6184623118027971,
            0.6738611297537919,
            0.8156205160456831,
            0.7275259224483581,
            0.7548398639875155,
            0.5852920670166467,
            0.7479283405225787,
            0.7590050484683396,
            0.7472955178162064,
            0.9003318761537076,
            0.9174822416010201,
            0.8715280916142942,
            0.8529355387424438,
            0.8714696367053181,
            1.0225880404579393,
            1.0759332741444363,
            1.2033205203050614,
            1.196704158268823,
            1.1480927587480108,
            1.2753508671269544,
            1.3321329512576456,
            1.2784320330182026,
            1.5876074787932857,
            1.437322200446389,
            1.628438862872523,
            1.577802639308173,
            1.4625336494567838,
            1.74236269771938,
            1.6825182671996854,
            1.7324569137994381,
            1.7717205359452517,
            1.7339886009059375,
            1.8196676483293106,
            1.711325250111934,
            1.888831983342799,
            1.9463801818965134,
            1.785994017091377
        ]
    }
}