{
    "meta_data": {
        "type": "1d",
        "plot_properties": {
            "x_label": "X90 Gate Number",
            "y_label": "Amplitude [a.u.]",
            "title": "T1 Experiment"
        },
        "experiment_properties": {
            "qubit": "q4",
            "repetitions": 10000
        },
        "qubit_parameters": {
            "qb_freq": 4323900000.0,
            "drive_amp": 0.14,
            "drive_len": 4e-05,
            "pi_amp": 0.108208,
            "pi_len": 4e-08,
            "res_freq": 5830500000.0,
            "res_amp": 0.3,
            "res_len": 2e-06,
            "qb_amp_spec": 1.0,
            "qb_lo": 4600000000.0,
            "res_lo": 5600000000.0,
            "flux_bias": -0.777,
            "anharmnonicity": 208390000.0,
            "w125": 4326260000.0,
            "ro_delay": 2e-08,
            "ro_int_delay": 4e-08,
            "angle": -3.4199496432268854,
            "ge": [
                -0.0003101638192222204,
                -0.00011961443650642779
            ]
        }
    },
    "data": {
        "x_data": [
            0,
            1,
            2,
            3,
            4,
            5,
            6,
            7,
            8,
            9,
            10,
            11,
            12,
            13,
            14,
            15,
            16,
            17,
            18,
            19,
            20,
            21,
            22,
            23,
            24,
            25,
            26,
            27,
            28,
            29,
            30,
            31,
            32,
            33,
            34,
            35,
            36,
            37,
            38,
            39,
            40,
            41,
            42,
            43,
            44,
            45,
            46,
            47,
            48,
            49
        ],
        "y_data": [
            0.06783958349833863,
            0.5721758125794729,
            1.1085594600910584,
            0.5976385706795655,
            0.10239997297259498,
            0.5861710326526888,
            1.095023558503877,
            0.6046658473945135,
            0.1191476207479922,
            0.5911111740615955,
            1.09292042549842,
            0.5599286171529344,
            0.14497077064570132,
            0.6078244211844637,
            1.0218926898626906,
            0.5941387203193301,
            0.13316510594774245,
            0.6252751701014004,
            1.0301954495441035,
            0.5303221004438964,
            0.1823648079460795,
            0.6479574272154995,
            0.9397602451284672,
            0.572375858131393,
            0.19129664121323417,
            0.6586306358834121,
            0.960886842574572,
            0.555315324286955,
            0.21267111209944806,
            0.6740378822472661,
            0.976936027304303,
            0.5766280960296384,
            0.2377820281989345,
            0.6436046169883928,
            0.950576024604773,
            0.5701527363437976,
            0.24107819100800212,
            0.6915136520509874,
            0.9736568472772726,
            0.530381033448596,
            0.27371911167483814,
            0.6641855018549997,
            0.9601590819962018,
            0.5673317678601115,
            0.2719893822417231,
            0.662641425883165,
            0.9328858484707397,
            0.5411207330577481,
            0.28899916962815214,
            0.6070566146764594
        ]
    }
}