{
    "meta_data": {
        "type": "1d",
        "plot_properties": {
            "x_label": "X90 Gate Number",
            "y_label": "Amplitude [a.u.]",
            "title": "T1 Experiment"
        },
        "experiment_properties": {
            "qubit": "q4",
            "repetitions": 10000
        },
        "qubit_parameters": {
            "qb_freq": 4323900000.0,
            "drive_amp": 0.14,
            "drive_len": 4e-05,
            "pi_amp": 0.108208,
            "pi_len": 4e-08,
            "res_freq": 5830500000.0,
            "res_amp": 0.3,
            "res_len": 2e-06,
            "qb_amp_spec": 1.0,
            "qb_lo": 4600000000.0,
            "res_lo": 5600000000.0,
            "flux_bias": -0.777,
            "anharmnonicity": 208390000.0,
            "w125": 4326260000.0,
            "ro_delay": 2e-08,
            "ro_int_delay": 4e-08,
            "angle": -3.6283715423107,
            "ge": [
                -0.00039053462802002064,
                -0.0002406645592121751
            ]
        }
    },
    "data": {
        "x_data": [
            0,
            1,
            2,
            3,
            4,
            5,
            6,
            7,
            8,
            9,
            10,
            11,
            12,
            13,
            14,
            15,
            16,
            17,
            18,
            19,
            20,
            21,
            22,
            23,
            24,
            25,
            26,
            27,
            28,
            29,
            30,
            31,
            32,
            33,
            34,
            35,
            36,
            37,
            38,
            39,
            40,
            41,
            42,
            43,
            44,
            45,
            46,
            47,
            48,
            49
        ],
        "y_data": [
            0.8967973845394273,
            1.3892493316869452,
            1.9446273177483215,
            1.4561578889892626,
            0.8772626838934298,
            1.4034067340265275,
            1.878000245172854,
            1.4071146019546947,
            0.9195904488760822,
            1.4279127175007162,
            1.889194151669832,
            1.4066190619741312,
            0.926604140110819,
            1.4162351557655017,
            1.859440621672319,
            1.4462573890272048,
            1.0278368090595067,
            1.3489711880564816,
            1.8678798433441057,
            1.4139149540462785,
            0.9744904478635512,
            1.434267861255144,
            1.8130003736822493,
            1.4058565821432192,
            0.9943565572959759,
            1.3771706126250047,
            1.856163510023148,
            1.456432653003908,
            0.9732536690897012,
            1.4470138070304652,
            1.8317150912905418,
            1.4717882845236268,
            1.084245860808413,
            1.3984222159670912,
            1.84834879771205,
            1.414759472140424,
            1.0752553870111279,
            1.435485245977624,
            1.8478847356268107,
            1.4354208364668273,
            1.0149833436483047,
            1.4317364220010986,
            1.759511285704427,
            1.4379007303474869,
            1.060205404584814,
            1.450861639138108,
            1.8025342849759796,
            1.4853074315908632,
            1.080041135579408,
            1.38845556727241
        ]
    }
}