{
    "meta_data": {
        "type": "1d",
        "plot_properties": {
            "x_label": "Rabi Amplitude [s]",
            "y_label": "State",
            "title": "Power Rabi Experiment"
        },
        "experiment_properties": {
            "qubit": "q1",
            "repetitions": 1000
        },
        "qubit_parameters": {
            "qb_freq": 4723300000,
            "drive_amp": 1,
            "drive_len": 4e-05,
            "pi_amp": 0.1330258098164538,
            "pi_len": 4e-08,
            "res_freq": 5250000000.0,
            "res_amp": 0.35,
            "res_len": 2e-06,
            "qb_amp_spec": 1.0,
            "qb_lo": 4600000000.0,
            "res_lo": 5600000000.0,
            "flux_bias": -0.01807,
            "anharmnonicity": 190300000,
            "w125": 4628150000.0,
            "ro_delay": 1e-07,
            "ro_int_delay": 4e-08,
            "angle": -2.7401405965994967,
            "ge": [
                7.929773022613059e-05,
                0.0002924521612886875
            ]
        }
    },
    "data": {
        "x_data": [
            0.0,
            0.004031085145953146,
            0.008062170291906291,
            0.012093255437859437,
            0.016124340583812583,
            0.020155425729765728,
            0.024186510875718874,
            0.028217596021672023,
            0.032248681167625165,
            0.03627976631357831,
            0.040310851459531456,
            0.0443419366054846,
            0.04837302175143775,
            0.05240410689739089,
            0.056435192043344046,
            0.060466277189297174,
            0.06449736233525033,
            0.06852844748120349,
            0.07255953262715661,
            0.07659061777310977,
            0.08062170291906291,
            0.08465278806501605,
            0.0886838732109692,
            0.09271495835692234,
            0.0967460435028755,
            0.10077712864882864,
            0.10480821379478178,
            0.10883929894073492,
            0.11287038408668809,
            0.1169014692326412,
            0.12093255437859435,
            0.1249636395245475,
            0.12899472467050066,
            0.1330258098164538,
            0.13705689496240697,
            0.1410879801083601,
            0.14511906525431323,
            0.14915015040026638,
            0.15318123554621954,
            0.15721232069217267,
            0.16124340583812583,
            0.16527449098407898,
            0.1693055761300321,
            0.17333666127598524,
            0.1773677464219384,
            0.18139883156789155,
            0.18542991671384468,
            0.18946100185979786,
            0.193492087005751,
            0.19752317215170412,
            0.20155425729765727,
            0.20558534244361046,
            0.20961642758956356,
            0.2136475127355167,
            0.21767859788146984,
            0.221709683027423,
            0.22574076817337618,
            0.22977185331932926,
            0.2338029384652824,
            0.2378340236112356,
            0.2418651087571887,
            0.24589619390314188,
            0.249927279049095,
            0.25395836419504814,
            0.2579894493410013,
            0.26202053448695445,
            0.2660516196329076,
            0.27008270477886076,
            0.27411378992481394,
            0.278144875070767,
            0.2821759602167202,
            0.28620704536267333,
            0.29023813050862646,
            0.29426921565457964,
            0.29830030080053277,
            0.3023313859464859,
            0.3063624710924391,
            0.3103935562383922,
            0.31442464138434534,
            0.31845572653029847,
            0.32248681167625165,
            0.3265178968222048,
            0.33054898196815796,
            0.3345800671141111,
            0.3386111522600642,
            0.3426422374060174,
            0.3466733225519705,
            0.35070440769792366,
            0.3547354928438768,
            0.35876657798982997,
            0.3627976631357831,
            0.3668287482817362,
            0.37085983342768936,
            0.37489091857364254,
            0.3789220037195957,
            0.3829530888655488,
            0.386984174011502,
            0.39101525915745505,
            0.39504634430340824,
            0.39907742944936136
        ],
        "y_data": [
            197039.86679002497,
            197039.86679002497,
            197039.86679002497,
            197039.86679002497,
            197039.86679002497,
            197039.86679002497,
            197039.86679002497,
            197039.86679002497,
            197039.86679002497,
            197039.86679002497,
            197039.86679002497,
            197039.86679002497,
            197039.86679002497,
            197039.86679002497,
            197039.86679002497,
            197039.86679002497,
            197039.86679002497,
            197039.86679002497,
            197039.86679002497,
            197039.86679002497,
            197039.86679002497,
            197039.86679002497,
            197039.86679002497,
            197039.86679002497,
            197039.86679002497,
            197039.86679002497,
            197039.86679002497,
            197039.86679002497,
            197039.86679002497,
            197039.86679002497,
            197039.86679002497,
            197039.86679002497,
            197039.86679002497,
            197039.86679002497,
            197039.86679002497,
            197039.86679002497,
            197039.86679002497,
            197039.86679002497,
            197039.86679002497,
            197039.86679002497,
            197039.86679002497,
            197039.86679002497,
            197039.86679002497,
            197039.86679002497,
            197039.86679002497,
            197039.86679002497,
            197039.86679002497,
            197039.86679002497,
            197039.86679002497,
            197039.86679002497,
            197039.86679002497,
            197039.86679002497,
            197039.86679002497,
            197039.86679002497,
            197039.86679002497,
            197039.86679002497,
            197039.86679002497,
            197039.86679002497,
            197039.86679002497,
            197039.86679002497,
            197039.86679002497,
            197039.86679002497,
            197039.86679002497,
            197039.86679002497,
            197039.86679002497,
            197039.86679002497,
            197039.86679002497,
            197039.86679002497,
            197039.86679002497,
            197039.86679002497,
            197039.86679002497,
            197039.86679002497,
            197039.86679002497,
            197039.86679002497,
            197039.86679002497,
            197039.86679002497,
            197039.86679002497,
            197039.86679002497,
            197039.86679002497,
            197039.86679002497,
            197039.86679002497,
            197039.86679002497,
            197039.86679002497,
            197039.86679002497,
            197039.86679002497,
            197039.86679002497,
            197039.86679002497,
            197039.86679002497,
            197039.86679002497,
            197039.86679002497,
            197039.86679002497,
            197039.86679002497,
            197039.86679002497,
            197039.86679002497,
            197039.86679002497,
            197039.86679002497,
            197039.86679002497,
            197039.86679002497,
            197039.86679002497,
            197039.86679002497
        ]
    }
}