{
    "meta_data": {
        "type": "1d",
        "plot_properties": {
            "x_label": "Qubit Frequency [MHz]",
            "y_label": "Amplitude [a.u.]",
            "title": "Qubit Spectroscopy Experiment"
        },
        "experiment_properties": {
            "qubit": "q4",
            "repetitions": 1000
        },
        "qubit_parameters": {
            "qb_freq": 4323900000.0,
            "drive_amp": 0.2,
            "drive_len": 4e-05,
            "pi_amp": 0.10453792597888534,
            "pi_len": 4e-08,
            "res_freq": 5832500000.0,
            "res_amp": 0.4,
            "res_len": 2e-06,
            "qb_amp_spec": 1.0,
            "qb_lo": 4600000000.0,
            "res_lo": 5600000000.0,
            "flux_bias": -0.77651,
            "anharmnonicity": 208390000.0,
            "w125": 4326260000.0,
            "ro_delay": 2e-08,
            "ro_int_delay": 4e-08,
            "angle": -1.3658908243687164,
            "ge": [
                -0.0004925824631175574,
                -0.0002635067880575656
            ]
        }
    },
    "data": {
        "x_data": [
            4321400000.0,
            4321450000.0,
            4321500000.0,
            4321550000.0,
            4321600000.0,
            4321650000.0,
            4321700000.0,
            4321750000.0,
            4321800000.0,
            4321850000.0,
            4321900000.0,
            4321950000.0,
            4322000000.0,
            4322050000.0,
            4322100000.0,
            4322150000.0,
            4322200000.0,
            4322250000.0,
            4322300000.0,
            4322350000.0,
            4322400000.0,
            4322450000.0,
            4322500000.0,
            4322550000.0,
            4322600000.0,
            4322650000.0,
            4322700000.0,
            4322750000.0,
            4322800000.0,
            4322850000.0,
            4322900000.0,
            4322950000.0,
            4323000000.0,
            4323050000.0,
            4323100000.0,
            4323150000.0,
            4323200000.0,
            4323250000.0,
            4323300000.0,
            4323350000.0,
            4323400000.0,
            4323450000.0,
            4323500000.0,
            4323550000.0,
            4323600000.0,
            4323650000.0,
            4323700000.0,
            4323750000.0,
            4323800000.0,
            4323850000.0,
            4323900000.0,
            4323950000.0,
            4324000000.0,
            4324050000.0,
            4324100000.0,
            4324150000.0,
            4324200000.0,
            4324250000.0,
            4324300000.0,
            4324350000.0,
            4324400000.0,
            4324450000.0,
            4324500000.0,
            4324550000.0,
            4324600000.0,
            4324650000.0,
            4324700000.0,
            4324750000.0,
            4324800000.0,
            4324850000.0,
            4324900000.0,
            4324950000.0,
            4325000000.0,
            4325050000.0,
            4325100000.0,
            4325150000.0,
            4325200000.0,
            4325250000.0,
            4325300000.0,
            4325350000.0,
            4325400000.0,
            4325450000.0,
            4325500000.0,
            4325550000.0,
            4325600000.0,
            4325650000.0,
            4325700000.0,
            4325750000.0,
            4325800000.0,
            4325850000.0,
            4325900000.0,
            4325950000.0,
            4326000000.0,
            4326050000.0,
            4326100000.0,
            4326150000.0,
            4326200000.0,
            4326250000.0,
            4326300000.0,
            4326350000.0,
            4326400000.0
        ],
        "y_data": [
            0.35053404872270266,
            0.35434127162159545,
            0.4082862126250238,
            0.2763320207308727,
            0.34911080016440194,
            0.3596721897292442,
            0.4069214709055666,
            0.2321492789995143,
            0.32345922582943987,
            0.3698355818576061,
            0.4279183830302985,
            0.38810344219818577,
            0.42088026828254516,
            0.46893285427308784,
            0.38778892884821853,
            0.4559474924151857,
            0.3856921769991263,
            0.4196938807316289,
            0.4014475082825698,
            0.3870890027067673,
            0.35363463222084207,
            0.40817787285891627,
            0.3820644581735693,
            0.33512947393254755,
            0.46139694908703854,
            0.45587348329752436,
            0.42464254916690836,
            0.49795329288198065,
            0.37197466288852454,
            0.4454026102681076,
            0.3247047776851946,
            0.37723527412561575,
            0.4370396011146621,
            0.4389036722537818,
            0.34978908806927256,
            0.3113650945116817,
            0.3548958102726323,
            0.3345217724460808,
            0.32746943805080325,
            0.3659256213079483,
            0.3573069823869571,
            0.35291866760901136,
            0.39770037231386435,
            0.4470250437141172,
            0.41051353945240415,
            0.30491535075175774,
            0.38349964771207795,
            0.44903063477571054,
            0.3522617551305091,
            0.3915141429214998,
            0.45847761595534436,
            0.460644329057542,
            0.34379460588878547,
            0.41179911010925785,
            0.4163034343068722,
            0.42253070261505954,
            0.33249031997866174,
            0.41091962821335626,
            0.3993961756173873,
            0.37000656999913284,
            0.3496613681789118,
            0.40452265733136267,
            0.3508343030770242,
            0.4076242171914644,
            0.26128288662228333,
            0.4693455755416007,
            0.49294494333071887,
            0.44771317070478217,
            0.3722854631266085,
            0.30049499661931756,
            0.49975355957438955,
            0.42733408839036674,
            0.39402746775034037,
            0.34227762805032935,
            0.449607459439114,
            0.37907724777097906,
            0.3744141744593818,
            0.4558631802562713,
            0.3547286550492082,
            0.3194204612605898,
            0.269353664033488,
            0.4430602104476142,
            0.36762874776665166,
            0.38528646791817933,
            0.39433113012178467,
            0.41330568271880275,
            0.40485100595056583,
            0.2890512060565389,
            0.4794692865579634,
            0.35474046477113164,
            0.3265103875000887,
            0.5007391430917744,
            0.33360255687613777,
            0.3355721966752487,
            0.4049540854014283,
            0.3534857512632806,
            0.27104432066148904,
            0.3480111520229202,
            0.31008546571476947,
            0.3353861804878572,
            0.3421369077169153
        ]
    }
}