{
    "meta_data": {
        "type": "1d",
        "plot_properties": {
            "x_label": "Qubit Frequency [MHz]",
            "y_label": "Amplitude [a.u.]",
            "title": "Qubit Spectroscopy Experiment"
        },
        "experiment_properties": {
            "qubit": "q4",
            "repetitions": 3000
        },
        "qubit_parameters": {
            "qb_freq": 4323900000.0,
            "drive_amp": 0.2,
            "drive_len": 4e-05,
            "pi_amp": 0.10853792597888534,
            "pi_len": 4e-08,
            "res_freq": 5832500000.0,
            "res_amp": 0.4,
            "res_len": 2e-06,
            "qb_amp_spec": 1.0,
            "qb_lo": 4600000000.0,
            "res_lo": 5600000000.0,
            "flux_bias": -0.7775,
            "anharmnonicity": 208390000.0,
            "w125": 4326260000.0,
            "ro_delay": 2e-08,
            "ro_int_delay": 4e-08,
            "angle": -2.4443143991298353,
            "ge": [
                -0.00042636181776059036,
                -0.0002827908846892121
            ]
        }
    },
    "data": {
        "x_data": [
            4321400000.0,
            4321450000.0,
            4321500000.0,
            4321550000.0,
            4321600000.0,
            4321650000.0,
            4321700000.0,
            4321750000.0,
            4321800000.0,
            4321850000.0,
            4321900000.0,
            4321950000.0,
            4322000000.0,
            4322050000.0,
            4322100000.0,
            4322150000.0,
            4322200000.0,
            4322250000.0,
            4322300000.0,
            4322350000.0,
            4322400000.0,
            4322450000.0,
            4322500000.0,
            4322550000.0,
            4322600000.0,
            4322650000.0,
            4322700000.0,
            4322750000.0,
            4322800000.0,
            4322850000.0,
            4322900000.0,
            4322950000.0,
            4323000000.0,
            4323050000.0,
            4323100000.0,
            4323150000.0,
            4323200000.0,
            4323250000.0,
            4323300000.0,
            4323350000.0,
            4323400000.0,
            4323450000.0,
            4323500000.0,
            4323550000.0,
            4323600000.0,
            4323650000.0,
            4323700000.0,
            4323750000.0,
            4323800000.0,
            4323850000.0,
            4323900000.0,
            4323950000.0,
            4324000000.0,
            4324050000.0,
            4324100000.0,
            4324150000.0,
            4324200000.0,
            4324250000.0,
            4324300000.0,
            4324350000.0,
            4324400000.0,
            4324450000.0,
            4324500000.0,
            4324550000.0,
            4324600000.0,
            4324650000.0,
            4324700000.0,
            4324750000.0,
            4324800000.0,
            4324850000.0,
            4324900000.0,
            4324950000.0,
            4325000000.0,
            4325050000.0,
            4325100000.0,
            4325150000.0,
            4325200000.0,
            4325250000.0,
            4325300000.0,
            4325350000.0,
            4325400000.0,
            4325450000.0,
            4325500000.0,
            4325550000.0,
            4325600000.0,
            4325650000.0,
            4325700000.0,
            4325750000.0,
            4325800000.0,
            4325850000.0,
            4325900000.0,
            4325950000.0,
            4326000000.0,
            4326050000.0,
            4326100000.0,
            4326150000.0,
            4326200000.0,
            4326250000.0,
            4326300000.0,
            4326350000.0,
            4326400000.0
        ],
        "y_data": [
            0.17158203558300553,
            0.30067503263484774,
            0.22687683239116566,
            0.22929510766084918,
            0.28557493592726824,
            0.26341093592078835,
            0.1711266854259704,
            0.08119975384930019,
            0.14534938273380468,
            0.18274546556874127,
            0.24249067106422717,
            0.2097870463052202,
            0.2512448547023673,
            0.32659113971853077,
            0.13432904147735913,
            0.20930882328494843,
            0.21791440991569422,
            0.2044056617803423,
            0.12716872160336246,
            0.24980077534109413,
            0.14894590805085087,
            0.29166517196877545,
            0.2223145096109415,
            0.21771697320684785,
            0.259799118143189,
            0.2145641669435811,
            0.23174014688390132,
            0.2229266357952921,
            0.20278217294417758,
            0.16858534956991336,
            0.13083974782638594,
            0.3159999458010861,
            0.2584744597192613,
            0.16801360373368898,
            0.18808284680714665,
            0.1916213915234654,
            0.21133266726722863,
            0.3023934323668007,
            0.1770384254578153,
            0.2832632908952774,
            0.2721911476175874,
            0.21819949852497067,
            0.35805406364390235,
            0.38592379064527993,
            0.45772023389933636,
            0.4067308643692475,
            0.5736731848065789,
            0.7052966952832954,
            0.7797084389958133,
            0.8511110753485128,
            0.7869239792406765,
            0.7142514488050862,
            0.6294445065485963,
            0.44417164000151044,
            0.4565063040469263,
            0.44029168152593634,
            0.3382807728409974,
            0.3225806928364836,
            0.2635133783366104,
            0.38175469067341267,
            0.2869943459488936,
            0.3379226543342907,
            0.30537040820845973,
            0.21918626523919846,
            0.26752690669966944,
            0.24198188248849967,
            0.10464480161617755,
            0.32901358531852976,
            0.2666103515560597,
            0.33408099205682,
            0.15760529932972359,
            0.355708984909946,
            0.24627026096647803,
            0.16725364111224045,
            0.19526929063100595,
            0.2801135878212913,
            0.3091107572124587,
            0.20254647720678248,
            0.17236925363928549,
            0.21384272634870613,
            0.2303827561381318,
            0.13366284749068266,
            0.15139448728353702,
            0.22914932601294946,
            0.24061173555766374,
            0.23129409692423256,
            0.1843742976064594,
            0.1678495256068256,
            0.31180130399825884,
            0.2114269294137331,
            0.23441645257654822,
            0.16256017399222716,
            0.28771233196164026,
            0.310600593388601,
            0.21557114796084764,
            0.36804020671102666,
            0.1850296285565575,
            0.19208532128826783,
            0.16741217472849215,
            0.21752102515427857,
            0.2134969812431241
        ]
    }
}