{
    "meta_data": {
        "type": "1d",
        "plot_properties": {
            "x_label": "time",
            "y_label": "Amplitude [a.u.]",
            "title": "Controlled Phase oscillation vs. time"
        },
        "experiment_properties": {
            "slave_qubit": "q4",
            "master_qubit": "q3",
            "flux station": -0.14,
            "state": 11,
            "exp_repetitions": 1000
        },
        "qubit_parameters": {
            "q1": {
                "qb_freq": 4723300000,
                "drive_amp": 1,
                "drive_len": 4e-05,
                "pi_amp": 0.1277679833823185,
                "pi_len": 4e-08,
                "res_freq": 5250000000.0,
                "res_amp": 0.35,
                "res_len": 2e-06,
                "qb_amp_spec": 1.0,
                "qb_lo": 4600000000.0,
                "res_lo": 5600000000.0,
                "flux_bias": -0.0183,
                "anharmnonicity": 190300000,
                "w125": 4628150000.0,
                "ro_delay": 1e-07,
                "ro_int_delay": 4e-08,
                "angle": -2.7369100144220284,
                "ge": [
                    0.00011656060279059207,
                    0.00029401170412310417
                ]
            },
            "q2": {
                "qb_freq": 4323900000.0,
                "drive_amp": 0.5,
                "drive_len": 4e-05,
                "pi_amp": 0.14202812886729277,
                "pi_len": 4e-08,
                "res_freq": 4922000000.0,
                "res_amp": 0.75,
                "res_len": 3e-06,
                "qb_amp_spec": 1.0,
                "qb_lo": 4600000000.0,
                "res_lo": 5600000000.0,
                "flux_bias": -0.873,
                "anharmnonicity": 190300000,
                "w125": 4220000000.0,
                "ro_delay": 2e-08,
                "ro_int_delay": 4e-08,
                "angle": -3.253065513064757,
                "ge": [
                    -8.860707344681295e-05,
                    -3.264058462068297e-05
                ]
            },
            "q3": {
                "qb_freq": 4533000000,
                "drive_amp": 0.5,
                "drive_len": 4e-05,
                "pi_amp": 0.12311032872520918,
                "pi_len": 4e-08,
                "res_freq": 6155000000.0,
                "res_amp": 0.4,
                "res_len": 2e-06,
                "qb_amp_spec": 1.0,
                "qb_lo": 4600000000.0,
                "res_lo": 5600000000.0,
                "flux_bias": -0.83678,
                "anharmnonicity": 208220000.0,
                "w125": 4428890000.0,
                "ro_delay": 2e-08,
                "ro_int_delay": 4e-08,
                "angle": -7.852623448891259,
                "ge": [
                    -0.0003101590383918415,
                    -0.00021195280752536226
                ]
            },
            "q4": {
                "qb_freq": 4323900000.0,
                "drive_amp": 0.2,
                "drive_len": 4e-05,
                "pi_amp": 0.104870037337,
                "pi_len": 4e-08,
                "res_freq": 5836500000.0,
                "res_amp": 0.4,
                "res_len": 2e-06,
                "qb_amp_spec": 1.0,
                "qb_lo": 4600000000.0,
                "res_lo": 5600000000.0,
                "flux_bias": -0.77725,
                "anharmnonicity": 208390000.0,
                "w125": 4326260000.0,
                "ro_delay": 2e-08,
                "ro_int_delay": 4e-08,
                "angle": -0.4589692008908344,
                "ge": [
                    -0.0004923160316752499,
                    -0.0002689406037105092
                ]
            },
            "q5": {
                "qb_freq": 4402900000.0,
                "drive_amp": 0.5,
                "drive_len": 4e-05,
                "pi_amp": 0.062420508762112345,
                "pi_len": 4e-08,
                "res_freq": 5546000000.0,
                "res_amp": 0.3,
                "res_len": 2e-06,
                "qb_amp_spec": 1.0,
                "qb_lo": 4600000000.0,
                "res_lo": 5600000000.0,
                "flux_bias": -1,
                "anharmnonicity": 208390000.0,
                "w125": 4326260000.0,
                "ro_delay": 2e-08,
                "ro_int_delay": 4e-08,
                "angle": -2.996056349613848,
                "ge": [
                    -0.00040741841066762414,
                    -0.00023190881940069458
                ]
            },
            "c13": {
                "flux_bias": -0.003
            },
            "c23": {
                "flux_bias": -0.1
            },
            "c43": {
                "flux_bias": -0.04,
                "CZ_flux": -0.145,
                "CZ_length": 8e-08
            },
            "c53": {
                "flux_bias": 0
            }
        }
    },