{
    "meta_data": {
        "type": "1d",
        "plot_properties": {
            "x_label": "Qubit Frequency [MHz]",
            "y_label": "Amplitude [a.u.]",
            "title": "Qubit Spectroscopy Experiment"
        },
        "experiment_properties": {
            "qubit": "q4",
            "repetitions": 3000
        },
        "qubit_parameters": {
            "qb_freq": 4323900000.0,
            "drive_amp": 0.2,
            "drive_len": 4e-05,
            "pi_amp": 0.10853792597888534,
            "pi_len": 4e-08,
            "res_freq": 5832500000.0,
            "res_amp": 0.4,
            "res_len": 2e-06,
            "qb_amp_spec": 1.0,
            "qb_lo": 4600000000.0,
            "res_lo": 5600000000.0,
            "flux_bias": -0.77725,
            "anharmnonicity": 208390000.0,
            "w125": 4326260000.0,
            "ro_delay": 2e-08,
            "ro_int_delay": 4e-08,
            "angle": -2.4443143991298353,
            "ge": [
                -0.00042636181776059036,
                -0.0002827908846892121
            ]
        }
    },
    "data": {
        "x_data": [
            4321400000.0,
            4321450000.0,
            4321500000.0,
            4321550000.0,
            4321600000.0,
            4321650000.0,
            4321700000.0,
            4321750000.0,
            4321800000.0,
            4321850000.0,
            4321900000.0,
            4321950000.0,
            4322000000.0,
            4322050000.0,
            4322100000.0,
            4322150000.0,
            4322200000.0,
            4322250000.0,
            4322300000.0,
            4322350000.0,
            4322400000.0,
            4322450000.0,
            4322500000.0,
            4322550000.0,
            4322600000.0,
            4322650000.0,
            4322700000.0,
            4322750000.0,
            4322800000.0,
            4322850000.0,
            4322900000.0,
            4322950000.0,
            4323000000.0,
            4323050000.0,
            4323100000.0,
            4323150000.0,
            4323200000.0,
            4323250000.0,
            4323300000.0,
            4323350000.0,
            4323400000.0,
            4323450000.0,
            4323500000.0,
            4323550000.0,
            4323600000.0,
            4323650000.0,
            4323700000.0,
            4323750000.0,
            4323800000.0,
            4323850000.0,
            4323900000.0,
            4323950000.0,
            4324000000.0,
            4324050000.0,
            4324100000.0,
            4324150000.0,
            4324200000.0,
            4324250000.0,
            4324300000.0,
            4324350000.0,
            4324400000.0,
            4324450000.0,
            4324500000.0,
            4324550000.0,
            4324600000.0,
            4324650000.0,
            4324700000.0,
            4324750000.0,
            4324800000.0,
            4324850000.0,
            4324900000.0,
            4324950000.0,
            4325000000.0,
            4325050000.0,
            4325100000.0,
            4325150000.0,
            4325200000.0,
            4325250000.0,
            4325300000.0,
            4325350000.0,
            4325400000.0,
            4325450000.0,
            4325500000.0,
            4325550000.0,
            4325600000.0,
            4325650000.0,
            4325700000.0,
            4325750000.0,
            4325800000.0,
            4325850000.0,
            4325900000.0,
            4325950000.0,
            4326000000.0,
            4326050000.0,
            4326100000.0,
            4326150000.0,
            4326200000.0,
            4326250000.0,
            4326300000.0,
            4326350000.0,
            4326400000.0
        ],
        "y_data": [
            0.40479957429570895,
            0.31658863580042196,
            0.2542020257307864,
            0.2318670006389335,
            0.2909022457781376,
            0.2917455159911974,
            0.23805259782759824,
            0.331851873274922,
            0.29597543144511224,
            0.30778465464201465,
            0.15008113527587366,
            0.2655879640707829,
            0.2899760506012339,
            0.2505001523695048,
            0.31601067515220743,
            0.2982934413728826,
            0.2626335095433379,
            0.22212173799353988,
            0.2748114801778013,
            0.2817891157517417,
            0.1600487632195961,
            0.20002383154585307,
            0.30041322153719335,
            0.26553111261240575,
            0.2964302821557799,
            0.22402777900731943,
            0.33651386028102787,
            0.21879954554114148,
            0.25932965776731465,
            0.3032719385366978,
            0.2375870507186492,
            0.30465757954949374,
            0.3053013716955245,
            0.25318440328869796,
            0.2778270445764127,
            0.26026415893408833,
            0.29901942430596784,
            0.3325314376813625,
            0.19726881166889887,
            0.1989458576164509,
            0.3314539474246929,
            0.33515866488159585,
            0.38360267112507,
            0.3897961559118537,
            0.3873760110760464,
            0.36769267715447723,
            0.5428344421828499,
            0.6531622498456259,
            0.5916744481752249,
            0.755043075241001,
            0.7850493697705037,
            0.8824064954571934,
            0.640245822456686,
            0.5497027817748686,
            0.5269951073792751,
            0.5085829770646085,
            0.4729468221930534,
            0.3125968527199951,
            0.41711457564676957,
            0.398207444006144,
            0.40211240509795987,
            0.3737350655155848,
            0.31721855339508337,
            0.33844430826112903,
            0.34455490150543283,
            0.3020874914812491,
            0.3016755583312416,
            0.35140663645791836,
            0.2816988924365401,
            0.3201588542871507,
            0.2585705388010497,
            0.31979844532377627,
            0.3141109634263989,
            0.3295739539913966,
            0.31585968258263963,
            0.3382862950186409,
            0.3180518926215716,
            0.36461676064385345,
            0.3564600299617951,
            0.3152784861529098,
            0.2628273197218226,
            0.3768940358340969,
            0.2618275688076138,
            0.2704396221599779,
            0.28310287959182245,
            0.3359598744640194,
            0.27856578119577063,
            0.34899102771333695,
            0.24287818147427853,
            0.2812856397673462,
            0.29122729415734516,
            0.27417478710433996,
            0.22618617427826435,
            0.23827930993353885,
            0.3249458785815287,
            0.21278052152473265,
            0.3102409279724917,
            0.16383791381844479,
            0.2922001730453625,
            0.30050001838169427,
            0.3003315270730143
        ]
    }
}