{
    "meta_data": {
        "type": "1d",
        "plot_properties": {
            "x_label": "Qubit Frequency [MHz]",
            "y_label": "Amplitude [a.u.]",
            "title": "Qubit Spectroscopy Experiment"
        },
        "experiment_properties": {
            "qubit": "q4",
            "repetitions": 10000
        },
        "qubit_parameters": {
            "qb_freq": 4323900000.0,
            "drive_amp": 0.2,
            "drive_len": 4e-05,
            "pi_amp": 0.10853792597888534,
            "pi_len": 4e-08,
            "res_freq": 5832500000.0,
            "res_amp": 0.4,
            "res_len": 2e-06,
            "qb_amp_spec": 1.0,
            "qb_lo": 4600000000.0,
            "res_lo": 5600000000.0,
            "flux_bias": -0.77651,
            "anharmnonicity": 208390000.0,
            "w125": 4326260000.0,
            "ro_delay": 2e-08,
            "ro_int_delay": 4e-08,
            "angle": -2.4493565646308455,
            "ge": [
                -0.0004418326001142796,
                -0.00028488590854875036
            ]
        }
    },
    "data": {
        "x_data": [
            0.0,
            8.08080808080808e-08,
            1.616161616161616e-07,
            2.4242424242424244e-07,
            3.232323232323232e-07,
            4.04040404040404e-07,
            4.848484848484849e-07,
            5.656565656565657e-07,
            6.464646464646464e-07,
            7.272727272727272e-07,
            8.08080808080808e-07,
            8.888888888888889e-07,
            9.696969696969698e-07,
            1.0505050505050504e-06,
            1.1313131313131313e-06,
            1.212121212121212e-06,
            1.2929292929292929e-06,
            1.3737373737373738e-06,
            1.4545454545454544e-06,
            1.5353535353535353e-06,
            1.616161616161616e-06,
            1.6969696969696969e-06,
            1.7777777777777777e-06,
            1.8585858585858584e-06,
            1.9393939393939395e-06,
            2.02020202020202e-06,
            2.101010101010101e-06,
            2.1818181818181815e-06,
            2.2626262626262626e-06,
            2.3434343434343433e-06,
            2.424242424242424e-06,
            2.505050505050505e-06,
            2.5858585858585857e-06,
            2.6666666666666664e-06,
            2.7474747474747475e-06,
            2.828282828282828e-06,
            2.909090909090909e-06,
            2.98989898989899e-06,
            3.0707070707070706e-06,
            3.1515151515151513e-06,
            3.232323232323232e-06,
            3.313131313131313e-06,
            3.3939393939393937e-06,
            3.4747474747474744e-06,
            3.5555555555555555e-06,
            3.636363636363636e-06,
            3.717171717171717e-06,
            3.797979797979798e-06,
            3.878787878787879e-06,
            3.959595959595959e-06,
            4.04040404040404e-06,
            4.121212121212121e-06,
            4.202020202020202e-06,
            4.282828282828283e-06,
            4.363636363636363e-06,
            4.444444444444444e-06,
            4.525252525252525e-06,
            4.6060606060606055e-06,
            4.686868686868687e-06,
            4.767676767676768e-06,
            4.848484848484848e-06,
            4.929292929292929e-06,
            5.01010101010101e-06,
            5.09090909090909e-06,
            5.1717171717171715e-06,
            5.2525252525252526e-06,
            5.333333333333333e-06,
            5.414141414141414e-06,
            5.494949494949495e-06,
            5.575757575757575e-06,
            5.656565656565656e-06,
            5.7373737373737374e-06,
            5.818181818181818e-06,
            5.898989898989899e-06,
            5.97979797979798e-06,
            6.06060606060606e-06,
            6.141414141414141e-06,
            6.222222222222222e-06,
            6.3030303030303026e-06,
            6.383838383838384e-06,
            6.464646464646464e-06,
            6.545454545454545e-06,
            6.626262626262626e-06,
            6.707070707070706e-06,
            6.7878787878787874e-06,
            6.8686868686868685e-06,
            6.949494949494949e-06,
            7.03030303030303e-06,
            7.111111111111111e-06,
            7.191919191919191e-06,
            7.272727272727272e-06,
            7.353535353535353e-06,
            7.434343434343434e-06,
            7.515151515151515e-06,
            7.595959595959596e-06,
            7.676767676767677e-06,
            7.757575757575758e-06,
            7.838383838383837e-06,
            7.919191919191919e-06,
            8e-06
        ],
        "y_data": [
            1.541129417151428,
            1.4875861508713695,
            1.3202739400382166,
            1.1007392324102476,
            0.8842081710171666,
            0.584038853022977,
            0.4410700919371202,
            0.3101605948217616,
            0.31687080905981346,
            0.33724374860658135,
            0.4970065953684159,
            0.6694213137928489,
            0.918749021161603,
            1.1294826364427457,
            1.275948921158883,
            1.3044397992789794,
            1.2889656634880795,
            1.2287000973070135,
            1.0648081286618707,
            0.9096907754594773,
            0.6889591898065568,
            0.5564545505325167,
            0.4386871049953518,
            0.384406324016925,
            0.43159070512900805,
            0.557355319914522,
            0.6570871672935776,
            0.8365337065945588,
            1.023574615029205,
            1.1854589265053264,
            1.195536481111678,
            1.2312516665692124,
            1.1770558027338591,
            1.1286610267301722,
            0.9008745091733036,
            0.8021574932634506,
            0.6787418327475924,
            0.6235837821492503,
            0.6061762587306455,
            0.5911462295654941,
            0.5951524410828665,
            0.7644796731858737,
            0.863619057823295,
            0.94182212781343,
            1.0749347919031116,
            1.1693359857010617,
            1.1067664639266375,
            1.0937465305013665,
            0.9955145935536424,
            0.9779463835862039,
            0.8107155479102034,
            0.7405572396522937,
            0.7185639585955413,
            0.634857067263177,
            0.603516322023022,
            0.6933477493650699,
            0.7549439420487803,
            0.8681895415311319,
            0.9226457846625451,
            0.9824676517249675,
            1.0185515213492733,
            1.068536796082191,
            1.0613855218783126,
            0.941029568711457,
            0.923733965739062,
            0.9257621120121422,
            0.8142465439974763,
            0.7467059826040451,
            0.7192688769686209,
            0.7286202538288312,
            0.7751225354656144,
            0.7505109526866875,
            0.8427756025931205,
            0.8925958507922535,
            0.9012926663655197,
            0.956489945008683,
            0.9520403370885567,
            0.9664052869289507,
            0.9808796100389947,
            0.944974550829142,
            0.9121539333809043,
            0.8261066320559508,
            0.7652849749424315,
            0.830213853518262,
            0.7379925466726506,
            0.7898179809396665,
            0.7851906705632443,
            0.8166022075621646,
            0.82989446986788,
            0.8578236574330236,
            0.9148600146964043,
            0.9339552046160718,
            0.9487377180460946,
            0.9408101601231207,
            0.9851686306297813,
            0.907191066533749,
            0.9025417848468946,
            0.8580307390600237,
            0.7597677480393924,
            0.8299405738021929
        ]
    }
}