{
    "meta_data": {
        "type": "1d",
        "plot_properties": {
            "x_label": "Rabi Amplitude [s]",
            "y_label": "State",
            "title": "Power Rabi Experiment"
        },
        "experiment_properties": {
            "qubit": "q2",
            "repetitions": 1000
        },
        "qubit_parameters": {
            "qb_freq": 4323900000.0,
            "drive_amp": 0.5,
            "drive_len": 4e-05,
            "pi_amp": 0.148,
            "pi_len": 4e-08,
            "res_freq": 4934000000.0,
            "res_amp": 1,
            "res_len": 2e-06,
            "qb_amp_spec": 1.0,
            "qb_lo": 4600000000.0,
            "res_lo": 5600000000.0,
            "flux_bias": -0.884,
            "anharmnonicity": 190300000,
            "w125": 4220000000.0,
            "ro_delay": 2e-08,
            "ro_int_delay": 4e-08,
            "angle": -5.256260444629553,
            "ge": [
                4.342185417071522e-05,
                9.872327244994911e-05
            ]
        }
    },
    "data": {
        "x_data": [
            0.0,
            0.004484848484848485,
            0.00896969696969697,
            0.013454545454545455,
            0.01793939393939394,
            0.022424242424242426,
            0.02690909090909091,
            0.0313939393939394,
            0.03587878787878788,
            0.04036363636363636,
            0.04484848484848485,
            0.04933333333333334,
            0.05381818181818182,
            0.05830303030303031,
            0.0627878787878788,
            0.06727272727272726,
            0.07175757575757576,
            0.07624242424242425,
            0.08072727272727272,
            0.08521212121212121,
            0.0896969696969697,
            0.09418181818181817,
            0.09866666666666668,
            0.10315151515151516,
            0.10763636363636364,
            0.11212121212121212,
            0.11660606060606062,
            0.1210909090909091,
            0.1255757575757576,
            0.13006060606060604,
            0.13454545454545452,
            0.13903030303030303,
            0.1435151515151515,
            0.148,
            0.1524848484848485,
            0.15696969696969698,
            0.16145454545454543,
            0.16593939393939394,
            0.17042424242424242,
            0.17490909090909093,
            0.1793939393939394,
            0.18387878787878792,
            0.18836363636363634,
            0.19284848484848488,
            0.19733333333333336,
            0.20181818181818184,
            0.20630303030303032,
            0.2107878787878788,
            0.21527272727272728,
            0.21975757575757576,
            0.22424242424242424,
            0.22872727272727275,
            0.23321212121212123,
            0.23769696969696968,
            0.2421818181818182,
            0.24666666666666667,
            0.2511515151515152,
            0.25563636363636366,
            0.2601212121212121,
            0.2646060606060606,
            0.26909090909090905,
            0.2735757575757576,
            0.27806060606060606,
            0.28254545454545454,
            0.287030303030303,
            0.2915151515151515,
            0.296,
            0.30048484848484847,
            0.304969696969697,
            0.3094545454545454,
            0.31393939393939396,
            0.31842424242424244,
            0.32290909090909087,
            0.3273939393939394,
            0.3318787878787879,
            0.3363636363636364,
            0.34084848484848485,
            0.3453333333333333,
            0.34981818181818186,
            0.3543030303030303,
            0.3587878787878788,
            0.3632727272727273,
            0.36775757575757584,
            0.37224242424242426,
            0.3767272727272727,
            0.3812121212121212,
            0.38569696969696976,
            0.3901818181818182,
            0.3946666666666667,
            0.39915151515151515,
            0.4036363636363637,
            0.4081212121212121,
            0.41260606060606064,
            0.41709090909090907,
            0.4215757575757576,
            0.42606060606060603,
            0.43054545454545456,
            0.435030303030303,
            0.4395151515151515,
            0.44399999999999995
        ],
        "y_data": [
            -0.1159003203221599,
            -0.14278463949753636,
            0.07199044987598925,
            0.06251075428938496,
            -0.019687985574464207,
            0.10435380756063459,
            -0.23600310025677934,
            -0.13810727061180245,
            0.04253866243892597,
            -0.18893170744197238,
            0.02396298521107703,
            0.04655592525447307,
            -0.0970949737658649,
            -0.41637906356019,
            -0.06541194534240477,
            -0.18382379599123214,
            -0.3521940733011,
            -0.2790607090438568,
            -0.4203575257279772,
            -0.5421791236361796,
            -0.4816200325631566,
            -0.5705026063844633,
            -0.18991792675923108,
            -0.3896703136972585,
            -0.3738726650537334,
            -0.23883341404891412,
            -0.31279799451531376,
            -0.27399204951020534,
            -0.3468234634993964,
            -0.45276718291594037,
            -0.6226677047888491,
            -0.5312234343310984,
            -0.40597164581147543,
            -0.3727817123286961,
            -0.36943030653046904,
            -0.31864433463287123,
            -0.4887373940315311,
            -0.3586329045038075,
            -0.29574099548919186,
            -0.16043561356724795,
            -0.16662025120375473,
            -0.23558440138302475,
            -0.3693643579577786,
            -0.30359662263222703,
            -0.276971195819324,
            -0.3658419527092852,
            -0.24948727228916204,
            0.07650778357487914,
            -0.07328574854360716,
            -0.09184662997599682,
            -0.24915634104259862,
            -0.020781959736193404,
            0.012970611723551524,
            -0.03749269044037002,
            -0.0798009135953642,
            0.07936356793236368,
            0.13537549774185934,
            -0.1503780183425776,
            -0.12307688200140242,
            0.11045848051535215,
            0.083336229282283,
            -0.024535256754306674,
            0.14707521096689088,
            -0.03914372192224423,
            -0.2845628267559408,
            -0.14945325679919028,
            -0.26181391538237847,
            -0.024070271757187275,
            0.0902165733952161,
            0.12897377888009676,
            0.13264298045997727,
            -0.1614242132998071,
            -0.16949579410295582,
            -0.22356878016609247,
            -0.26790214315832195,
            -0.12020570461600465,
            -0.2540195489629957,
            -0.025490354300551025,
            -0.4641513141333842,
            -0.3958500895453362,
            -0.34769023632585494,
            -0.4575980101333681,
            -0.07940278335867101,
            -0.45630638730378653,
            -0.271540771545267,
            -0.3825920885918321,
            -0.33363508209118187,
            -0.35116862882665884,
            -0.4305611667902992,
            -0.5143108268938759,
            -0.361278708742078,
            -0.531579691396246,
            -0.27523670383881177,
            -0.2501063992119449,
            -0.6295274206631114,
            -0.3841850960823556,
            -0.4790977970576143,
            -0.4319804100456929,
            -0.45918380704550604,
            -0.3906219056957789
        ]
    }
}