{
    "meta_data": {
        "type": "1d",
        "plot_properties": {
            "x_label": "Rabi Amplitude [s]",
            "y_label": "State",
            "title": "Power Rabi Experiment"
        },
        "experiment_properties": {
            "qubit": "q2",
            "repetitions": 1000
        },
        "qubit_parameters": {
            "qb_freq": 4323900000.0,
            "drive_amp": 0.5,
            "drive_len": 4e-05,
            "pi_amp": 0.1401419087323477,
            "pi_len": 4e-08,
            "res_freq": 4922000000.0,
            "res_amp": 0.75,
            "res_len": 3e-06,
            "qb_amp_spec": 1.0,
            "qb_lo": 4600000000.0,
            "res_lo": 5600000000.0,
            "flux_bias": -0.884,
            "anharmnonicity": 190300000,
            "w125": 4220000000.0,
            "ro_delay": 2e-08,
            "ro_int_delay": 4e-08,
            "angle": -5.185783282345535,
            "ge": [
                4.971742554883565e-05,
                9.997336815739102e-05
            ]
        }
    },
    "data": {
        "x_data": [
            0.0,
            0.00424672450704084,
            0.00849344901408168,
            0.012740173521122517,
            0.01698689802816336,
            0.021233622535204198,
            0.025480347042245034,
            0.02972707154928588,
            0.03397379605632672,
            0.038220520563367555,
            0.042467245070408395,
            0.046713969577449235,
            0.05096069408449007,
            0.055207418591530916,
            0.05945414309857176,
            0.0637008676056126,
            0.06794759211265344,
            0.07219431661969428,
            0.07644104112673511,
            0.08068776563377594,
            0.08493449014081679,
            0.08918121464785762,
            0.09342793915489847,
            0.0976746636619393,
            0.10192138816898014,
            0.10616811267602097,
            0.11041483718306183,
            0.11466156169010266,
            0.11890828619714353,
            0.12315501070418433,
            0.1274017352112252,
            0.13164845971826603,
            0.1358951842253069,
            0.14014190873234772,
            0.14438863323938855,
            0.1486353577464294,
            0.15288208225347022,
            0.15712880676051105,
            0.16137553126755189,
            0.16562225577459275,
            0.16986898028163358,
            0.17411570478867444,
            0.17836242929571525,
            0.1826091538027561,
            0.18685587830979694,
            0.19110260281683777,
            0.1953493273238786,
            0.19959605183091944,
            0.20384277633796027,
            0.2080895008450011,
            0.21233622535204194,
            0.21658294985908283,
            0.22082967436612366,
            0.2250763988731645,
            0.22932312338020533,
            0.23356984788724616,
            0.23781657239428705,
            0.24206329690132788,
            0.24631002140836866,
            0.25055674591540955,
            0.2548034704224504,
            0.2590501949294912,
            0.26329691943653205,
            0.2675436439435729,
            0.2717903684506138,
            0.27603709295765455,
            0.28028381746469544,
            0.2845305419717362,
            0.2887772664787771,
            0.2930239909858179,
            0.2972707154928588,
            0.3015174399998996,
            0.30576416450694044,
            0.3100108890139813,
            0.3142576135210221,
            0.318504338028063,
            0.32275106253510377,
            0.3269977870421446,
            0.3312445115491855,
            0.33549123605622627,
            0.33973796056326716,
            0.343984685070308,
            0.3482314095773489,
            0.35247813408438966,
            0.3567248585914305,
            0.3609715830984714,
            0.3652183076055122,
            0.36946503211255305,
            0.3737117566195939,
            0.37795848112663477,
            0.38220520563367555,
            0.38645193014071644,
            0.3906986546477572,
            0.3949453791547981,
            0.3991921036618389,
            0.40343882816887977,
            0.40768555267592055,
            0.41193227718296144,
            0.4161790016900022,
            0.4204257261970431
        ],
        "y_data": [
            -0.8011371948509367,
            -0.5783480670747349,
            -0.6568957008744285,
            -0.7242365733509298,
            -0.5772310397186139,
            -0.7731580227496163,
            -0.7158452946897338,
            -0.7375860901189764,
            -0.7073866299824788,
            -0.677469262693657,
            -0.7023457106123303,
            -0.38523369165818494,
            -0.5290874682517012,
            -0.7272860163529816,
            -0.7545287176318443,
            -0.5466114032514373,
            -0.5902318155396419,
            -0.4928771376494499,
            -0.7785500655549713,
            -0.7558685263722086,
            -0.8250760694207835,
            -0.8165892431677566,
            -0.7469163876836299,
            -0.9258729510755092,
            -1.000576622216769,
            -0.867833996892377,
            -0.7877098644125003,
            -0.9138288495554241,
            -0.8474942080264924,
            -0.9178519690793675,
            -0.8964581522697385,
            -0.9442918503628499,
            -0.9315013670479086,
            -1.0377141494056228,
            -0.9840294823891927,
            -0.9777155308717674,
            -0.8144381106445847,
            -0.9063015565891658,
            -0.9235381840367429,
            -0.968719209073591,
            -0.783636677836221,
            -0.7704229111404618,
            -0.8589871731048818,
            -0.7912840910383998,
            -0.7547643814063383,
            -0.8448251386329807,
            -0.7819095425480054,
            -0.6884137441907936,
            -0.6306490251059053,
            -0.7749487365643781,
            -0.7091519689595627,
            -0.645260064907877,
            -0.8935564422740101,
            -0.5877754443406643,
            -0.5169383873419777,
            -0.6117029543526227,
            -0.7796478509727833,
            -0.7893042415695871,
            -0.7137561639677793,
            -0.6813410826175367,
            -0.802409785300965,
            -0.43792882477534956,
            -0.694532036319658,
            -0.5911865133569383,
            -0.6036330242705076,
            -0.5612544058724698,
            -0.5975039377747483,
            -0.6496875203391614,
            -0.73968824957128,
            -0.7115730632716407,
            -0.7036692907711689,
            -0.47795837495926974,
            -0.6713851240237417,
            -0.7117444730351096,
            -0.6816079766182817,
            -0.7128781992241703,
            -0.8440154344067504,
            -0.6870358611476235,
            -0.6684057190358738,
            -0.936015791328912,
            -0.694069551638813,
            -0.7099824276025584,
            -0.8873442069404917,
            -0.8233845617003133,
            -0.7153046715348659,
            -0.7977228617366136,
            -0.7673652820160746,
            -0.8282351140180219,
            -0.8353766116535568,
            -0.7393010283169144,
            -0.9480326370056635,
            -0.6792797716836853,
            -0.8046420000541644,
            -0.8333250091359918,
            -0.7584004340468736,
            -0.9242663536278853,
            -0.9326203396565576,
            -0.6252880153245951,
            -0.7582473391036509,
            -0.911254478267318
        ]
    }
}