{
    "meta_data": {
        "type": "1d",
        "plot_properties": {
            "x_label": "Rabi Amplitude [s]",
            "y_label": "State",
            "title": "Power Rabi Experiment"
        },
        "experiment_properties": {
            "qubit": "q4",
            "repetitions": 1000
        },
        "qubit_parameters": {
            "qb_freq": 4323900000.0,
            "drive_amp": 0.2,
            "drive_len": 4e-05,
            "pi_amp": 0.104870037337,
            "pi_len": 4e-08,
            "res_freq": 5836500000.0,
            "res_amp": 0.4,
            "res_len": 2e-06,
            "qb_amp_spec": 1.0,
            "qb_lo": 4600000000.0,
            "res_lo": 5600000000.0,
            "flux_bias": -0.77725,
            "anharmnonicity": 208390000.0,
            "w125": 4326260000.0,
            "ro_delay": 2e-08,
            "ro_int_delay": 4e-08,
            "angle": -0.4589692008908344,
            "ge": [
                -0.0004923160316752499,
                -0.0002689406037105092
            ]
        }
    },
    "data": {
        "x_data": [
            0.0,
            0.00317787991930303,
            0.00635575983860606,
            0.00953363975790909,
            0.01271151967721212,
            0.015889399596515155,
            0.01906727951581818,
            0.022245159435121214,
            0.02542303935442424,
            0.028600919273727272,
            0.03177879919303031,
            0.034956679112333335,
            0.03813455903163636,
            0.0413124389509394,
            0.04449031887024243,
            0.04766819878954545,
            0.05084607870884848,
            0.05402395862815152,
            0.057201838547454545,
            0.060379718466757576,
            0.06355759838606062,
            0.06673547830536364,
            0.06991335822466667,
            0.0730912381439697,
            0.07626911806327272,
            0.07944699798257576,
            0.0826248779018788,
            0.08580275782118182,
            0.08898063774048486,
            0.09215851765978787,
            0.0953363975790909,
            0.09851427749839395,
            0.10169215741769697,
            0.10487003733700001,
            0.10804791725630304,
            0.11122579717560607,
            0.11440367709490909,
            0.1175815570142121,
            0.12075943693351515,
            0.1239373168528182,
            0.12711519677212124,
            0.13029307669142426,
            0.13347095661072728,
            0.1366488365300303,
            0.13982671644933334,
            0.14300459636863638,
            0.1461824762879394,
            0.14936035620724242,
            0.15253823612654543,
            0.15571611604584848,
            0.15889399596515152,
            0.16207187588445457,
            0.1652497558037576,
            0.1684276357230606,
            0.17160551564236365,
            0.17478339556166667,
            0.1779612754809697,
            0.18113915540027273,
            0.18431703531957574,
            0.1874949152388788,
            0.1906727951581818,
            0.19385067507748488,
            0.1970285549967879,
            0.20020643491609091,
            0.20338431483539393,
            0.20656219475469695,
            0.20974007467400002,
            0.21291795459330304,
            0.21609583451260608,
            0.2192737144319091,
            0.22245159435121215,
            0.22562947427051516,
            0.22880735418981818,
            0.23198523410912125,
            0.2351631140284242,
            0.2383409939477273,
            0.2415188738670303,
            0.24469675378633332,
            0.2478746337056364,
            0.2510525136249394,
            0.2542303935442425,
            0.25740827346354545,
            0.2605861533828485,
            0.26376403330215153,
            0.26694191322145455,
            0.27011979314075757,
            0.2732976730600606,
            0.27647555297936366,
            0.2796534328986667,
            0.28283131281796975,
            0.28600919273727277,
            0.2891870726565758,
            0.2923649525758788,
            0.2955428324951819,
            0.29872071241448483,
            0.3018985923337879,
            0.30507647225309087,
            0.30825435217239394,
            0.31143223209169696,
            0.314610112011
        ],
        "y_data": [
            0.1844305333146083,
            0.15570582693110005,
            0.20012917556167553,
            0.23285177315304897,
            0.18456910077641553,
            0.11384138236262993,
            0.22517993876880676,
            0.15883847410558327,
            0.2494057586817649,
            0.2635194362659726,
            0.2668488050956966,
            0.2402511959329461,
            0.2889433257351664,
            0.4443890388010675,
            0.28254078952537603,
            0.39068074694622074,
            0.46449226615586575,
            0.41962519051371927,
            0.6096522262266593,
            0.5409168574828815,
            0.5957333571802353,
            0.562663660517392,
            0.5034417466847045,
            0.5720102703862262,
            0.6388882294366957,
            0.725264455458814,
            0.8195563361052844,
            0.744862266271137,
            0.6394003366203903,
            0.7865488360864885,
            0.8944871642375477,
            0.8510107455097629,
            0.7802844165378077,
            0.8034334461345171,
            0.7989824228333199,
            0.6685093603857569,
            0.8265994700442417,
            0.8063830808733791,
            0.8675119750102488,
            0.6988377614934514,
            0.7111331328065422,
            0.7175735302522325,
            0.6190880070030754,
            0.6375931892475103,
            0.6320898730494175,
            0.676399407000927,
            0.588618676623371,
            0.5997318003705183,
            0.4482931252194945,
            0.5943880239547422,
            0.539860208351587,
            0.4771529823749514,
            0.43097262010682214,
            0.3851807062051696,
            0.4451013791877236,
            0.30640671268613107,
            0.30272792663946485,
            0.38347192884456,
            0.3163463715008371,
            0.23978764453156703,
            0.17500819254216463,
            0.18958678296392695,
            0.0892602474827847,
            0.1251911861125144,
            0.15929163992615503,
            0.03275622551210106,
            0.07509287733716712,
            0.02651985317477526,
            0.09298929916237589,
            0.050722007707343475,
            0.15628098658755474,
            0.17053030760232268,
            0.1695067948819786,
            0.10053455792541914,
            0.23128170237911125,
            0.1997786561867146,
            0.2307235123425141,
            0.2037217737546761,
            0.1945592790817543,
            0.22889198137971548,
            0.3054835598852128,
            0.337531899660842,
            0.4538004519477768,
            0.3880483774271659,
            0.4130995495770815,
            0.49132066178731354,
            0.5941974252992273,
            0.5121893673975354,
            0.5455709549047314,
            0.6172851321487668,
            0.5966275458104632,
            0.5644943781116636,
            0.614102932130438,
            0.7363837226829398,
            0.7790287893386943,
            0.7689115816000983,
            0.6552121289392151,
            0.8730614038737153,
            0.8185544964490863,
            0.8339302136238972
        ]
    }
}