{
    "meta_data": {
        "type": "1d",
        "plot_properties": {
            "x_label": "Rabi Amplitude [s]",
            "y_label": "State",
            "title": "Power Rabi Experiment"
        },
        "experiment_properties": {
            "qubit": "q4",
            "repetitions": 1000
        },
        "qubit_parameters": {
            "qb_freq": 4323900000.0,
            "drive_amp": 0.2,
            "drive_len": 4e-05,
            "pi_amp": 0.10453792597888534,
            "pi_len": 4e-08,
            "res_freq": 5832500000.0,
            "res_amp": 0.4,
            "res_len": 2e-06,
            "qb_amp_spec": 1.0,
            "qb_lo": 4600000000.0,
            "res_lo": 5600000000.0,
            "flux_bias": -0.77651,
            "anharmnonicity": 208390000.0,
            "w125": 4326260000.0,
            "ro_delay": 2e-08,
            "ro_int_delay": 4e-08,
            "angle": -2.4755257244086115,
            "ge": [
                -0.00047268964712797386,
                -0.0003012060954247192
            ]
        }
    },
    "data": {
        "x_data": [
            0.0,
            0.0031678159387541014,
            0.006335631877508203,
            0.009503447816262304,
            0.012671263755016406,
            0.01583907969377051,
            0.01900689563252461,
            0.02217471157127871,
            0.02534252751003281,
            0.02851034344878691,
            0.03167815938754102,
            0.03484597532629512,
            0.03801379126504922,
            0.041181607203803317,
            0.04434942314255742,
            0.047517239081311516,
            0.05068505502006562,
            0.05385287095881972,
            0.05702068689757382,
            0.06018850283632793,
            0.06335631877508204,
            0.06652413471383613,
            0.06969195065259023,
            0.07285976659134433,
            0.07602758253009843,
            0.07919539846885254,
            0.08236321440760663,
            0.08553103034636074,
            0.08869884628511485,
            0.09186666222386893,
            0.09503447816262303,
            0.09820229410137715,
            0.10137011004013124,
            0.10453792597888535,
            0.10770574191763944,
            0.11087355785639355,
            0.11404137379514764,
            0.11720918973390174,
            0.12037700567265586,
            0.12354482161140995,
            0.12671263755016407,
            0.12988045348891816,
            0.13304826942767226,
            0.13621608536642638,
            0.13938390130518047,
            0.14255171724393456,
            0.14571953318268865,
            0.14888734912144277,
            0.15205516506019687,
            0.15522298099895096,
            0.15839079693770508,
            0.16155861287645917,
            0.16472642881521327,
            0.16789424475396736,
            0.17106206069272148,
            0.17422987663147557,
            0.1773976925702297,
            0.18056550850898379,
            0.18373332444773785,
            0.186901140386492,
            0.19006895632524606,
            0.1932367722640002,
            0.1964045882027543,
            0.1995724041415084,
            0.2027402200802625,
            0.20590803601901658,
            0.2090758519577707,
            0.2122436678965248,
            0.2154114838352789,
            0.21857929977403298,
            0.2217471157127871,
            0.2249149316515412,
            0.2280827475902953,
            0.23125056352904938,
            0.23441837946780347,
            0.23758619540655762,
            0.2407540113453117,
            0.2439218272840658,
            0.2470896432228199,
            0.250257459161574,
            0.25342527510032814,
            0.25659309103908223,
            0.2597609069778363,
            0.2629287229165904,
            0.2660965388553445,
            0.2692643547940986,
            0.27243217073285275,
            0.2755999866716068,
            0.27876780261036094,
            0.28193561854911503,
            0.2851034344878691,
            0.2882712504266232,
            0.2914390663653773,
            0.2946068823041314,
            0.29777469824288555,
            0.30094251418163964,
            0.30411033012039373,
            0.3072781460591478,
            0.3104459619979019,
            0.313613777936656
        ],
        "y_data": [
            0.4150480789880985,
            0.547472983582619,
            0.41309989488872206,
            0.5114064306426187,
            0.6579464388672652,
            0.6056374013675081,
            0.6318656450817085,
            0.65329864273265,
            0.5551287155835023,
            0.6776169702045957,
            0.6588355906073782,
            0.8502829713329826,
            0.7386069638286,
            0.7806533734019245,
            0.9656459801955638,
            1.0622372830222764,
            1.0376192775554673,
            0.8826937324181124,
            1.022148209009594,
            0.9574997486994132,
            1.2156988928681984,
            1.2525599754398962,
            1.2010667316765824,
            1.2840918714510177,
            1.2510796785281961,
            1.3540046927906915,
            1.4081555664077872,
            1.4037057093588592,
            1.3547630578715377,
            1.3286659554210187,
            1.4053760095134324,
            1.536906699448399,
            1.5510062322574825,
            1.6315198976437622,
            1.537982494711465,
            1.5559887784894786,
            1.2793117141193935,
            1.5380896166254825,
            1.492735577892827,
            1.496026400215065,
            1.4214450827080958,
            1.5209668438669224,
            1.4087472646681174,
            1.296377472450522,
            1.4060452708209283,
            1.2599923666758308,
            1.2384333157853862,
            1.1498575225187087,
            1.114651173595418,
            1.077601974166498,
            1.0943171875978746,
            1.0096384348661955,
            0.907779006476181,
            0.9109033502634327,
            0.853047142553732,
            0.8525681590721735,
            0.6349743662693969,
            0.9560576506068077,
            0.7106081084903229,
            0.5983715843783705,
            0.5444226752346819,
            0.7383341686924977,
            0.6125701479230946,
            0.6601703875224519,
            0.576070426078044,
            0.47576891177898456,
            0.5114156150538517,
            0.4708678668998164,
            0.5739174465538691,
            0.5810275325814116,
            0.49500362370017315,
            0.6115486997091236,
            0.5216949360615362,
            0.578143778474934,
            0.5758623878272583,
            0.6046404722443777,
            0.6464097153192191,
            0.5421618022180799,
            0.6476351893408858,
            0.7206504125351584,
            0.6794472032261683,
            0.8854160944447359,
            0.8898720892096698,
            0.8307626985167796,
            0.907669263470686,
            1.0060946289681922,
            1.0001896209323142,
            0.9874200967019279,
            1.1361805965809837,
            1.0568272576385798,
            1.2077208372226313,
            1.294776793616377,
            1.3875547837373075,
            1.4728595407450853,
            1.3233345855328214,
            1.3727649114479423,
            1.4314615841823972,
            1.3712873544829607,
            1.4243005296542324,
            1.5859640254530472
        ]
    }
}