{
    "meta_data": {
        "type": "1d",
        "plot_properties": {
            "x_label": "Rabi Amplitude [s]",
            "y_label": "State",
            "title": "Power Rabi Experiment"
        },
        "experiment_properties": {
            "qubit": "q2",
            "repetitions": 1000
        },
        "qubit_parameters": {
            "qb_freq": 4323900000.0,
            "drive_amp": 0.5,
            "drive_len": 4e-05,
            "pi_amp": 0.1401419087323477,
            "pi_len": 4e-08,
            "res_freq": 4922000000.0,
            "res_amp": 0.75,
            "res_len": 3e-06,
            "qb_amp_spec": 1.0,
            "qb_lo": 4600000000.0,
            "res_lo": 5600000000.0,
            "flux_bias": -0.873,
            "anharmnonicity": 190300000,
            "w125": 4220000000.0,
            "ro_delay": 2e-08,
            "ro_int_delay": 4e-08,
            "angle": -3.302896850190391,
            "ge": [
                -8.878678622016958e-05,
                -3.682663947606694e-05
            ]
        }
    },
    "data": {
        "x_data": [
            0.0,
            0.00424672450704084,
            0.00849344901408168,
            0.012740173521122517,
            0.01698689802816336,
            0.021233622535204198,
            0.025480347042245034,
            0.02972707154928588,
            0.03397379605632672,
            0.038220520563367555,
            0.042467245070408395,
            0.046713969577449235,
            0.05096069408449007,
            0.055207418591530916,
            0.05945414309857176,
            0.0637008676056126,
            0.06794759211265344,
            0.07219431661969428,
            0.07644104112673511,
            0.08068776563377594,
            0.08493449014081679,
            0.08918121464785762,
            0.09342793915489847,
            0.0976746636619393,
            0.10192138816898014,
            0.10616811267602097,
            0.11041483718306183,
            0.11466156169010266,
            0.11890828619714353,
            0.12315501070418433,
            0.1274017352112252,
            0.13164845971826603,
            0.1358951842253069,
            0.14014190873234772,
            0.14438863323938855,
            0.1486353577464294,
            0.15288208225347022,
            0.15712880676051105,
            0.16137553126755189,
            0.16562225577459275,
            0.16986898028163358,
            0.17411570478867444,
            0.17836242929571525,
            0.1826091538027561,
            0.18685587830979694,
            0.19110260281683777,
            0.1953493273238786,
            0.19959605183091944,
            0.20384277633796027,
            0.2080895008450011,
            0.21233622535204194,
            0.21658294985908283,
            0.22082967436612366,
            0.2250763988731645,
            0.22932312338020533,
            0.23356984788724616,
            0.23781657239428705,
            0.24206329690132788,
            0.24631002140836866,
            0.25055674591540955,
            0.2548034704224504,
            0.2590501949294912,
            0.26329691943653205,
            0.2675436439435729,
            0.2717903684506138,
            0.27603709295765455,
            0.28028381746469544,
            0.2845305419717362,
            0.2887772664787771,
            0.2930239909858179,
            0.2972707154928588,
            0.3015174399998996,
            0.30576416450694044,
            0.3100108890139813,
            0.3142576135210221,
            0.318504338028063,
            0.32275106253510377,
            0.3269977870421446,
            0.3312445115491855,
            0.33549123605622627,
            0.33973796056326716,
            0.343984685070308,
            0.3482314095773489,
            0.35247813408438966,
            0.3567248585914305,
            0.3609715830984714,
            0.3652183076055122,
            0.36946503211255305,
            0.3737117566195939,
            0.37795848112663477,
            0.38220520563367555,
            0.38645193014071644,
            0.3906986546477572,
            0.3949453791547981,
            0.3991921036618389,
            0.40343882816887977,
            0.40768555267592055,
            0.41193227718296144,
            0.4161790016900022,
            0.4204257261970431
        ],
        "y_data": [
            -0.06593626470394152,
            -0.09737973313446906,
            -0.11655775644570644,
            0.14179954849761633,
            -0.02212453414135656,
            -0.12278935618949752,
            0.17427261195330804,
            0.11458269196359416,
            0.14412742968159256,
            0.3216949567314384,
            0.3545983426820747,
            0.18757496990868833,
            0.25563441498830897,
            0.265232708327806,
            0.3086028846474339,
            0.4671932859867194,
            0.5709520532933374,
            0.5361638490151381,
            0.6512785297803105,
            0.6593232024073561,
            0.8178599185112543,
            0.5122418120378882,
            0.7407502555635104,
            0.8119799068296719,
            0.8196629472049158,
            0.9721587279678994,
            0.9680136036373838,
            1.0215047854199055,
            1.2294768088240813,
            0.8240443274797618,
            0.8660553354214289,
            0.9065355002972963,
            1.3029217579743377,
            1.0855076940570294,
            1.133065699342441,
            0.9004522780378835,
            1.0712422374435375,
            1.021869686909564,
            0.9781581427797603,
            0.993026418200756,
            1.0076166504655542,
            0.8766633045649348,
            1.1044247324185745,
            0.912474587831915,
            0.8072939825492007,
            0.7011213033912239,
            0.7097318104937037,
            0.775708676836111,
            0.5820818551110911,
            0.684490608423578,
            0.5292540878222312,
            0.5626993663456125,
            0.45221189907852255,
            0.08996046588204869,
            0.3573787121043636,
            0.39403404906541545,
            0.3496721043906413,
            0.11036537426520947,
            0.2747963467103592,
            0.13807961495974957,
            0.056482717647302255,
            -0.04598252754299815,
            -0.14127431402085092,
            -0.09603772825525667,
            0.07493451187414492,
            0.06642980535234966,
            -0.004535037647407144,
            0.040730223856580046,
            -0.05669436316950201,
            -0.016960655571505594,
            0.0942739801276251,
            0.02854720357685719,
            0.09018569721064945,
            -0.036266375934828385,
            0.17893875682691465,
            0.39474724262483957,
            0.040081624499415255,
            0.03226059087154958,
            0.26619363727525985,
            0.4324206537408992,
            0.354409071243797,
            0.26536489756126536,
            0.6134008732880597,
            0.34513863464830674,
            0.5537608393824538,
            0.6764524181739195,
            0.6108467872537555,
            0.7148592027120139,
            0.7574927009866522,
            0.7552699636014152,
            0.8810211105968927,
            0.9326918706153918,
            0.9022089513898003,
            1.0108077390383634,
            0.9856717627568388,
            0.7434612555213802,
            1.0448580664934888,
            1.106121069862737,
            1.0391879229665129,
            1.0024317997521126
        ]
    }
}