{
    "meta_data": {
        "type": "1d",
        "plot_properties": {
            "x_label": "Rabi Amplitude [s]",
            "y_label": "State",
            "title": "Power Rabi Experiment"
        },
        "experiment_properties": {
            "qubit": "q4",
            "repetitions": 1000
        },
        "qubit_parameters": {
            "qb_freq": 4323900000.0,
            "drive_amp": 0.2,
            "drive_len": 4e-05,
            "pi_amp": 0.10853792597888534,
            "pi_len": 4e-08,
            "res_freq": 5836500000.0,
            "res_amp": 0.4,
            "res_len": 2e-06,
            "qb_amp_spec": 1.0,
            "qb_lo": 4600000000.0,
            "res_lo": 5600000000.0,
            "flux_bias": -0.77725,
            "anharmnonicity": 208390000.0,
            "w125": 4326260000.0,
            "ro_delay": 2e-08,
            "ro_int_delay": 4e-08,
            "angle": -0.4589692008908344,
            "ge": [
                -0.0004923160316752499,
                -0.0002689406037105092
            ]
        }
    },
    "data": {
        "x_data": [
            0.0,
            0.003289028059966223,
            0.006578056119932446,
            0.009867084179898667,
            0.013156112239864891,
            0.016445140299831115,
            0.019734168359797334,
            0.02302319641976356,
            0.026312224479729782,
            0.029601252539696,
            0.03289028059966223,
            0.03617930865962845,
            0.03946833671959467,
            0.042757364779560894,
            0.04604639283952712,
            0.04933542089949333,
            0.052624448959459565,
            0.0559134770194258,
            0.059202505079392,
            0.062491533139358235,
            0.06578056119932446,
            0.06906958925929067,
            0.0723586173192569,
            0.07564764537922312,
            0.07893667343918934,
            0.08222570149915556,
            0.08551472955912179,
            0.08880375761908801,
            0.09209278567905424,
            0.09538181373902045,
            0.09867084179898666,
            0.10195986985895292,
            0.10524889791891913,
            0.10853792597888534,
            0.1118269540388516,
            0.1151159820988178,
            0.118405010158784,
            0.12169403821875024,
            0.12498306627871647,
            0.1282720943386827,
            0.13156112239864892,
            0.13485015045861515,
            0.13813917851858135,
            0.14142820657854757,
            0.1447172346385138,
            0.14800626269848002,
            0.15129529075844625,
            0.15458431881841248,
            0.15787334687837867,
            0.1611623749383449,
            0.16445140299831112,
            0.16774043105827738,
            0.17102945911824358,
            0.1743184871782098,
            0.17760751523817603,
            0.18089654329814225,
            0.18418557135810848,
            0.18747459941807468,
            0.1907636274780409,
            0.19405265553800716,
            0.19734168359797333,
            0.20063071165793958,
            0.20391973971790583,
            0.20720876777787206,
            0.21049779583783826,
            0.21378682389780446,
            0.21707585195777068,
            0.2203648800177369,
            0.2236539080777032,
            0.22694293613766936,
            0.2302319641976356,
            0.2335209922576018,
            0.236810020317568,
            0.24009904837753426,
            0.2433880764375005,
            0.24667710449746671,
            0.24996613255743294,
            0.2532551606173991,
            0.2565441886773654,
            0.2598332167373316,
            0.26312224479729784,
            0.26641127285726407,
            0.2697003009172303,
            0.27298932897719647,
            0.2762783570371627,
            0.2795673850971289,
            0.28285641315709514,
            0.2861454412170614,
            0.2894344692770276,
            0.2927234973369938,
            0.29601252539696005,
            0.2993015534569263,
            0.3025905815168925,
            0.3058796095768587,
            0.30916863763682495,
            0.3124576656967911,
            0.31574669375675735,
            0.3190357218167236,
            0.3223247498766898,
            0.325613777936656
        ],
        "y_data": [
            0.12056671144594129,
            0.1059044241680904,
            0.06862126292184179,
            0.048393685341407325,
            0.025632253100638727,
            0.12583751385883513,
            -0.041393544487847274,
            0.15794841405088492,
            0.1719171924862623,
            0.16356916819724623,
            0.20365355860511936,
            0.2645505355073466,
            0.22892008309669923,
            0.37060631091000845,
            0.4404410621014688,
            0.30398709670445007,
            0.5796978526812867,
            0.5191821134423227,
            0.5534744978363191,
            0.5415491224758354,
            0.7251691470969746,
            0.6777336788962705,
            0.7524255871757022,
            0.8192607981541161,
            0.7868800761279297,
            0.7593365678511586,
            0.895285788540276,
            1.0212082672834835,
            0.9051678659223547,
            0.9762129916921727,
            1.029231177241009,
            0.9615393895276004,
            0.9470850382122643,
            0.949129136309209,
            0.9893317114828062,
            0.9435391989226453,
            0.8834815590164998,
            0.9275466496773687,
            0.8693198722119451,
            0.8413199606007058,
            0.8661123412296192,
            0.7640922252196765,
            0.8312950793745769,
            0.7823933290546625,
            0.5923858976010624,
            0.5292982675058074,
            0.520883758093961,
            0.48997730220762786,
            0.5495654017182199,
            0.41445847909616773,
            0.43572787545868535,
            0.41337831214115794,
            0.19160529774484752,
            0.15103785135229464,
            0.1911724284954422,
            0.19133377659986348,
            0.08423217098151996,
            0.011733396654066964,
            0.13623327306512228,
            0.01973384426980509,
            -0.010568784408412774,
            0.0595796575176952,
            0.04144954235729855,
            0.059016416224647775,
            0.0640360208648346,
            0.026608291117161332,
            0.12945182065003805,
            0.08863670881088798,
            0.1486475286830296,
            0.062094374980734925,
            0.22781555333015976,
            0.23980886288024622,
            0.21362528901362957,
            0.2597463148281114,
            0.29376355721700964,
            0.3565817605686527,
            0.3932465286550453,
            0.3791099698487759,
            0.5284531264130986,
            0.49972094402549855,
            0.6149013501549577,
            0.5459635466024051,
            0.6395178799662838,
            0.7390015437161459,
            0.7406233749624637,
            0.7714783757283926,
            0.8348304924300194,
            1.0330098850541183,
            0.8653149744711222,
            0.9717743884470762,
            0.9382119139226461,
            0.8497205256056614,
            0.9972564447574187,
            0.9062952076496598,
            0.9910996825585656,
            0.9222234797017763,
            1.129770319907395,
            1.0400317130137995,
            0.8578649268029677,
            0.8252456499008674
        ]
    }
}