{
    "meta_data": {
        "type": "1d",
        "plot_properties": {
            "x_label": "Rabi Amplitude [s]",
            "y_label": "State",
            "title": "Power Rabi Experiment"
        },
        "experiment_properties": {
            "qubit": "q2",
            "repetitions": 1000
        },
        "qubit_parameters": {
            "qb_freq": 4323900000.0,
            "drive_amp": 0.5,
            "drive_len": 4e-05,
            "pi_amp": 0.1401419087323477,
            "pi_len": 4e-08,
            "res_freq": 4928000000.0,
            "res_amp": 0.7,
            "res_len": 2e-06,
            "qb_amp_spec": 1.0,
            "qb_lo": 4600000000.0,
            "res_lo": 5600000000.0,
            "flux_bias": -0.884,
            "anharmnonicity": 190300000,
            "w125": 4220000000.0,
            "ro_delay": 2e-08,
            "ro_int_delay": 4e-08,
            "angle": -4.090340831115213,
            "ge": [
                9.632523504714766e-05,
                0.00014486856586271572
            ]
        }
    },
    "data": {
        "x_data": [
            0.0,
            0.00424672450704084,
            0.00849344901408168,
            0.012740173521122517,
            0.01698689802816336,
            0.021233622535204198,
            0.025480347042245034,
            0.02972707154928588,
            0.03397379605632672,
            0.038220520563367555,
            0.042467245070408395,
            0.046713969577449235,
            0.05096069408449007,
            0.055207418591530916,
            0.05945414309857176,
            0.0637008676056126,
            0.06794759211265344,
            0.07219431661969428,
            0.07644104112673511,
            0.08068776563377594,
            0.08493449014081679,
            0.08918121464785762,
            0.09342793915489847,
            0.0976746636619393,
            0.10192138816898014,
            0.10616811267602097,
            0.11041483718306183,
            0.11466156169010266,
            0.11890828619714353,
            0.12315501070418433,
            0.1274017352112252,
            0.13164845971826603,
            0.1358951842253069,
            0.14014190873234772,
            0.14438863323938855,
            0.1486353577464294,
            0.15288208225347022,
            0.15712880676051105,
            0.16137553126755189,
            0.16562225577459275,
            0.16986898028163358,
            0.17411570478867444,
            0.17836242929571525,
            0.1826091538027561,
            0.18685587830979694,
            0.19110260281683777,
            0.1953493273238786,
            0.19959605183091944,
            0.20384277633796027,
            0.2080895008450011,
            0.21233622535204194,
            0.21658294985908283,
            0.22082967436612366,
            0.2250763988731645,
            0.22932312338020533,
            0.23356984788724616,
            0.23781657239428705,
            0.24206329690132788,
            0.24631002140836866,
            0.25055674591540955,
            0.2548034704224504,
            0.2590501949294912,
            0.26329691943653205,
            0.2675436439435729,
            0.2717903684506138,
            0.27603709295765455,
            0.28028381746469544,
            0.2845305419717362,
            0.2887772664787771,
            0.2930239909858179,
            0.2972707154928588,
            0.3015174399998996,
            0.30576416450694044,
            0.3100108890139813,
            0.3142576135210221,
            0.318504338028063,
            0.32275106253510377,
            0.3269977870421446,
            0.3312445115491855,
            0.33549123605622627,
            0.33973796056326716,
            0.343984685070308,
            0.3482314095773489,
            0.35247813408438966,
            0.3567248585914305,
            0.3609715830984714,
            0.3652183076055122,
            0.36946503211255305,
            0.3737117566195939,
            0.37795848112663477,
            0.38220520563367555,
            0.38645193014071644,
            0.3906986546477572,
            0.3949453791547981,
            0.3991921036618389,
            0.40343882816887977,
            0.40768555267592055,
            0.41193227718296144,
            0.4161790016900022,
            0.4204257261970431
        ],
        "y_data": [
            -1.9349308551415239,
            -1.9539461423102944,
            -2.030916471030438,
            -2.0806722000575832,
            -1.749744418093629,
            -1.9027241244241453,
            -1.9825072649801538,
            -1.755527290779655,
            -1.902909885561444,
            -2.0548479820703083,
            -2.029776604131717,
            -1.9112905014323562,
            -2.2774687359005976,
            -2.2936733507512868,
            -2.0971554496857303,
            -2.0004448213362984,
            -2.195820947396925,
            -2.169733865261658,
            -2.252534244143513,
            -2.08805077194316,
            -2.2649429830791434,
            -2.172561565037332,
            -2.282426196759858,
            -2.4058245200486628,
            -2.5777253789225685,
            -2.5781146977171745,
            -2.361506396253831,
            -2.4023054899748835,
            -2.36984957887772,
            -2.634915907304916,
            -2.797119442010214,
            -2.624219609857844,
            -2.620717439572194,
            -2.499549128463533,
            -2.471199517357767,
            -2.4209523616040767,
            -2.5048867223250504,
            -2.7024072770830827,
            -2.4265801192507968,
            -2.5729789460187837,
            -2.4553718844319774,
            -2.2987517788928975,
            -2.3241219632154064,
            -2.375782928671691,
            -2.2340072021385744,
            -2.4331505257074926,
            -2.327408133660991,
            -2.500686534362524,
            -2.1559078232786586,
            -2.3015819867820357,
            -2.3944921095992355,
            -2.2861447618095165,
            -1.8587940681385837,
            -2.3372910928683748,
            -2.2388378272842577,
            -2.1346386622093867,
            -2.204917416264268,
            -2.008381803206283,
            -1.9728652066067276,
            -2.015492879940997,
            -1.7600797134856718,
            -2.3849416763520286,
            -1.7973536648188624,
            -1.9910668700820124,
            -1.7169927533053435,
            -2.0255637952313847,
            -2.119806534159852,
            -1.8296190978625777,
            -2.0248025218243915,
            -2.0270939204279874,
            -2.1938382629182778,
            -1.8528552670084983,
            -2.0454826281969614,
            -1.9121082545060202,
            -2.1289831102312533,
            -2.177543505638279,
            -2.1012791762157583,
            -1.9732251984878815,
            -2.0504574698668168,
            -2.125109579797678,
            -2.0559203640884753,
            -2.2780549554590968,
            -2.2573551042750646,
            -2.2303403250117415,
            -2.1652981183311417,
            -2.3825136202071038,
            -2.481444208883051,
            -2.280087137071958,
            -2.1794306060513877,
            -2.402355272562896,
            -2.653878949500246,
            -2.3244140489638,
            -2.490782224319642,
            -2.456848031146883,
            -2.6279891353388543,
            -2.6496133787611016,
            -2.5206414813905837,
            -2.3453115658170467,
            -2.534358119741429,
            -2.6371683747219006
        ]
    }
}