{
    "meta_data": {
        "type": "1d",
        "plot_properties": {
            "x_label": "Rabi Amplitude [s]",
            "y_label": "State",
            "title": "Power Rabi Experiment"
        },
        "experiment_properties": {
            "qubit": "q4",
            "repetitions": 1000
        },
        "qubit_parameters": {
            "qb_freq": 4323900000.0,
            "drive_amp": 0.2,
            "drive_len": 4e-05,
            "pi_amp": 0.106035259974,
            "pi_len": 4e-08,
            "res_freq": 5836500000.0,
            "res_amp": 0.4,
            "res_len": 2e-06,
            "qb_amp_spec": 1.0,
            "qb_lo": 4600000000.0,
            "res_lo": 5600000000.0,
            "flux_bias": -0.77725,
            "anharmnonicity": 208390000.0,
            "w125": 4326260000.0,
            "ro_delay": 2e-08,
            "ro_int_delay": 4e-08,
            "angle": -0.7802406278603284,
            "ge": [
                -0.00046292718223053505,
                -0.0003452466480060773
            ]
        }
    },
    "data": {
        "x_data": [
            0.0,
            0.0032131896961818183,
            0.006426379392363637,
            0.009639569088545455,
            0.012852758784727273,
            0.016065948480909094,
            0.01927913817709091,
            0.02249232787327273,
            0.025705517569454547,
            0.028918707265636362,
            0.03213189696181819,
            0.035345086658,
            0.03855827635418182,
            0.041771466050363644,
            0.04498465574654546,
            0.048197845442727275,
            0.05141103513890909,
            0.05462422483509091,
            0.057837414531272724,
            0.06105060422745455,
            0.06426379392363638,
            0.06747698361981819,
            0.070690173316,
            0.07390336301218182,
            0.07711655270836364,
            0.08032974240454546,
            0.08354293210072729,
            0.0867561217969091,
            0.08996931149309093,
            0.09318250118927274,
            0.09639569088545455,
            0.09960888058163637,
            0.10282207027781819,
            0.10603525997400001,
            0.10924844967018182,
            0.11246163936636364,
            0.11567482906254545,
            0.11888801875872729,
            0.1221012084549091,
            0.1253143981510909,
            0.12852758784727275,
            0.13174077754345456,
            0.13495396723963637,
            0.1381671569358182,
            0.141380346632,
            0.14459353632818184,
            0.14780672602436365,
            0.15101991572054546,
            0.15423310541672727,
            0.15744629511290908,
            0.16065948480909092,
            0.16387267450527276,
            0.16708586420145458,
            0.17029905389763636,
            0.1735122435938182,
            0.17672543329,
            0.17993862298618185,
            0.18315181268236363,
            0.18636500237854547,
            0.18957819207472726,
            0.1927913817709091,
            0.19600457146709094,
            0.19921776116327275,
            0.20243095085945456,
            0.20564414055563637,
            0.20885733025181819,
            0.21207051994800002,
            0.2152837096441818,
            0.21849689934036365,
            0.2217100890365455,
            0.22492327873272727,
            0.2281364684289091,
            0.2313496581250909,
            0.23456284782127276,
            0.23777603751745457,
            0.2409892272136364,
            0.2442024169098182,
            0.247415606606,
            0.2506287963021818,
            0.2538419859983636,
            0.2570551756945455,
            0.2602683653907273,
            0.2634815550869091,
            0.2666947447830909,
            0.26990793447927275,
            0.2731211241754546,
            0.2763343138716364,
            0.2795475035678182,
            0.282760693264,
            0.28597388296018184,
            0.2891870726563637,
            0.29240026235254546,
            0.2956134520487273,
            0.29882664174490914,
            0.3020398314410909,
            0.30525302113727276,
            0.30846621083345455,
            0.3116794005296364,
            0.31489259022581817,
            0.318105779922
        ],
        "y_data": [
            -0.052902826023987944,
            0.17964976841566416,
            0.1017475619179408,
            0.08068008557333299,
            0.15420495276372995,
            0.2772645985043105,
            0.27017714499436585,
            0.38686766685108925,
            0.38346867480227664,
            0.3422150496926515,
            0.5312960533505978,
            0.3984356040599782,
            0.5441728047938529,
            0.4392719936205158,
            0.6517968392842194,
            0.6318863328853185,
            0.7911965057046548,
            0.6768681040504009,
            0.6331377474440892,
            0.8380645517666306,
            0.8417872796091506,
            0.7912737130955075,
            0.9562874498740771,
            1.097130873125551,
            1.235175181496359,
            1.3152754819315107,
            1.0162586891252545,
            1.1992805673883218,
            1.1446767011006547,
            1.3519896797702837,
            1.180720487830797,
            1.0991717079909926,
            1.3132310831291911,
            1.2711020750981201,
            1.2335945660596004,
            1.2534241685191663,
            1.1909423189358974,
            1.350425512173727,
            1.282220007401503,
            1.081454659267769,
            1.3211376819513332,
            1.3258577845312431,
            1.0932786249005086,
            1.0156946879690085,
            1.1361777491041305,
            1.0100372825654604,
            0.7375646338937119,
            0.8915216706341921,
            0.7449842268862136,
            0.8089350369362475,
            0.8188554933078908,
            0.6609151252006763,
            0.5560100938916586,
            0.6809286239451304,
            0.45906459629915064,
            0.5010082510324861,
            0.4815988244413825,
            0.4252121300257625,
            0.14383330312655276,
            0.3141194698188471,
            0.47419435488784056,
            0.041524118258584465,
            0.20327493507006145,
            0.30949556266814565,
            0.03324074757485829,
            0.2375642571224219,
            0.12347903657120618,
            0.20453274756715994,
            0.19783606330232206,
            0.11643544149152604,
            0.1863585900719476,
            0.025278000313339714,
            0.17240595782128612,
            0.5210216869007487,
            0.1087633485727435,
            0.280574137738095,
            0.25420671171376663,
            0.3201911458732333,
            0.5554268177529812,
            0.5028325340053678,
            0.6282422408664108,
            0.5637161548157181,
            0.5626804964798792,
            0.7427455863790292,
            0.8049594519163561,
            0.7656874826003462,
            0.6485684286292559,
            1.042025633798392,
            1.024571686499007,
            0.8945297545386739,
            1.1044400412350137,
            1.0211825751579522,
            1.103859884898659,
            1.0876588211745286,
            1.2522011882891826,
            1.1182103759708664,
            1.3779731140313916,
            1.2422883708032546,
            1.6027899476919336,
            1.2146206959967032
        ]
    }
}