{
    "meta_data": {
        "type": "1d",
        "plot_properties": {
            "x_label": "Rabi Amplitude [s]",
            "y_label": "State",
            "title": "Power Rabi Experiment"
        },
        "experiment_properties": {
            "qubit": "q2",
            "repetitions": 1000
        },
        "qubit_parameters": {
            "qb_freq": 4323900000.0,
            "drive_amp": 0.5,
            "drive_len": 4e-05,
            "pi_amp": 0.1401419087323477,
            "pi_len": 4e-08,
            "res_freq": 4930000000.0,
            "res_amp": 0.75,
            "res_len": 2e-06,
            "qb_amp_spec": 1.0,
            "qb_lo": 4600000000.0,
            "res_lo": 5600000000.0,
            "flux_bias": -0.884,
            "anharmnonicity": 190300000,
            "w125": 4220000000.0,
            "ro_delay": 2e-08,
            "ro_int_delay": 4e-08,
            "angle": -6.222312663218462,
            "ge": [
                3.6510377574210706e-06,
                -2.3955848695694695e-05
            ]
        }
    },
    "data": {
        "x_data": [
            0.0,
            0.00424672450704084,
            0.00849344901408168,
            0.012740173521122517,
            0.01698689802816336,
            0.021233622535204198,
            0.025480347042245034,
            0.02972707154928588,
            0.03397379605632672,
            0.038220520563367555,
            0.042467245070408395,
            0.046713969577449235,
            0.05096069408449007,
            0.055207418591530916,
            0.05945414309857176,
            0.0637008676056126,
            0.06794759211265344,
            0.07219431661969428,
            0.07644104112673511,
            0.08068776563377594,
            0.08493449014081679,
            0.08918121464785762,
            0.09342793915489847,
            0.0976746636619393,
            0.10192138816898014,
            0.10616811267602097,
            0.11041483718306183,
            0.11466156169010266,
            0.11890828619714353,
            0.12315501070418433,
            0.1274017352112252,
            0.13164845971826603,
            0.1358951842253069,
            0.14014190873234772,
            0.14438863323938855,
            0.1486353577464294,
            0.15288208225347022,
            0.15712880676051105,
            0.16137553126755189,
            0.16562225577459275,
            0.16986898028163358,
            0.17411570478867444,
            0.17836242929571525,
            0.1826091538027561,
            0.18685587830979694,
            0.19110260281683777,
            0.1953493273238786,
            0.19959605183091944,
            0.20384277633796027,
            0.2080895008450011,
            0.21233622535204194,
            0.21658294985908283,
            0.22082967436612366,
            0.2250763988731645,
            0.22932312338020533,
            0.23356984788724616,
            0.23781657239428705,
            0.24206329690132788,
            0.24631002140836866,
            0.25055674591540955,
            0.2548034704224504,
            0.2590501949294912,
            0.26329691943653205,
            0.2675436439435729,
            0.2717903684506138,
            0.27603709295765455,
            0.28028381746469544,
            0.2845305419717362,
            0.2887772664787771,
            0.2930239909858179,
            0.2972707154928588,
            0.3015174399998996,
            0.30576416450694044,
            0.3100108890139813,
            0.3142576135210221,
            0.318504338028063,
            0.32275106253510377,
            0.3269977870421446,
            0.3312445115491855,
            0.33549123605622627,
            0.33973796056326716,
            0.343984685070308,
            0.3482314095773489,
            0.35247813408438966,
            0.3567248585914305,
            0.3609715830984714,
            0.3652183076055122,
            0.36946503211255305,
            0.3737117566195939,
            0.37795848112663477,
            0.38220520563367555,
            0.38645193014071644,
            0.3906986546477572,
            0.3949453791547981,
            0.3991921036618389,
            0.40343882816887977,
            0.40768555267592055,
            0.41193227718296144,
            0.4161790016900022,
            0.4204257261970431
        ],
        "y_data": [
            -1.418363579396209,
            -1.387173145061195,
            -0.9858306359409517,
            -1.4190592864539475,
            -0.7920632017116751,
            -1.177199422445455,
            -1.3837326496658415,
            -1.102108083342494,
            -1.272998388581679,
            -1.4327855234007676,
            -1.1905567196965503,
            -1.281933462951841,
            -1.869257164974359,
            -2.105248866190059,
            -1.2988955980736874,
            -1.6131030069723324,
            -1.9516871626393304,
            -2.0420490799007722,
            -1.8781062475487422,
            -1.9525811634838792,
            -2.1037019397665846,
            -2.067539429196157,
            -1.5993032559580052,
            -2.0091595230202235,
            -1.928921568117441,
            -1.746739932409269,
            -1.9884212925370293,
            -2.3362964021989243,
            -1.8317268215136484,
            -2.055168754520682,
            -2.1782693604769334,
            -2.0672844264369172,
            -1.9122346618088062,
            -2.6603533876998386,
            -2.10719850331372,
            -2.2332816274483105,
            -2.0011446159316177,
            -1.82483151093988,
            -1.9793407713725377,
            -1.6063295351653146,
            -1.6372888525388343,
            -2.475847490630187,
            -1.6469285737802544,
            -2.2794887238974275,
            -1.8175394787805683,
            -1.7169833866594142,
            -1.481469869222058,
            -1.6184794069241648,
            -1.5589741100451824,
            -1.8098298995829607,
            -1.976296432276073,
            -1.6868408280949114,
            -1.496714473433383,
            -1.762851581576083,
            -1.7836157957527543,
            -1.2636485497480474,
            -1.1896255268886449,
            -1.4778696340516988,
            -1.3633218371116298,
            -1.3777015040095195,
            -1.4511759332265117,
            -0.6700267722488678,
            -1.2463811281570696,
            -1.213949468086383,
            -1.3597134540163842,
            -1.356916888345087,
            -1.4498453459043545,
            -1.1261829036860984,
            -1.1577991426304128,
            -0.9273233282851951,
            -1.2511153892714462,
            -1.3645480583851466,
            -1.4101672688961848,
            -0.932459271862827,
            -1.5009275499983654,
            -1.6432964437723467,
            -1.439020177125975,
            -1.3512463395331709,
            -1.4190072532793223,
            -1.6438984618767951,
            -1.6357291145755724,
            -1.0981430336070417,
            -1.2499875985366942,
            -2.180358789091796,
            -1.5996762160114044,
            -1.821241402197699,
            -1.9079287125449704,
            -1.803165710843848,
            -1.7155582015394744,
            -1.9341148907271142,
            -1.8082819303030724,
            -2.4255684516630933,
            -2.3495183303522604,
            -2.099702794961475,
            -1.8246176376579373,
            -1.908559852658462,
            -2.2881626455793986,
            -1.9075104783909997,
            -1.7249230765108075,
            -2.274784849377326
        ]
    }
}