{
    "meta_data": {
        "type": "1d",
        "plot_properties": {
            "x_label": "Rabi Amplitude [s]",
            "y_label": "State",
            "title": "Power Rabi Experiment"
        },
        "experiment_properties": {
            "qubit": "q2",
            "repetitions": 1000
        },
        "qubit_parameters": {
            "qb_freq": 4323900000.0,
            "drive_amp": 0.5,
            "drive_len": 4e-05,
            "pi_amp": 0.1401419087323477,
            "pi_len": 4e-08,
            "res_freq": 4922000000.0,
            "res_amp": 0.75,
            "res_len": 3e-06,
            "qb_amp_spec": 1.0,
            "qb_lo": 4600000000.0,
            "res_lo": 5600000000.0,
            "flux_bias": -0.884,
            "anharmnonicity": 190300000,
            "w125": 4220000000.0,
            "ro_delay": 2e-08,
            "ro_int_delay": 4e-08,
            "angle": -3.302896850190391,
            "ge": [
                -8.878678622016958e-05,
                -3.682663947606694e-05
            ]
        }
    },
    "data": {
        "x_data": [
            0.0,
            0.00424672450704084,
            0.00849344901408168,
            0.012740173521122517,
            0.01698689802816336,
            0.021233622535204198,
            0.025480347042245034,
            0.02972707154928588,
            0.03397379605632672,
            0.038220520563367555,
            0.042467245070408395,
            0.046713969577449235,
            0.05096069408449007,
            0.055207418591530916,
            0.05945414309857176,
            0.0637008676056126,
            0.06794759211265344,
            0.07219431661969428,
            0.07644104112673511,
            0.08068776563377594,
            0.08493449014081679,
            0.08918121464785762,
            0.09342793915489847,
            0.0976746636619393,
            0.10192138816898014,
            0.10616811267602097,
            0.11041483718306183,
            0.11466156169010266,
            0.11890828619714353,
            0.12315501070418433,
            0.1274017352112252,
            0.13164845971826603,
            0.1358951842253069,
            0.14014190873234772,
            0.14438863323938855,
            0.1486353577464294,
            0.15288208225347022,
            0.15712880676051105,
            0.16137553126755189,
            0.16562225577459275,
            0.16986898028163358,
            0.17411570478867444,
            0.17836242929571525,
            0.1826091538027561,
            0.18685587830979694,
            0.19110260281683777,
            0.1953493273238786,
            0.19959605183091944,
            0.20384277633796027,
            0.2080895008450011,
            0.21233622535204194,
            0.21658294985908283,
            0.22082967436612366,
            0.2250763988731645,
            0.22932312338020533,
            0.23356984788724616,
            0.23781657239428705,
            0.24206329690132788,
            0.24631002140836866,
            0.25055674591540955,
            0.2548034704224504,
            0.2590501949294912,
            0.26329691943653205,
            0.2675436439435729,
            0.2717903684506138,
            0.27603709295765455,
            0.28028381746469544,
            0.2845305419717362,
            0.2887772664787771,
            0.2930239909858179,
            0.2972707154928588,
            0.3015174399998996,
            0.30576416450694044,
            0.3100108890139813,
            0.3142576135210221,
            0.318504338028063,
            0.32275106253510377,
            0.3269977870421446,
            0.3312445115491855,
            0.33549123605622627,
            0.33973796056326716,
            0.343984685070308,
            0.3482314095773489,
            0.35247813408438966,
            0.3567248585914305,
            0.3609715830984714,
            0.3652183076055122,
            0.36946503211255305,
            0.3737117566195939,
            0.37795848112663477,
            0.38220520563367555,
            0.38645193014071644,
            0.3906986546477572,
            0.3949453791547981,
            0.3991921036618389,
            0.40343882816887977,
            0.40768555267592055,
            0.41193227718296144,
            0.4161790016900022,
            0.4204257261970431
        ],
        "y_data": [
            0.05787099674144897,
            -0.15702998125074957,
            -0.07546172946990379,
            -0.14066469091787134,
            0.050917295887040255,
            0.2179886171946435,
            0.12363906252355522,
            0.4018452076617187,
            -0.060461025750272845,
            0.24820379982118826,
            0.18597002526886855,
            0.16468458460755628,
            0.25899644724461035,
            0.3520034205183002,
            0.34412739931082176,
            0.3454243831254084,
            0.5154292136560712,
            0.5741027122337802,
            0.43723408433914557,
            0.7163245928396336,
            0.6879051495765129,
            0.85956278352389,
            0.8456988735530137,
            0.7763247952622456,
            0.9348957744978537,
            1.0867561830260046,
            0.7753161974091562,
            0.9772675533662483,
            0.8238108436558108,
            1.0281393446210885,
            0.902784222466799,
            1.052674850457361,
            1.1117124487501857,
            1.0234416535008761,
            1.0055251011744117,
            0.9751460190880782,
            1.1528899486201076,
            0.96193807547921,
            1.0232252632685281,
            0.9950477228935861,
            0.8794837713448872,
            0.9264846442998781,
            0.561892782881423,
            0.8587498782098321,
            0.814968748852815,
            0.779809161570621,
            0.6475938795006443,
            0.8062693725076326,
            0.6488590055071503,
            0.5981710251657935,
            0.3596724527098972,
            0.47320980560984877,
            0.4918639956942112,
            0.3772182572380327,
            0.4289220790210037,
            0.2621934977749473,
            -0.014694817410510898,
            0.20492230546215756,
            0.11416642339400852,
            -0.11133251580025265,
            0.07623237945313618,
            0.07528836026738518,
            -0.13503127798591907,
            0.15754804981359594,
            0.18185646013072645,
            -0.14588594167773597,
            0.1333837267534452,
            -0.0975329333488219,
            -0.06092580556344223,
            -0.23922267127107225,
            -0.08492081006546648,
            -0.2195492246515899,
            -0.23609481241661193,
            0.12917182297509106,
            0.04429486600709306,
            0.13777248697890185,
            0.003208878042576224,
            0.25952933128917394,
            0.16786258328317033,
            0.29158202668219135,
            0.36105186826846053,
            0.4442331109152453,
            0.37375717950260584,
            0.43059159973900824,
            0.4956964572966837,
            0.542487886718247,
            0.6063560212836376,
            0.6501170838377484,
            0.8215520825144637,
            0.6874112530057996,
            0.8762644074894311,
            0.6570229241891603,
            1.0583474916544418,
            0.9793534272328536,
            1.0117371234653136,
            0.9602504194668323,
            0.9566212806388431,
            1.1047678263311034,
            1.13241047175224,
            1.053972275291099
        ]
    }
}