{
    "meta_data": {
        "type": "1d",
        "plot_properties": {
            "x_label": "Rabi Amplitude [s]",
            "y_label": "State",
            "title": "Power Rabi Experiment"
        },
        "experiment_properties": {
            "qubit": "q3",
            "repetitions": 1000
        },
        "qubit_parameters": {
            "qb_freq": 4533000000,
            "drive_amp": 0.5,
            "drive_len": 4e-05,
            "pi_amp": 0.12311032872520918,
            "pi_len": 4e-08,
            "res_freq": 6155000000.0,
            "res_amp": 0.4,
            "res_len": 2e-06,
            "qb_amp_spec": 1.0,
            "qb_lo": 4600000000.0,
            "res_lo": 5600000000.0,
            "flux_bias": -0.8371,
            "anharmnonicity": 208220000.0,
            "w125": 4428890000.0,
            "ro_delay": 2e-08,
            "ro_int_delay": 4e-08,
            "angle": -7.852623448891259,
            "ge": [
                -0.0003101590383918415,
                -0.00021195280752536226
            ]
        }
    },
    "data": {
        "x_data": [
            0.0,
            0.0037306160219760355,
            0.007461232043952071,
            0.011191848065928107,
            0.014922464087904142,
            0.01865308010988018,
            0.022383696131856215,
            0.026114312153832253,
            0.029844928175808284,
            0.03357554419778432,
            0.03730616021976036,
            0.04103677624173639,
            0.04476739226371243,
            0.04849800828568847,
            0.052228624307664506,
            0.055959240329640544,
            0.05968985635161657,
            0.0634204723735926,
            0.06715108839556864,
            0.07088170441754468,
            0.07461232043952072,
            0.07834293646149675,
            0.08207355248347278,
            0.08580416850544884,
            0.08953478452742486,
            0.0932654005494009,
            0.09699601657137694,
            0.10072663259335296,
            0.10445724861532901,
            0.10818786463730504,
            0.11191848065928109,
            0.11564909668125711,
            0.11937971270323314,
            0.12311032872520919,
            0.1268409447471852,
            0.13057156076916127,
            0.1343021767911373,
            0.13803279281311331,
            0.14176340883508937,
            0.14549402485706542,
            0.14922464087904144,
            0.1529552569010175,
            0.1566858729229935,
            0.16041648894496952,
            0.16414710496694557,
            0.16787772098892162,
            0.17160833701089767,
            0.1753389530328737,
            0.17906956905484972,
            0.18280018507682577,
            0.1865308010988018,
            0.19026141712077788,
            0.19399203314275387,
            0.19772264916472987,
            0.20145326518670592,
            0.20518388120868197,
            0.20891449723065803,
            0.21264511325263405,
            0.21637572927461007,
            0.22010634529658613,
            0.22383696131856218,
            0.22756757734053823,
            0.23129819336251423,
            0.23502880938449028,
            0.23875942540646627,
            0.2424900414284423,
            0.24622065745041838,
            0.2499512734723944,
            0.2536818894943704,
            0.2574125055163465,
            0.26114312153832253,
            0.2648737375602986,
            0.2686043535822746,
            0.27233496960425063,
            0.27606558562622663,
            0.2797962016482027,
            0.28352681767017873,
            0.28725743369215473,
            0.29098804971413084,
            0.29471866573610683,
            0.2984492817580829,
            0.30217989778005894,
            0.305910513802035,
            0.309641129824011,
            0.313371745845987,
            0.31710236186796303,
            0.32083297788993903,
            0.32456359391191514,
            0.32829420993389113,
            0.33202482595586724,
            0.33575544197784324,
            0.33948605799981924,
            0.34321667402179534,
            0.34694729004377134,
            0.3506779060657474,
            0.3544085220877234,
            0.35813913810969944,
            0.3618697541316755,
            0.36560037015365154,
            0.36933098617562754
        ],
        "y_data": [
            0.09122692299360807,
            0.12637729816391827,
            0.3692017948280536,
            0.2308468561663321,
            0.4840415911703493,
            0.3720390923337441,
            0.2498886318414644,
            0.22025642476140844,
            0.3559689028030365,
            0.38362538616236463,
            0.39534363020899976,
            0.5126524625207421,
            0.5528317573434058,
            0.5480916860760796,
            0.5674237608612195,
            0.6946848220278954,
            0.7295859910034481,
            0.6898226480746835,
            0.6061761923207001,
            0.9616321743635856,
            0.8963183692288824,
            0.7884595361538905,
            0.7547415560063212,
            0.9419200349766363,
            0.8991941951954657,
            0.9783199377926084,
            1.061773246433671,
            1.2226983218745504,
            1.222335628985188,
            1.0999261079165175,
            1.1822012949927732,
            1.0339256790320746,
            0.9426382191866882,
            1.1625342767144695,
            1.2701950947339349,
            1.0297302474578314,
            1.1328784381601156,
            1.0617649222312668,
            1.0983568502113787,
            1.2590829126239755,
            1.0571879958787456,
            0.9167787470802313,
            0.8718343857796659,
            0.7962032232169883,
            0.6760759069326285,
            0.8484644926755291,
            0.8852065384984863,
            0.6741856937917189,
            0.7738164024574324,
            0.7169062183576622,
            0.6007291405772747,
            0.6485305444491686,
            0.4872957604583467,
            0.5894058053778618,
            0.3742221272570428,
            0.1788872464053966,
            0.4076744178780964,
            0.37402179843901145,
            0.2075787836813165,
            0.2913632898217189,
            0.42185584910257745,
            0.2338070372013822,
            0.23203007718698537,
            0.27120470249350453,
            0.35939122810308183,
            0.20700498496407974,
            0.22991953193609915,
            0.3436383774699493,
            0.29953428594156123,
            0.22890969926372015,
            0.2516531901436314,
            0.3107700015988252,
            0.4864059037008127,
            0.5664412104488554,
            0.46062581460775404,
            0.6515889186059374,
            0.32568402839010807,
            0.5170694954180827,
            0.6965909383475608,
            0.601139070387117,
            0.5651566010127933,
            0.7086970876234162,
            0.8803294887921427,
            0.8588372406737348,
            0.8488948963382524,
            0.7871595742392069,
            0.9846168842314549,
            0.9080007198188749,
            1.0140056250012384,
            0.670299109784745,
            0.8688297199549067,
            1.2164817756004693,
            1.2564763618993355,
            1.2400326319195294,
            1.1586300127673612,
            1.1741986829734665,
            1.008273220174758,
            1.4310437447773119,
            1.1552613464828958,
            1.0076589867796206
        ]
    }
}