{
    "meta_data": {
        "type": "1d",
        "plot_properties": {
            "x_label": "Rabi Amplitude [s]",
            "y_label": "State",
            "title": "Power Rabi Experiment"
        },
        "experiment_properties": {
            "qubit": "q2",
            "repetitions": 10000
        },
        "qubit_parameters": {
            "qb_freq": 4323900000.0,
            "drive_amp": 0.5,
            "drive_len": 4e-05,
            "pi_amp": 0.1401419087323477,
            "pi_len": 4e-08,
            "res_freq": 4922000000.0,
            "res_amp": 0.75,
            "res_len": 3e-06,
            "qb_amp_spec": 1.0,
            "qb_lo": 4600000000.0,
            "res_lo": 5600000000.0,
            "flux_bias": -0.884,
            "anharmnonicity": 190300000,
            "w125": 4220000000.0,
            "ro_delay": 2e-08,
            "ro_int_delay": 4e-08,
            "angle": -3.302896850190391,
            "ge": [
                -8.878678622016958e-05,
                -3.682663947606694e-05
            ]
        }
    },
    "data": {
        "x_data": [
            0.0,
            0.00424672450704084,
            0.00849344901408168,
            0.012740173521122517,
            0.01698689802816336,
            0.021233622535204198,
            0.025480347042245034,
            0.02972707154928588,
            0.03397379605632672,
            0.038220520563367555,
            0.042467245070408395,
            0.046713969577449235,
            0.05096069408449007,
            0.055207418591530916,
            0.05945414309857176,
            0.0637008676056126,
            0.06794759211265344,
            0.07219431661969428,
            0.07644104112673511,
            0.08068776563377594,
            0.08493449014081679,
            0.08918121464785762,
            0.09342793915489847,
            0.0976746636619393,
            0.10192138816898014,
            0.10616811267602097,
            0.11041483718306183,
            0.11466156169010266,
            0.11890828619714353,
            0.12315501070418433,
            0.1274017352112252,
            0.13164845971826603,
            0.1358951842253069,
            0.14014190873234772,
            0.14438863323938855,
            0.1486353577464294,
            0.15288208225347022,
            0.15712880676051105,
            0.16137553126755189,
            0.16562225577459275,
            0.16986898028163358,
            0.17411570478867444,
            0.17836242929571525,
            0.1826091538027561,
            0.18685587830979694,
            0.19110260281683777,
            0.1953493273238786,
            0.19959605183091944,
            0.20384277633796027,
            0.2080895008450011,
            0.21233622535204194,
            0.21658294985908283,
            0.22082967436612366,
            0.2250763988731645,
            0.22932312338020533,
            0.23356984788724616,
            0.23781657239428705,
            0.24206329690132788,
            0.24631002140836866,
            0.25055674591540955,
            0.2548034704224504,
            0.2590501949294912,
            0.26329691943653205,
            0.2675436439435729,
            0.2717903684506138,
            0.27603709295765455,
            0.28028381746469544,
            0.2845305419717362,
            0.2887772664787771,
            0.2930239909858179,
            0.2972707154928588,
            0.3015174399998996,
            0.30576416450694044,
            0.3100108890139813,
            0.3142576135210221,
            0.318504338028063,
            0.32275106253510377,
            0.3269977870421446,
            0.3312445115491855,
            0.33549123605622627,
            0.33973796056326716,
            0.343984685070308,
            0.3482314095773489,
            0.35247813408438966,
            0.3567248585914305,
            0.3609715830984714,
            0.3652183076055122,
            0.36946503211255305,
            0.3737117566195939,
            0.37795848112663477,
            0.38220520563367555,
            0.38645193014071644,
            0.3906986546477572,
            0.3949453791547981,
            0.3991921036618389,
            0.40343882816887977,
            0.40768555267592055,
            0.41193227718296144,
            0.4161790016900022,
            0.4204257261970431
        ],
        "y_data": [
            0.11031213669446736,
            0.006767086232872902,
            0.007627064170508191,
            -0.03216013559832691,
            0.08385207765446274,
            0.04366283956275654,
            0.11483502957202289,
            0.1390830786076946,
            0.1515253965720599,
            0.11996468479682314,
            0.17887048801166092,
            0.2262760635285047,
            0.2437968995545767,
            0.30678756109932126,
            0.32564645596201625,
            0.4280762315613669,
            0.4758353373507874,
            0.45453456613881543,
            0.5599376590241351,
            0.6250741222063376,
            0.6346315608607638,
            0.6337073345454756,
            0.7825482988092545,
            0.8068709442924912,
            0.8129219643000988,
            0.8388940547227012,
            0.8284329307162095,
            0.9081765181460587,
            0.9217930022190571,
            0.9540341377594588,
            0.9715676467427022,
            1.0104089013407807,
            0.9340119569290933,
            0.9428328537280055,
            0.9772097970321557,
            0.9715157039213352,
            0.9699048962296526,
            0.9264165055464367,
            0.9055803522392336,
            0.9428441039453126,
            0.892639236350218,
            0.8833667355089234,
            0.8379381387217014,
            0.7796244992571518,
            0.8108444339807429,
            0.7609837722533133,
            0.7043166788255323,
            0.5990418808278483,
            0.5652919088183779,
            0.5350999282870539,
            0.48939356331173944,
            0.3885476390362328,
            0.448126179941372,
            0.34300993790842227,
            0.32841302562751734,
            0.3049029561180095,
            0.2049881656741877,
            0.15620379599562773,
            0.15521906021299375,
            0.13331194031420585,
            0.09294025001048317,
            0.06099755394212455,
            0.03246630973501437,
            0.024577339911818687,
            0.03664771337109361,
            -0.06272835828438002,
            -0.06060163922626677,
            -0.04384656270393529,
            -0.015917435039586456,
            0.03536002323679681,
            -0.012780091080085501,
            0.01092134725466935,
            0.045580867322847426,
            0.0622073317862362,
            0.12675947264222587,
            0.18687072990108544,
            0.2059286393594005,
            0.2407372560061972,
            0.22471934610212663,
            0.28599011969372784,
            0.3178703086764877,
            0.3759043456239741,
            0.3706263632306789,
            0.45786154945531077,
            0.4846568502819346,
            0.5715359889726233,
            0.6008339288350852,
            0.611454097206972,
            0.6639225501405752,
            0.7173048379080803,
            0.7252839581734505,
            0.7952108365366483,
            0.830986356947889,
            0.9387928436798787,
            0.9079275757809585,
            0.8709859492960225,
            0.9031533573087837,
            0.9979148885096516,
            1.0101494212934248,
            0.9230002773010617
        ]
    }
}