{
    "meta_data": {
        "type": "1d",
        "plot_properties": {
            "x_label": "Rabi Amplitude [s]",
            "y_label": "State",
            "title": "Power Rabi Experiment"
        },
        "experiment_properties": {
            "qubit": "q4",
            "repetitions": 10000
        },
        "qubit_parameters": {
            "qb_freq": 4323900000.0,
            "drive_amp": 0.2,
            "drive_len": 4e-05,
            "pi_amp": 0.10853792597888534,
            "pi_len": 4e-08,
            "res_freq": 5832500000.0,
            "res_amp": 0.4,
            "res_len": 2e-06,
            "qb_amp_spec": 1.0,
            "qb_lo": 4600000000.0,
            "res_lo": 5600000000.0,
            "flux_bias": -0.77651,
            "anharmnonicity": 208390000.0,
            "w125": 4326260000.0,
            "ro_delay": 2e-08,
            "ro_int_delay": 4e-08,
            "angle": -2.3071487646987574,
            "ge": [
                -0.00043704198132730565,
                -0.0001973921274044754
            ]
        }
    },
    "data": {
        "x_data": [
            0.0,
            0.003289028059966223,
            0.006578056119932446,
            0.009867084179898667,
            0.013156112239864891,
            0.016445140299831115,
            0.019734168359797334,
            0.02302319641976356,
            0.026312224479729782,
            0.029601252539696,
            0.03289028059966223,
            0.03617930865962845,
            0.03946833671959467,
            0.042757364779560894,
            0.04604639283952712,
            0.04933542089949333,
            0.052624448959459565,
            0.0559134770194258,
            0.059202505079392,
            0.062491533139358235,
            0.06578056119932446,
            0.06906958925929067,
            0.0723586173192569,
            0.07564764537922312,
            0.07893667343918934,
            0.08222570149915556,
            0.08551472955912179,
            0.08880375761908801,
            0.09209278567905424,
            0.09538181373902045,
            0.09867084179898666,
            0.10195986985895292,
            0.10524889791891913,
            0.10853792597888534,
            0.1118269540388516,
            0.1151159820988178,
            0.118405010158784,
            0.12169403821875024,
            0.12498306627871647,
            0.1282720943386827,
            0.13156112239864892,
            0.13485015045861515,
            0.13813917851858135,
            0.14142820657854757,
            0.1447172346385138,
            0.14800626269848002,
            0.15129529075844625,
            0.15458431881841248,
            0.15787334687837867,
            0.1611623749383449,
            0.16445140299831112,
            0.16774043105827738,
            0.17102945911824358,
            0.1743184871782098,
            0.17760751523817603,
            0.18089654329814225,
            0.18418557135810848,
            0.18747459941807468,
            0.1907636274780409,
            0.19405265553800716,
            0.19734168359797333,
            0.20063071165793958,
            0.20391973971790583,
            0.20720876777787206,
            0.21049779583783826,
            0.21378682389780446,
            0.21707585195777068,
            0.2203648800177369,
            0.2236539080777032,
            0.22694293613766936,
            0.2302319641976356,
            0.2335209922576018,
            0.236810020317568,
            0.24009904837753426,
            0.2433880764375005,
            0.24667710449746671,
            0.24996613255743294,
            0.2532551606173991,
            0.2565441886773654,
            0.2598332167373316,
            0.26312224479729784,
            0.26641127285726407,
            0.2697003009172303,
            0.27298932897719647,
            0.2762783570371627,
            0.2795673850971289,
            0.28285641315709514,
            0.2861454412170614,
            0.2894344692770276,
            0.2927234973369938,
            0.29601252539696005,
            0.2993015534569263,
            0.3025905815168925,
            0.3058796095768587,
            0.30916863763682495,
            0.3124576656967911,
            0.31574669375675735,
            0.3190357218167236,
            0.3223247498766898,
            0.325613777936656
        ],
        "y_data": [
            -0.07922477036594765,
            -0.13072959640843151,
            -0.08392512641791094,
            -0.07281943119277916,
            -0.04881258668788214,
            -0.04646415225629498,
            -0.010394562576011466,
            0.0023676866283469213,
            0.025906791776661563,
            0.06291987437765784,
            0.058792982140502464,
            0.12954493516073678,
            0.1531579922441023,
            0.1994334403306004,
            0.2192647548784731,
            0.2538661688895298,
            0.2876398727145829,
            0.32339360347350493,
            0.3799344337622101,
            0.40450321710794,
            0.4139342339709422,
            0.4732585291555925,
            0.494323351843974,
            0.5589108958333557,
            0.5587754854448445,
            0.5833014701569478,
            0.6270848072438281,
            0.6385897752840959,
            0.6526981452941132,
            0.6679860574031444,
            0.6433170269090316,
            0.7079571179309958,
            0.7120870766645145,
            0.7026796135249928,
            0.6991681898435202,
            0.7221151470497715,
            0.6924277004414202,
            0.6504016366804862,
            0.6869238911580536,
            0.6429159565235516,
            0.6289198936237244,
            0.6087282472559519,
            0.5907244296989396,
            0.5510172275277634,
            0.5131981320340103,
            0.461296733629925,
            0.45436655834132134,
            0.40350391313942635,
            0.33032899222695533,
            0.3402013027854229,
            0.3294773117230636,
            0.2548537549965355,
            0.24478638689199417,
            0.16951814083261169,
            0.11935435674802546,
            0.10518129896213992,
            0.08733063688532584,
            0.05848878182779939,
            0.03229947638244909,
            -0.00401666019488029,
            -0.018952973220076174,
            -0.04894999834068801,
            -0.085227869815069,
            -0.09847141857730511,
            -0.09541840663009037,
            -0.07827168597791462,
            -0.09567966019107697,
            -0.06490057947175823,
            -0.08126431730654642,
            -0.07450125335465618,
            -0.06561926146722576,
            -0.007311838594697598,
            -0.02710552946364837,
            0.024612584719457754,
            0.03692449158000646,
            0.02601287848845299,
            0.08173149799099828,
            0.12710884729538727,
            0.16764671884260923,
            0.17153011288357908,
            0.21958253871749214,
            0.24475132396910138,
            0.24715555241083934,
            0.3596671498547543,
            0.3744910624135414,
            0.3894597544124423,
            0.49411958415707213,
            0.4691354883255949,
            0.5130544615288011,
            0.5276796569552826,
            0.5717601832635378,
            0.5762332097932887,
            0.6082076684198705,
            0.6525288961673537,
            0.6989033575339174,
            0.6955179140278378,
            0.6761527207369379,
            0.6727279023509469,
            0.7200995434531202,
            0.6692012404701412
        ]
    }
}