{
    "meta_data": {
        "type": "1d",
        "plot_properties": {
            "x_label": "Rabi Amplitude [s]",
            "y_label": "State",
            "title": "Power Rabi Experiment"
        },
        "experiment_properties": {
            "qubit": "q2",
            "repetitions": 1000
        },
        "qubit_parameters": {
            "qb_freq": 4323900000.0,
            "drive_amp": 0.5,
            "drive_len": 4e-05,
            "pi_amp": 0.1401419087323477,
            "pi_len": 4e-08,
            "res_freq": 4930000000.0,
            "res_amp": 0.75,
            "res_len": 2e-06,
            "qb_amp_spec": 1.0,
            "qb_lo": 4600000000.0,
            "res_lo": 5600000000.0,
            "flux_bias": -0.884,
            "anharmnonicity": 190300000,
            "w125": 4220000000.0,
            "ro_delay": 2e-08,
            "ro_int_delay": 4e-08,
            "angle": -5.185783282345535,
            "ge": [
                4.971742554883565e-05,
                9.997336815739102e-05
            ]
        }
    },
    "data": {
        "x_data": [
            0.0,
            0.00424672450704084,
            0.00849344901408168,
            0.012740173521122517,
            0.01698689802816336,
            0.021233622535204198,
            0.025480347042245034,
            0.02972707154928588,
            0.03397379605632672,
            0.038220520563367555,
            0.042467245070408395,
            0.046713969577449235,
            0.05096069408449007,
            0.055207418591530916,
            0.05945414309857176,
            0.0637008676056126,
            0.06794759211265344,
            0.07219431661969428,
            0.07644104112673511,
            0.08068776563377594,
            0.08493449014081679,
            0.08918121464785762,
            0.09342793915489847,
            0.0976746636619393,
            0.10192138816898014,
            0.10616811267602097,
            0.11041483718306183,
            0.11466156169010266,
            0.11890828619714353,
            0.12315501070418433,
            0.1274017352112252,
            0.13164845971826603,
            0.1358951842253069,
            0.14014190873234772,
            0.14438863323938855,
            0.1486353577464294,
            0.15288208225347022,
            0.15712880676051105,
            0.16137553126755189,
            0.16562225577459275,
            0.16986898028163358,
            0.17411570478867444,
            0.17836242929571525,
            0.1826091538027561,
            0.18685587830979694,
            0.19110260281683777,
            0.1953493273238786,
            0.19959605183091944,
            0.20384277633796027,
            0.2080895008450011,
            0.21233622535204194,
            0.21658294985908283,
            0.22082967436612366,
            0.2250763988731645,
            0.22932312338020533,
            0.23356984788724616,
            0.23781657239428705,
            0.24206329690132788,
            0.24631002140836866,
            0.25055674591540955,
            0.2548034704224504,
            0.2590501949294912,
            0.26329691943653205,
            0.2675436439435729,
            0.2717903684506138,
            0.27603709295765455,
            0.28028381746469544,
            0.2845305419717362,
            0.2887772664787771,
            0.2930239909858179,
            0.2972707154928588,
            0.3015174399998996,
            0.30576416450694044,
            0.3100108890139813,
            0.3142576135210221,
            0.318504338028063,
            0.32275106253510377,
            0.3269977870421446,
            0.3312445115491855,
            0.33549123605622627,
            0.33973796056326716,
            0.343984685070308,
            0.3482314095773489,
            0.35247813408438966,
            0.3567248585914305,
            0.3609715830984714,
            0.3652183076055122,
            0.36946503211255305,
            0.3737117566195939,
            0.37795848112663477,
            0.38220520563367555,
            0.38645193014071644,
            0.3906986546477572,
            0.3949453791547981,
            0.3991921036618389,
            0.40343882816887977,
            0.40768555267592055,
            0.41193227718296144,
            0.4161790016900022,
            0.4204257261970431
        ],
        "y_data": [
            0.006639976778048283,
            -0.15420839412499843,
            0.12474061761587293,
            -0.11533615319392895,
            0.23654276678612274,
            0.08748107356988372,
            0.018833081518664727,
            -0.10617548878825665,
            -0.14307513256240406,
            0.143585511591282,
            0.33884030324190534,
            0.41143297027808273,
            0.46947356275646346,
            0.5192563708668569,
            0.3841671142479135,
            0.5192796523272732,
            0.6624177183151619,
            0.73140933476386,
            0.8826781891299829,
            0.655213222605727,
            0.5976516186697194,
            0.7820419938110861,
            0.7080224398759104,
            0.7651686757350221,
            1.034082635182006,
            0.6858183673877292,
            0.8067358440873016,
            1.1323614173319034,
            1.080867350941657,
            0.9411018442162121,
            1.1381193987227962,
            0.7963903629518614,
            0.8447216053333638,
            1.1450620241799871,
            0.9776427950243297,
            1.0223674709566553,
            1.1251715993558784,
            0.9585428356112542,
            0.8765058542273888,
            1.0782304745851656,
            0.8342282452976607,
            1.0032887424579824,
            0.6932043966507961,
            0.8123774877768912,
            0.7258238910259756,
            0.9390533474103097,
            0.5750014266068227,
            0.4268325400540544,
            0.44998247909151884,
            0.4704737138975656,
            0.5629552076168989,
            0.2579612071019489,
            0.3776690851791692,
            0.29835734770946704,
            0.4159751585773347,
            0.3456987425420419,
            0.05981923060268437,
            0.03691607584871869,
            -0.020091816416787797,
            0.1844082112777971,
            -0.2831888974910061,
            0.0908579520960254,
            -0.06314802917871702,
            -0.1026657102524764,
            -0.08143491497402758,
            0.018104550092705785,
            0.044346878489524316,
            0.035292514549805996,
            0.0017408288398471777,
            0.08489665612325185,
            0.06441649051794353,
            0.06402857593274563,
            0.09680423036235601,
            0.10455718154503682,
            0.25483597286751386,
            0.2778939652611185,
            0.3900381299800823,
            0.42449193681154523,
            0.34125678739472376,
            0.05884659184624693,
            0.22352577621449277,
            0.3512168301265099,
            0.3948408179316317,
            0.35687959765238164,
            0.5961598103060765,
            0.6748425842789277,
            0.5834108657173076,
            0.8048155345152455,
            0.588376885280429,
            0.7760282991598961,
            0.675815164142399,
            0.6942113204830391,
            1.0372413821913002,
            0.881199879301944,
            1.054418641513273,
            1.0487469423336495,
            1.2306668418567341,
            1.0127175117394822,
            0.998933341232665,
            1.036733118490699
        ]
    }
}