{
    "meta_data": {
        "type": "1d",
        "plot_properties": {
            "x_label": "Rabi Amplitude [s]",
            "y_label": "State",
            "title": "Power Rabi Experiment"
        },
        "experiment_properties": {
            "qubit": "q4",
            "repetitions": 1000
        },
        "qubit_parameters": {
            "qb_freq": 4323900000.0,
            "drive_amp": 0.2,
            "drive_len": 4e-05,
            "pi_amp": 0.10853792597888534,
            "pi_len": 4e-08,
            "res_freq": 5836500000.0,
            "res_amp": 0.4,
            "res_len": 2e-06,
            "qb_amp_spec": 1.0,
            "qb_lo": 4600000000.0,
            "res_lo": 5600000000.0,
            "flux_bias": -0.77725,
            "anharmnonicity": 208390000.0,
            "w125": 4326260000.0,
            "ro_delay": 2e-08,
            "ro_int_delay": 4e-08,
            "angle": -2.4443143991298353,
            "ge": [
                -0.00042636181776059036,
                -0.0002827908846892121
            ]
        }
    },
    "data": {
        "x_data": [
            0.0,
            0.003289028059966223,
            0.006578056119932446,
            0.009867084179898667,
            0.013156112239864891,
            0.016445140299831115,
            0.019734168359797334,
            0.02302319641976356,
            0.026312224479729782,
            0.029601252539696,
            0.03289028059966223,
            0.03617930865962845,
            0.03946833671959467,
            0.042757364779560894,
            0.04604639283952712,
            0.04933542089949333,
            0.052624448959459565,
            0.0559134770194258,
            0.059202505079392,
            0.062491533139358235,
            0.06578056119932446,
            0.06906958925929067,
            0.0723586173192569,
            0.07564764537922312,
            0.07893667343918934,
            0.08222570149915556,
            0.08551472955912179,
            0.08880375761908801,
            0.09209278567905424,
            0.09538181373902045,
            0.09867084179898666,
            0.10195986985895292,
            0.10524889791891913,
            0.10853792597888534,
            0.1118269540388516,
            0.1151159820988178,
            0.118405010158784,
            0.12169403821875024,
            0.12498306627871647,
            0.1282720943386827,
            0.13156112239864892,
            0.13485015045861515,
            0.13813917851858135,
            0.14142820657854757,
            0.1447172346385138,
            0.14800626269848002,
            0.15129529075844625,
            0.15458431881841248,
            0.15787334687837867,
            0.1611623749383449,
            0.16445140299831112,
            0.16774043105827738,
            0.17102945911824358,
            0.1743184871782098,
            0.17760751523817603,
            0.18089654329814225,
            0.18418557135810848,
            0.18747459941807468,
            0.1907636274780409,
            0.19405265553800716,
            0.19734168359797333,
            0.20063071165793958,
            0.20391973971790583,
            0.20720876777787206,
            0.21049779583783826,
            0.21378682389780446,
            0.21707585195777068,
            0.2203648800177369,
            0.2236539080777032,
            0.22694293613766936,
            0.2302319641976356,
            0.2335209922576018,
            0.236810020317568,
            0.24009904837753426,
            0.2433880764375005,
            0.24667710449746671,
            0.24996613255743294,
            0.2532551606173991,
            0.2565441886773654,
            0.2598332167373316,
            0.26312224479729784,
            0.26641127285726407,
            0.2697003009172303,
            0.27298932897719647,
            0.2762783570371627,
            0.2795673850971289,
            0.28285641315709514,
            0.2861454412170614,
            0.2894344692770276,
            0.2927234973369938,
            0.29601252539696005,
            0.2993015534569263,
            0.3025905815168925,
            0.3058796095768587,
            0.30916863763682495,
            0.3124576656967911,
            0.31574669375675735,
            0.3190357218167236,
            0.3223247498766898,
            0.325613777936656
        ],
        "y_data": [
            4.989137849349631,
            4.928464101997719,
            4.939160916327899,
            5.0609238520194,
            5.02119776520367,
            5.044235842580769,
            4.899137805102994,
            4.905420828691712,
            5.023461323608124,
            5.042470004970564,
            4.858767190246523,
            4.846048611398847,
            4.769063846659115,
            4.774303964856098,
            4.811408311978479,
            4.813522180778045,
            4.837161401829349,
            4.676442038824414,
            4.580473997019554,
            4.523087705453395,
            4.763842565929908,
            4.72386909433275,
            4.527796219683666,
            4.503219349922721,
            4.522147671489105,
            4.566702219312327,
            4.589610002564155,
            4.633170605263883,
            4.659718468429606,
            4.698424335775843,
            4.40846512724248,
            4.561277640485399,
            4.368714780733074,
            4.427201329688937,
            4.522321272205963,
            4.49928369052704,
            4.625189185722891,
            4.600008073002826,
            4.600309485605881,
            4.510845740871447,
            4.582771546825467,
            4.712320724414687,
            4.6326578565688505,
            4.651933485455329,
            4.6943563352744215,
            4.809744370797698,
            4.82188836283702,
            4.8597613775968185,
            4.842040850876075,
            4.762792653296267,
            5.0234609848654195,
            4.8116310983235255,
            4.90446279919691,
            4.888237058762398,
            4.728461887401925,
            4.985364011982558,
            4.933780893177,
            5.004188444487808,
            4.818926097705534,
            4.946582455553996,
            4.9569900201588855,
            5.077831694697587,
            4.939512217344839,
            5.079999189793887,
            4.907858483979726,
            5.100622463194115,
            4.997027691697824,
            4.967763497163843,
            4.873252258889529,
            5.063851591632301,
            4.839962408097833,
            5.054626201117745,
            4.932677814336994,
            4.905745826782699,
            4.70174035652044,
            4.945589313011766,
            4.682782193267866,
            4.711289422483303,
            4.774756422034862,
            4.67529650095237,
            4.436474044386634,
            4.651909051002278,
            4.454774173462977,
            4.783633415911495,
            4.668850798873544,
            4.578597307616072,
            4.516289505279329,
            4.511416198111055,
            4.437088672644236,
            4.5448899519893775,
            4.538261263256472,
            4.575084281516871,
            4.613307766132393,
            4.581398030427659,
            4.529135354399693,
            4.642560375946975,
            4.576908918863574,
            4.434923323386923,
            4.523108272242503,
            4.564649325136724
        ]
    }
}