{
    "meta_data": {
        "type": "1d",
        "plot_properties": {
            "x_label": "Qubit Frequency [MHz]",
            "y_label": "Amplitude [a.u.]",
            "title": "Qubit Spectroscopy Experiment"
        },
        "experiment_properties": {
            "qubit": "q2",
            "repetitions": 1000
        },
        "qubit_parameters": {
            "qb_freq": 4323900000.0,
            "drive_amp": 0.5,
            "drive_len": 4e-05,
            "pi_amp": 0.1401419087323477,
            "pi_len": 4e-08,
            "res_freq": 4922000000.0,
            "res_amp": 0.75,
            "res_len": 3e-06,
            "qb_amp_spec": 1.0,
            "qb_lo": 4600000000.0,
            "res_lo": 5600000000.0,
            "flux_bias": -0.874,
            "anharmnonicity": 190300000,
            "w125": 4220000000.0,
            "ro_delay": 2e-08,
            "ro_int_delay": 4e-08,
            "angle": -3.302896850190391,
            "ge": [
                -8.878678622016958e-05,
                -3.682663947606694e-05
            ]
        }
    },
    "data": {
        "x_data": [
            4321400000.0,
            4321450000.0,
            4321500000.0,
            4321550000.0,
            4321600000.0,
            4321650000.0,
            4321700000.0,
            4321750000.0,
            4321800000.0,
            4321850000.0,
            4321900000.0,
            4321950000.0,
            4322000000.0,
            4322050000.0,
            4322100000.0,
            4322150000.0,
            4322200000.0,
            4322250000.0,
            4322300000.0,
            4322350000.0,
            4322400000.0,
            4322450000.0,
            4322500000.0,
            4322550000.0,
            4322600000.0,
            4322650000.0,
            4322700000.0,
            4322750000.0,
            4322800000.0,
            4322850000.0,
            4322900000.0,
            4322950000.0,
            4323000000.0,
            4323050000.0,
            4323100000.0,
            4323150000.0,
            4323200000.0,
            4323250000.0,
            4323300000.0,
            4323350000.0,
            4323400000.0,
            4323450000.0,
            4323500000.0,
            4323550000.0,
            4323600000.0,
            4323650000.0,
            4323700000.0,
            4323750000.0,
            4323800000.0,
            4323850000.0,
            4323900000.0,
            4323950000.0,
            4324000000.0,
            4324050000.0,
            4324100000.0,
            4324150000.0,
            4324200000.0,
            4324250000.0,
            4324300000.0,
            4324350000.0,
            4324400000.0,
            4324450000.0,
            4324500000.0,
            4324550000.0,
            4324600000.0,
            4324650000.0,
            4324700000.0,
            4324750000.0,
            4324800000.0,
            4324850000.0,
            4324900000.0,
            4324950000.0,
            4325000000.0,
            4325050000.0,
            4325100000.0,
            4325150000.0,
            4325200000.0,
            4325250000.0,
            4325300000.0,
            4325350000.0,
            4325400000.0,
            4325450000.0,
            4325500000.0,
            4325550000.0,
            4325600000.0,
            4325650000.0,
            4325700000.0,
            4325750000.0,
            4325800000.0,
            4325850000.0,
            4325900000.0,
            4325950000.0,
            4326000000.0,
            4326050000.0,
            4326100000.0,
            4326150000.0,
            4326200000.0,
            4326250000.0,
            4326300000.0,
            4326350000.0,
            4326400000.0
        ],
        "y_data": [
            0.11490761951190746,
            -0.05358969708930973,
            -0.07492256068667204,
            -0.014267457770254989,
            -0.0977137762293094,
            -0.2157054225566572,
            0.194779492422134,
            -0.09576837343525375,
            -0.1216984905721554,
            -0.16859208971810336,
            -0.09621798771314845,
            -0.1845024114035874,
            0.04551503136255535,
            0.018939019670876363,
            -0.012666804220885257,
            0.014640304163824577,
            -0.03352362173501922,
            -0.07089499341996806,
            0.005646231226941909,
            0.09240055234949075,
            0.05504714593783311,
            0.11574376593109913,
            -0.003272803725393798,
            -0.1026214658248559,
            0.15495016047987628,
            -0.054019358487053235,
            0.01459893035347122,
            0.1530126105884763,
            -0.06705946194446051,
            0.09404576436805583,
            -0.1324434544180717,
            -0.019911140148157147,
            0.08011862726798406,
            0.173281723910362,
            -0.14751817944796344,
            0.11663606504899218,
            0.11972129349058558,
            0.10533983157929733,
            0.05971831376928743,
            0.29109475316620675,
            0.23903056781666376,
            0.026260385504810857,
            0.2831371477310073,
            0.16003934024429267,
            0.2695847681650303,
            0.6582054700068872,
            0.449970271229133,
            0.5888151551343344,
            0.5938538438157679,
            0.5517762091863208,
            0.3312664411122376,
            0.310884002266459,
            0.2763828634814569,
            0.2573986003376665,
            0.3299444840488057,
            0.025962449882044863,
            0.09676336494132394,
            0.00927245121585187,
            0.1465561739304722,
            0.02138414722024077,
            -0.049371163351817175,
            0.03202356940082574,
            -0.08725875442616154,
            -0.25298194578035227,
            0.03731087809774506,
            -0.15365240457970694,
            -0.218980355688219,
            -0.12340445621524389,
            -0.04159866944822416,
            0.026811770777446807,
            -0.036479549575441216,
            0.031953957419025826,
            -0.14250356471604939,
            -0.2663844530573129,
            -0.14069394662665477,
            -0.16076668905128416,
            -0.05676984476235347,
            0.015128861036908659,
            -0.05577131440123905,
            0.06998074052407642,
            -0.06897963430042015,
            0.07489810923856832,
            -0.1044640559214004,
            -0.015321910395406734,
            0.12738529323077208,
            -0.0034676090478158467,
            -0.13524847689721933,
            0.16907719145210698,
            -0.1114516479324616,
            -0.14480057110723474,
            -0.0312928596999425,
            -0.09371141782442184,
            -0.029321349607795647,
            -0.07938264950271907,
            -0.04488678568650807,
            0.03852894882800206,
            -0.055171788997025094,
            0.08712734073048951,
            -0.11341593514931182,
            -0.06783341085451026,
            -0.04442392184695061
        ]
    }
}