{
    "meta_data": {
        "type": "1d",
        "plot_properties": {
            "x_label": "Qubit Frequency [MHz]",
            "y_label": "Amplitude [a.u.]",
            "title": "Qubit Spectroscopy Experiment"
        },
        "experiment_properties": {
            "qubit": "q2",
            "repetitions": 1000
        },
        "qubit_parameters": {
            "qb_freq": 4323900000.0,
            "drive_amp": 0.5,
            "drive_len": 4e-05,
            "pi_amp": 0.1401419087323477,
            "pi_len": 4e-08,
            "res_freq": 4922000000.0,
            "res_amp": 0.75,
            "res_len": 3e-06,
            "qb_amp_spec": 1.0,
            "qb_lo": 4600000000.0,
            "res_lo": 5600000000.0,
            "flux_bias": -0.884,
            "anharmnonicity": 190300000,
            "w125": 4220000000.0,
            "ro_delay": 2e-08,
            "ro_int_delay": 4e-08,
            "angle": -3.302896850190391,
            "ge": [
                -8.878678622016958e-05,
                -3.682663947606694e-05
            ]
        }
    },
    "data": {
        "x_data": [
            4298900000.0,
            4299400000.0,
            4299900000.0,
            4300400000.0,
            4300900000.0,
            4301400000.0,
            4301900000.0,
            4302400000.0,
            4302900000.0,
            4303400000.0,
            4303900000.0,
            4304400000.0,
            4304900000.0,
            4305400000.0,
            4305900000.0,
            4306400000.0,
            4306900000.0,
            4307400000.0,
            4307900000.0,
            4308400000.0,
            4308900000.0,
            4309400000.0,
            4309900000.0,
            4310400000.0,
            4310900000.0,
            4311400000.0,
            4311900000.0,
            4312400000.0,
            4312900000.0,
            4313400000.0,
            4313900000.0,
            4314400000.0,
            4314900000.0,
            4315400000.0,
            4315900000.0,
            4316400000.0,
            4316900000.0,
            4317400000.0,
            4317900000.0,
            4318400000.0,
            4318900000.0,
            4319400000.0,
            4319900000.0,
            4320400000.0,
            4320900000.0,
            4321400000.0,
            4321900000.0,
            4322400000.0,
            4322900000.0,
            4323400000.0,
            4323900000.0,
            4324400000.0,
            4324900000.0,
            4325400000.0,
            4325900000.0,
            4326400000.0,
            4326900000.0,
            4327400000.0,
            4327900000.0,
            4328400000.0,
            4328900000.0,
            4329400000.0,
            4329900000.0,
            4330400000.0,
            4330900000.0,
            4331400000.0,
            4331900000.0,
            4332400000.0,
            4332900000.0,
            4333400000.0,
            4333900000.0,
            4334400000.0,
            4334900000.0,
            4335400000.0,
            4335900000.0,
            4336400000.0,
            4336900000.0,
            4337400000.0,
            4337900000.0,
            4338400000.0,
            4338900000.0,
            4339400000.0,
            4339900000.0,
            4340400000.0,
            4340900000.0,
            4341400000.0,
            4341900000.0,
            4342400000.0,
            4342900000.0,
            4343400000.0,
            4343900000.0,
            4344400000.0,
            4344900000.0,
            4345400000.0,
            4345900000.0,
            4346400000.0,
            4346900000.0,
            4347400000.0,
            4347900000.0,
            4348400000.0,
            4348900000.0
        ],
        "y_data": [
            -0.029429974091930027,
            -0.07552327278625369,
            0.006362391093259934,
            -0.12178757039934507,
            0.1003235382128445,
            0.23038318512656264,
            -0.00941803189658733,
            0.1575900898994578,
            0.14049733545595086,
            0.22101652264014046,
            0.08644347537614759,
            -0.005474421385289098,
            -0.09472644454572524,
            0.09957937233584699,
            -0.03773135525008813,
            0.13400830394416127,
            0.0637560322439302,
            0.048179038183860975,
            0.03193798924615689,
            0.07257799119992527,
            -0.01353932824716927,
            -0.054548771339784925,
            0.04248621712416954,
            0.12072482437021717,
            0.3673582047919379,
            0.08196163767045127,
            0.10910933532454159,
            -0.07983810922623255,
            0.07504701145806202,
            0.3617689032686713,
            0.25157750139244794,
            0.2339486929174056,
            0.1973394912200487,
            0.21899776308523008,
            0.5239851612523216,
            0.32770428886436914,
            0.2889134439635477,
            0.26820817478381453,
            0.29911355065592776,
            0.5145996048495418,
            0.39728542521511284,
            0.26476945438911664,
            0.5163080215579718,
            0.463938985819636,
            0.4793071706888922,
            0.545340816305155,
            0.6966732748523186,
            0.5559102001566588,
            0.48657782795094723,
            0.5720351005300711,
            0.5197567274547826,
            0.39625507674627164,
            0.46288900034737424,
            0.2656152902838677,
            0.26630675998212633,
            0.5175475106292778,
            0.48563516720774796,
            0.5213895529628615,
            0.38317260869576036,
            0.30855077189129043,
            0.36721699926283674,
            0.18823696813536936,
            0.3103733918466601,
            0.15375547239514623,
            0.011468263993533548,
            -0.10403892122707765,
            0.0767000202809561,
            0.060531598825862835,
            0.16901628938278107,
            0.16970668544537618,
            0.10469725545629373,
            0.101031963414518,
            0.014985091382762205,
            0.007552021698095224,
            0.03276680749780856,
            0.1716148087438597,
            -0.16850669598248874,
            0.11073762808784127,
            0.03623770589257365,
            0.04071224736362332,
            0.06545458859266783,
            0.09600730276690848,
            0.051829965601853774,
            -0.005489372883871871,
            0.1790656210346144,
            0.07765875362621671,
            0.10013540600212,
            0.03198903699714874,
            0.17934467741289323,
            0.1309613483700438,
            0.2420073141775669,
            0.01836192582979287,
            0.027343000352905183,
            0.01166993747721867,
            -0.022537530020880776,
            0.0031425137223537493,
            0.12145254567009642,
            0.15616532100156574,
            0.10768782358179005,
            -0.032559365725279774,
            0.01175824314750277
        ]
    }
}