{
    "meta_data": {
        "type": "1d",
        "plot_properties": {
            "x_label": "Qubit Frequency [MHz]",
            "y_label": "Amplitude [a.u.]",
            "title": "Qubit Spectroscopy Experiment"
        },
        "experiment_properties": {
            "qubit": "q3",
            "repetitions": 5000
        },
        "qubit_parameters": {
            "qb_freq": 4533000000,
            "drive_amp": 0.5,
            "drive_len": 4e-05,
            "pi_amp": 0.12311032872520918,
            "pi_len": 4e-08,
            "res_freq": 6155000000.0,
            "res_amp": 0.4,
            "res_len": 2e-06,
            "qb_amp_spec": 1.0,
            "qb_lo": 4600000000.0,
            "res_lo": 5600000000.0,
            "flux_bias": -0.8371,
            "anharmnonicity": 208220000.0,
            "w125": 4428890000.0,
            "ro_delay": 2e-08,
            "ro_int_delay": 4e-08,
            "angle": -7.852623448891259,
            "ge": [
                -0.0003101590383918415,
                -0.00021195280752536226
            ]
        }
    },
    "data": {
        "x_data": [
            4530500000.0,
            4530550000.0,
            4530600000.0,
            4530650000.0,
            4530700000.0,
            4530750000.0,
            4530800000.0,
            4530850000.0,
            4530900000.0,
            4530950000.0,
            4531000000.0,
            4531050000.0,
            4531100000.0,
            4531150000.0,
            4531200000.0,
            4531250000.0,
            4531300000.0,
            4531350000.0,
            4531400000.0,
            4531450000.0,
            4531500000.0,
            4531550000.0,
            4531600000.0,
            4531650000.0,
            4531700000.0,
            4531750000.0,
            4531800000.0,
            4531850000.0,
            4531900000.0,
            4531950000.0,
            4532000000.0,
            4532050000.0,
            4532100000.0,
            4532150000.0,
            4532200000.0,
            4532250000.0,
            4532300000.0,
            4532350000.0,
            4532400000.0,
            4532450000.0,
            4532500000.0,
            4532550000.0,
            4532600000.0,
            4532650000.0,
            4532700000.0,
            4532750000.0,
            4532800000.0,
            4532850000.0,
            4532900000.0,
            4532950000.0,
            4533000000.0,
            4533050000.0,
            4533100000.0,
            4533150000.0,
            4533200000.0,
            4533250000.0,
            4533300000.0,
            4533350000.0,
            4533400000.0,
            4533450000.0,
            4533500000.0,
            4533550000.0,
            4533600000.0,
            4533650000.0,
            4533700000.0,
            4533750000.0,
            4533800000.0,
            4533850000.0,
            4533900000.0,
            4533950000.0,
            4534000000.0,
            4534050000.0,
            4534100000.0,
            4534150000.0,
            4534200000.0,
            4534250000.0,
            4534300000.0,
            4534350000.0,
            4534400000.0,
            4534450000.0,
            4534500000.0,
            4534550000.0,
            4534600000.0,
            4534650000.0,
            4534700000.0,
            4534750000.0,
            4534800000.0,
            4534850000.0,
            4534900000.0,
            4534950000.0,
            4535000000.0,
            4535050000.0,
            4535100000.0,
            4535150000.0,
            4535200000.0,
            4535250000.0,
            4535300000.0,
            4535350000.0,
            4535400000.0,
            4535450000.0,
            4535500000.0
        ],
        "y_data": [
            0.04008191394005484,
            0.14692699272755677,
            0.09153060576076198,
            0.11214988936879175,
            0.08180425382641146,
            0.12935486050072179,
            0.06517890307928308,
            0.04068485085895338,
            0.007072759798985636,
            0.05449142241983491,
            0.07996986565128646,
            0.13091598729646356,
            0.06469432285244593,
            0.02413069646086213,
            0.0887613284890305,
            0.16863611354537122,
            0.05897769955752748,
            0.12417182316907469,
            0.09982852634343739,
            0.07521297364562775,
            0.06716849307321998,
            0.08096857404396088,
            0.035154363250518704,
            0.09238733365852156,
            0.09424539235011838,
            0.1418473511270079,
            0.1170184743209062,
            0.04714715049274516,
            0.0570099175628915,
            0.09762937152307098,
            0.07428731165306375,
            0.08424824430992194,
            0.08919302889988147,
            0.0654353930367632,
            0.16572910301926388,
            0.05749944340571137,
            0.1068675125824102,
            0.10594466916080748,
            0.1894254140387385,
            0.10353326053566954,
            0.13661609287511314,
            0.17272632837934138,
            0.18245709139436977,
            0.21308846975659146,
            0.21349233597438236,
            0.1739714812466965,
            0.3220407579494644,
            0.24659474721049354,
            0.4036586205779797,
            0.4455428028774305,
            0.47803512535337106,
            0.60387425726568,
            0.5975467345032788,
            0.4597080351615665,
            0.3253699362944944,
            0.3764332144616143,
            0.28030382190673525,
            0.23841467905938307,
            0.17225724721051422,
            0.08948868829485342,
            0.20352095220708877,
            0.1777865291692266,
            0.036367561537093016,
            0.13707346002192733,
            0.08991420620626066,
            0.037470344583717334,
            0.1644949697711893,
            0.06318829429009733,
            0.07020008333989672,
            0.11796741366840306,
            0.04503672962885498,
            0.2067551949175878,
            0.0820352232163465,
            0.11445062493864365,
            0.018888100498714006,
            0.048649588545013965,
            0.009561008490607818,
            0.05863746660327198,
            0.10472140402098158,
            0.14290406386069987,
            0.07309935748804679,
            0.11046443612714384,
            0.058233356543133365,
            0.10999618909093375,
            0.11729487797881724,
            0.045186870486034286,
            0.03978306897768814,
            0.022113056103514227,
            0.049198178347145016,
            0.10502502582754773,
            0.08484847334584628,
            0.1162018517768864,
            0.15030204151698762,
            0.05457824810445167,
            0.08668414443310024,
            0.12284251441683328,
            0.08546830086801965,
            0.017205895154948275,
            0.07143241270255651,
            0.14579168344053395,
            0.029795523257371826
        ]
    }
}