{
    "meta_data": {
        "type": "1d",
        "plot_properties": {
            "x_label": "Qubit Frequency [MHz]",
            "y_label": "Amplitude [a.u.]",
            "title": "Qubit Spectroscopy Experiment"
        },
        "experiment_properties": {
            "qubit": "q3",
            "repetitions": 1000
        },
        "qubit_parameters": {
            "qb_freq": 4533000000,
            "drive_amp": 0.5,
            "drive_len": 4e-05,
            "pi_amp": 0.12311032872520918,
            "pi_len": 4e-08,
            "res_freq": 6155000000.0,
            "res_amp": 0.4,
            "res_len": 2e-06,
            "qb_amp_spec": 1.0,
            "qb_lo": 4600000000.0,
            "res_lo": 5600000000.0,
            "flux_bias": -0.83678,
            "anharmnonicity": 208220000.0,
            "w125": 4428890000.0,
            "ro_delay": 2e-08,
            "ro_int_delay": 4e-08,
            "angle": -7.852623448891259,
            "ge": [
                -0.0003101590383918415,
                -0.00021195280752536226
            ]
        }
    },
    "data": {
        "x_data": [
            4530500000.0,
            4530550000.0,
            4530600000.0,
            4530650000.0,
            4530700000.0,
            4530750000.0,
            4530800000.0,
            4530850000.0,
            4530900000.0,
            4530950000.0,
            4531000000.0,
            4531050000.0,
            4531100000.0,
            4531150000.0,
            4531200000.0,
            4531250000.0,
            4531300000.0,
            4531350000.0,
            4531400000.0,
            4531450000.0,
            4531500000.0,
            4531550000.0,
            4531600000.0,
            4531650000.0,
            4531700000.0,
            4531750000.0,
            4531800000.0,
            4531850000.0,
            4531900000.0,
            4531950000.0,
            4532000000.0,
            4532050000.0,
            4532100000.0,
            4532150000.0,
            4532200000.0,
            4532250000.0,
            4532300000.0,
            4532350000.0,
            4532400000.0,
            4532450000.0,
            4532500000.0,
            4532550000.0,
            4532600000.0,
            4532650000.0,
            4532700000.0,
            4532750000.0,
            4532800000.0,
            4532850000.0,
            4532900000.0,
            4532950000.0,
            4533000000.0,
            4533050000.0,
            4533100000.0,
            4533150000.0,
            4533200000.0,
            4533250000.0,
            4533300000.0,
            4533350000.0,
            4533400000.0,
            4533450000.0,
            4533500000.0,
            4533550000.0,
            4533600000.0,
            4533650000.0,
            4533700000.0,
            4533750000.0,
            4533800000.0,
            4533850000.0,
            4533900000.0,
            4533950000.0,
            4534000000.0,
            4534050000.0,
            4534100000.0,
            4534150000.0,
            4534200000.0,
            4534250000.0,
            4534300000.0,
            4534350000.0,
            4534400000.0,
            4534450000.0,
            4534500000.0,
            4534550000.0,
            4534600000.0,
            4534650000.0,
            4534700000.0,
            4534750000.0,
            4534800000.0,
            4534850000.0,
            4534900000.0,
            4534950000.0,
            4535000000.0,
            4535050000.0,
            4535100000.0,
            4535150000.0,
            4535200000.0,
            4535250000.0,
            4535300000.0,
            4535350000.0,
            4535400000.0,
            4535450000.0,
            4535500000.0
        ],
        "y_data": [
            0.13444406948867965,
            0.12661357797442782,
            0.1486721451515313,
            0.1879001794667283,
            0.11717873258067787,
            -0.036361251998028365,
            0.21766265863628034,
            -0.011736504388845272,
            0.10289159912306861,
            0.27931032557575536,
            0.18837003421855472,
            0.1687611031602695,
            0.13601137029047994,
            0.05467694959636916,
            0.044420855503490876,
            0.007788907925430819,
            0.07113600260192823,
            0.07628703521442308,
            0.0964814543537428,
            0.17026391108576275,
            0.29226384961445134,
            0.16304486590340556,
            0.13124726000335882,
            0.10150424027512159,
            0.3202362862166632,
            0.16339794962338325,
            0.060859279857375326,
            0.10722800993170896,
            0.2674368806692381,
            0.0013883236940094783,
            0.12743443693676917,
            0.06186641314016533,
            0.21228753011127358,
            0.09614181278567642,
            0.37226299509023847,
            0.15560673385092802,
            0.2291423988384058,
            0.40005589111954076,
            0.07305210823845862,
            0.1866604418173606,
            0.4181055174871802,
            0.3685316071484934,
            0.36972854293132335,
            0.17228671144857363,
            0.29112750934006254,
            0.25915418283557545,
            0.5219742458891455,
            0.4102806829784129,
            0.4562998171002864,
            0.4890825591005176,
            0.5868609262187655,
            0.6049805819169246,
            0.4944922461138069,
            0.7714027700722743,
            0.7521430390651088,
            0.5938739705086976,
            0.57371201801909,
            0.4425106446498685,
            0.31890174458023446,
            0.4064568363198309,
            0.4764839976007897,
            0.1984713747241731,
            0.1899384316259715,
            0.2582103780133859,
            0.1769529464309696,
            0.2620608397902778,
            0.12830699047689792,
            0.25778002777679465,
            -0.020656211588874245,
            0.07191086851374505,
            0.3329817654708935,
            0.3659727604805172,
            0.08538412676345268,
            0.10260967832654821,
            0.030543608018897633,
            0.08342452198086105,
            0.14308003255418084,
            0.0647156465918023,
            0.2790187538278747,
            0.07769515901917794,
            0.29408972125309585,
            -0.0325704994037396,
            0.260935647083907,
            0.17392438337115074,
            -0.04810430426377593,
            0.2244035358236135,
            0.015223447412976834,
            0.13436755710247433,
            0.26883926116475615,
            0.12895802557292987,
            0.0907606251892911,
            -0.2251309824313353,
            0.0647188035282694,
            0.032356231346598145,
            0.07358471335273435,
            0.174921636929142,
            -0.09422186781526143,
            -0.038751543327864846,
            -0.11858010875208258,
            0.06807161732030953,
            0.20774979662154877
        ]
    }
}