{
    "meta_data": {
        "type": "1d",
        "plot_properties": {
            "x_label": "Qubit Frequency [MHz]",
            "y_label": "Amplitude [a.u.]",
            "title": "Qubit Spectroscopy Experiment"
        },
        "experiment_properties": {
            "qubit": "q2",
            "repetitions": 1000
        },
        "qubit_parameters": {
            "qb_freq": 4323900000.0,
            "drive_amp": 0.5,
            "drive_len": 4e-05,
            "pi_amp": 0.1401419087323477,
            "pi_len": 4e-08,
            "res_freq": 4932000000.0,
            "res_amp": 1,
            "res_len": 2e-06,
            "qb_amp_spec": 1.0,
            "qb_lo": 4600000000.0,
            "res_lo": 5600000000.0,
            "flux_bias": -0.884,
            "anharmnonicity": 190300000,
            "w125": 4220000000.0,
            "ro_delay": 2e-08,
            "ro_int_delay": 4e-08,
            "angle": -5.256260444629553,
            "ge": [
                4.342185417071522e-05,
                9.872327244994911e-05
            ]
        }
    },
    "data": {
        "x_data": [
            4273900000.0,
            4274900000.0,
            4275900000.0,
            4276900000.0,
            4277900000.0,
            4278900000.0,
            4279900000.0,
            4280900000.0,
            4281900000.0,
            4282900000.0,
            4283900000.0,
            4284900000.0,
            4285900000.0,
            4286900000.0,
            4287900000.0,
            4288900000.0,
            4289900000.0,
            4290900000.0,
            4291900000.0,
            4292900000.0,
            4293900000.0,
            4294900000.0,
            4295900000.0,
            4296900000.0,
            4297900000.0,
            4298900000.0,
            4299900000.0,
            4300900000.0,
            4301900000.0,
            4302900000.0,
            4303900000.0,
            4304900000.0,
            4305900000.0,
            4306900000.0,
            4307900000.0,
            4308900000.0,
            4309900000.0,
            4310900000.0,
            4311900000.0,
            4312900000.0,
            4313900000.0,
            4314900000.0,
            4315900000.0,
            4316900000.0,
            4317900000.0,
            4318900000.0,
            4319900000.0,
            4320900000.0,
            4321900000.0,
            4322900000.0,
            4323900000.0,
            4324900000.0,
            4325900000.0,
            4326900000.0,
            4327900000.0,
            4328900000.0,
            4329900000.0,
            4330900000.0,
            4331900000.0,
            4332900000.0,
            4333900000.0,
            4334900000.0,
            4335900000.0,
            4336900000.0,
            4337900000.0,
            4338900000.0,
            4339900000.0,
            4340900000.0,
            4341900000.0,
            4342900000.0,
            4343900000.0,
            4344900000.0,
            4345900000.0,
            4346900000.0,
            4347900000.0,
            4348900000.0,
            4349900000.0,
            4350900000.0,
            4351900000.0,
            4352900000.0,
            4353900000.0,
            4354900000.0,
            4355900000.0,
            4356900000.0,
            4357900000.0,
            4358900000.0,
            4359900000.0,
            4360900000.0,
            4361900000.0,
            4362900000.0,
            4363900000.0,
            4364900000.0,
            4365900000.0,
            4366900000.0,
            4367900000.0,
            4368900000.0,
            4369900000.0,
            4370900000.0,
            4371900000.0,
            4372900000.0,
            4373900000.0
        ],
        "y_data": [
            1.1081658936601462,
            1.04226882527478,
            1.1329401784119444,
            0.9682133061322938,
            1.0971348715697826,
            1.056096925353667,
            1.208044417065546,
            0.9930010194916117,
            1.2663076736038277,
            0.9644070013888998,
            0.9827846273339426,
            1.0388581000624661,
            1.085692457276441,
            1.2606080921105167,
            1.0357911678807654,
            1.114030025466308,
            1.0654067745986942,
            1.0838425437383064,
            1.3207640220844639,
            1.0586407074492097,
            1.132834501109289,
            1.1007526308789004,
            1.2226362327063345,
            1.089044831296732,
            0.9532085267522127,
            1.3906378679798805,
            0.9921039678311868,
            1.2197837057592609,
            1.311783053304091,
            1.1506454154898134,
            1.278214787049835,
            1.2871377306224978,
            1.219146694704561,
            1.0061472516147019,
            1.2689966975234737,
            1.1260774350191933,
            1.002204021296263,
            1.0904510072033409,
            1.256137539593258,
            1.2459322479312616,
            1.0103701849881912,
            0.9767767814510547,
            1.306806663143684,
            1.319442651969964,
            1.2272080629543825,
            1.513260532197367,
            1.1178637274883048,
            1.2201705761572028,
            1.3419071213523432,
            1.3524371189336126,
            1.2664229054093874,
            1.457664399028153,
            1.3719369458760824,
            1.1987222692108608,
            1.2135928768535265,
            1.2152106968589769,
            1.4278870335421432,
            1.238019912897721,
            1.1591968038454468,
            1.2717847622890153,
            1.1239451509498946,
            1.1326067901194397,
            0.962938629378278,
            1.0693212355851531,
            1.3115407435690014,
            1.2228264384711602,
            1.2640037685246208,
            1.199751733753042,
            1.1100012364293064,
            1.2058843610789567,
            0.9551660759315989,
            1.096057492199031,
            0.945368887436826,
            1.1623256596666602,
            0.8798182625291553,
            1.086271589086556,
            1.2475036845045968,
            0.941054543439812,
            0.9114911635444444,
            1.0598226925100056,
            0.9621217674261269,
            1.0284377694426075,
            1.059721226243513,
            1.2759521031735481,
            0.9592332702995631,
            0.9903001652606667,
            1.011459854454086,
            1.0743673815230996,
            1.0511958813584958,
            1.0529103107074473,
            0.8802471484126904,
            1.024834880126871,
            1.0989191260287585,
            1.3082895718652183,
            1.055907532116905,
            1.142072113203648,
            0.9212124232378404,
            0.8900599233365174,
            1.0226622117099036,
            1.217173712357402,
            1.1550624494108532
        ]
    }
}