{
    "meta_data": {
        "type": "1d",
        "plot_properties": {
            "x_label": "Qubit Frequency [MHz]",
            "y_label": "Amplitude [a.u.]",
            "title": "Qubit Spectroscopy Experiment"
        },
        "experiment_properties": {
            "qubit": "q2",
            "repetitions": 1000
        },
        "qubit_parameters": {
            "qb_freq": 4323900000.0,
            "drive_amp": 0.5,
            "drive_len": 4e-05,
            "pi_amp": 0.1401419087323477,
            "pi_len": 4e-08,
            "res_freq": 4922000000.0,
            "res_amp": 0.75,
            "res_len": 3e-06,
            "qb_amp_spec": 1.0,
            "qb_lo": 4600000000.0,
            "res_lo": 5600000000.0,
            "flux_bias": -0.884,
            "anharmnonicity": 190300000,
            "w125": 4220000000.0,
            "ro_delay": 2e-08,
            "ro_int_delay": 4e-08,
            "angle": -3.302896850190391,
            "ge": [
                -8.878678622016958e-05,
                -3.682663947606694e-05
            ]
        }
    },
    "data": {
        "x_data": [
            4318900000.0,
            4319000000.0,
            4319100000.0,
            4319200000.0,
            4319300000.0,
            4319400000.0,
            4319500000.0,
            4319600000.0,
            4319700000.0,
            4319800000.0,
            4319900000.0,
            4320000000.0,
            4320100000.0,
            4320200000.0,
            4320300000.0,
            4320400000.0,
            4320500000.0,
            4320600000.0,
            4320700000.0,
            4320800000.0,
            4320900000.0,
            4321000000.0,
            4321100000.0,
            4321200000.0,
            4321300000.0,
            4321400000.0,
            4321500000.0,
            4321600000.0,
            4321700000.0,
            4321800000.0,
            4321900000.0,
            4322000000.0,
            4322100000.0,
            4322200000.0,
            4322300000.0,
            4322400000.0,
            4322500000.0,
            4322600000.0,
            4322700000.0,
            4322800000.0,
            4322900000.0,
            4323000000.0,
            4323100000.0,
            4323200000.0,
            4323300000.0,
            4323400000.0,
            4323500000.0,
            4323600000.0,
            4323700000.0,
            4323800000.0,
            4323900000.0,
            4324000000.0,
            4324100000.0,
            4324200000.0,
            4324300000.0,
            4324400000.0,
            4324500000.0,
            4324600000.0,
            4324700000.0,
            4324800000.0,
            4324900000.0,
            4325000000.0,
            4325100000.0,
            4325200000.0,
            4325300000.0,
            4325400000.0,
            4325500000.0,
            4325600000.0,
            4325700000.0,
            4325800000.0,
            4325900000.0,
            4326000000.0,
            4326100000.0,
            4326200000.0,
            4326300000.0,
            4326400000.0,
            4326500000.0,
            4326600000.0,
            4326700000.0,
            4326800000.0,
            4326900000.0,
            4327000000.0,
            4327100000.0,
            4327200000.0,
            4327300000.0,
            4327400000.0,
            4327500000.0,
            4327600000.0,
            4327700000.0,
            4327800000.0,
            4327900000.0,
            4328000000.0,
            4328100000.0,
            4328200000.0,
            4328300000.0,
            4328400000.0,
            4328500000.0,
            4328600000.0,
            4328700000.0,
            4328800000.0,
            4328900000.0
        ],
        "y_data": [
            0.0445230929863276,
            -0.03528714426107315,
            0.06459791622734358,
            0.03551752938608002,
            0.051332529658265375,
            0.13292384302960036,
            0.010599706550456903,
            0.10687319389148138,
            0.0641177991317155,
            0.06050651596951836,
            0.004797777697972389,
            -0.060493701730868966,
            0.29636959163667576,
            0.06609229797008678,
            -0.045110688779347985,
            0.03501432394537603,
            0.12218694957523601,
            0.19972574918560826,
            0.05434705522137198,
            0.0780970671120054,
            0.08871984189844545,
            0.22910622237317,
            0.35456617331251933,
            0.20526055247927896,
            0.4493448163153702,
            0.48847600717377454,
            0.3211187906703696,
            0.4704111679833055,
            0.5768975947246543,
            0.46941606393536195,
            0.5320807098831749,
            0.5018310811580708,
            0.4431467245335094,
            0.6554717122525424,
            0.6084936773577859,
            0.4454933416954777,
            0.4657012111797715,
            0.7532377111044102,
            0.5866223034852397,
            0.5080989325034826,
            0.4082045942149176,
            0.45164204709986155,
            0.4727055386161978,
            0.47462828027551013,
            0.382095165250316,
            0.3922946350109277,
            0.30166311775427107,
            0.36826589038620666,
            0.38176935997895595,
            0.23253915083142201,
            0.1968307587996102,
            0.20341087673257505,
            0.2158465198591406,
            0.13920398077156163,
            0.2797020262597157,
            0.09937488616837761,
            0.1014814793045787,
            0.37134606480011023,
            0.12500509043226757,
            0.006671266752740249,
            0.25993173494160804,
            0.0828726089005492,
            0.1273978989562569,
            0.13545025964318355,
            0.17303936619421356,
            0.1371700712162977,
            0.34408915578708543,
            -0.205912196163164,
            -0.020377307747618666,
            -0.09338046358974242,
            0.02862471592912726,
            0.047943955989130836,
            0.1756204027276082,
            -0.17485129415377706,
            0.050227331350033676,
            0.17282116096524117,
            0.1445122391727412,
            0.1398523548723695,
            -0.004745298490299,
            -0.11098242513183498,
            0.20550057909419966,
            0.16896941707338164,
            -0.14357052985715882,
            0.041909762804007836,
            -0.007238437576616019,
            -0.01658375939659512,
            -0.014851785706300651,
            -0.08591849118422336,
            -0.09498952066841862,
            0.11310439749478249,
            0.05496512328011444,
            -0.0640138311538992,
            0.10517909951732633,
            0.11514971313439602,
            0.19349591783367784,
            0.009315617583499424,
            -0.01808609674508386,
            -0.12918466811097246,
            -0.026052389653426808,
            -0.17844619401548917,
            -0.059273080684385145
        ]
    }
}