{
    "meta_data": {
        "type": "1d",
        "plot_properties": {
            "x_label": "Qubit Frequency [MHz]",
            "y_label": "Amplitude [a.u.]",
            "title": "Qubit Spectroscopy Experiment"
        },
        "experiment_properties": {
            "qubit": "q2",
            "repetitions": 1000
        },
        "qubit_parameters": {
            "qb_freq": 4323900000.0,
            "drive_amp": 0.5,
            "drive_len": 4e-05,
            "pi_amp": 0.1401419087323477,
            "pi_len": 4e-08,
            "res_freq": 4932000000.0,
            "res_amp": 1,
            "res_len": 2e-06,
            "qb_amp_spec": 1.0,
            "qb_lo": 4600000000.0,
            "res_lo": 5600000000.0,
            "flux_bias": -0.884,
            "anharmnonicity": 190300000,
            "w125": 4220000000.0,
            "ro_delay": 2e-08,
            "ro_int_delay": 4e-08,
            "angle": -5.256260444629553,
            "ge": [
                4.342185417071522e-05,
                9.872327244994911e-05
            ]
        }
    },
    "data": {
        "x_data": [
            4273900000.0,
            4274900000.0,
            4275900000.0,
            4276900000.0,
            4277900000.0,
            4278900000.0,
            4279900000.0,
            4280900000.0,
            4281900000.0,
            4282900000.0,
            4283900000.0,
            4284900000.0,
            4285900000.0,
            4286900000.0,
            4287900000.0,
            4288900000.0,
            4289900000.0,
            4290900000.0,
            4291900000.0,
            4292900000.0,
            4293900000.0,
            4294900000.0,
            4295900000.0,
            4296900000.0,
            4297900000.0,
            4298900000.0,
            4299900000.0,
            4300900000.0,
            4301900000.0,
            4302900000.0,
            4303900000.0,
            4304900000.0,
            4305900000.0,
            4306900000.0,
            4307900000.0,
            4308900000.0,
            4309900000.0,
            4310900000.0,
            4311900000.0,
            4312900000.0,
            4313900000.0,
            4314900000.0,
            4315900000.0,
            4316900000.0,
            4317900000.0,
            4318900000.0,
            4319900000.0,
            4320900000.0,
            4321900000.0,
            4322900000.0,
            4323900000.0,
            4324900000.0,
            4325900000.0,
            4326900000.0,
            4327900000.0,
            4328900000.0,
            4329900000.0,
            4330900000.0,
            4331900000.0,
            4332900000.0,
            4333900000.0,
            4334900000.0,
            4335900000.0,
            4336900000.0,
            4337900000.0,
            4338900000.0,
            4339900000.0,
            4340900000.0,
            4341900000.0,
            4342900000.0,
            4343900000.0,
            4344900000.0,
            4345900000.0,
            4346900000.0,
            4347900000.0,
            4348900000.0,
            4349900000.0,
            4350900000.0,
            4351900000.0,
            4352900000.0,
            4353900000.0,
            4354900000.0,
            4355900000.0,
            4356900000.0,
            4357900000.0,
            4358900000.0,
            4359900000.0,
            4360900000.0,
            4361900000.0,
            4362900000.0,
            4363900000.0,
            4364900000.0,
            4365900000.0,
            4366900000.0,
            4367900000.0,
            4368900000.0,
            4369900000.0,
            4370900000.0,
            4371900000.0,
            4372900000.0,
            4373900000.0
        ],
        "y_data": [
            0.8973755769268547,
            0.8432449366456177,
            1.1321137242497479,
            1.115078625774205,
            0.9754468445174637,
            0.9614841664371295,
            0.9546169833326531,
            0.8471617853455332,
            0.9299158029957594,
            1.1755169627700979,
            1.0711038868824703,
            1.0346323678460505,
            0.8862294008779317,
            1.114453733307976,
            1.0672241541725778,
            0.8610056409274277,
            1.0813669702111763,
            1.2838364132870472,
            1.1661553148610102,
            1.137090285916827,
            1.134743061414775,
            1.0276071358695924,
            1.1135813786083377,
            1.1737766748371554,
            1.0761975134086894,
            1.0927126437942043,
            1.0729994017336404,
            1.13153210011927,
            1.096709111729846,
            0.9434587142388061,
            1.1492047898529352,
            1.3153010334371718,
            1.0396258685338107,
            1.1055438242423952,
            1.0965827538850668,
            0.9894679905603213,
            1.3111820464869444,
            1.1282046286245002,
            1.2655966203211444,
            1.034870495737603,
            1.297776229892895,
            1.2519712338305544,
            1.2290234878387476,
            1.2711420635378698,
            1.2531871881596657,
            1.2199404798866156,
            1.127710391400728,
            1.2497835409425653,
            1.4245094553392064,
            1.330104663467114,
            1.2931283333948607,
            1.1417743399136953,
            1.252572977761484,
            1.2246367023426896,
            1.0915363391316981,
            1.271314027561122,
            1.277500877755335,
            1.0389611731396953,
            0.9925393417756377,
            1.4845270864683728,
            1.2997268324438804,
            1.1048147432973885,
            1.1678559592091449,
            1.1019957647582856,
            1.1739848474463357,
            1.2116272668605501,
            1.158469897751006,
            1.2730682488907257,
            1.0062021641587666,
            1.278854485042398,
            1.3820230014774506,
            1.0326244115177312,
            1.1051621270208822,
            1.270318490931037,
            0.9506641352606222,
            1.0222309758200527,
            0.8538443360438482,
            1.034837581052867,
            1.0248811723320328,
            0.8652496428616825,
            1.0819172207842487,
            0.9333422022150025,
            0.7768350183052963,
            1.1245226406748505,
            1.2589743876679644,
            1.2024649766042395,
            1.0666194398920503,
            0.9925387129178399,
            1.1029791171164935,
            1.0198235123362254,
            1.1557182155107837,
            1.279365971458492,
            1.0559501472676704,
            0.9149473477557468,
            1.0283980565253148,
            1.101662627035813,
            1.247792440922489,
            1.08614875746761,
            1.26663942589297,
            1.0510272866507173,
            0.8693564236455641
        ]
    }
}