{
    "meta_data": {
        "type": "1d",
        "plot_properties": {
            "x_label": "Qubit Frequency [MHz]",
            "y_label": "Amplitude [a.u.]",
            "title": "Qubit Spectroscopy Experiment"
        },
        "experiment_properties": {
            "qubit": "q3",
            "repetitions": 1000
        },
        "qubit_parameters": {
            "qb_freq": 4533000000,
            "drive_amp": 0.5,
            "drive_len": 4e-05,
            "pi_amp": 0.12311032872520918,
            "pi_len": 4e-08,
            "res_freq": 6155000000.0,
            "res_amp": 0.4,
            "res_len": 2e-06,
            "qb_amp_spec": 1.0,
            "qb_lo": 4600000000.0,
            "res_lo": 5600000000.0,
            "flux_bias": -0.83678,
            "anharmnonicity": 208220000.0,
            "w125": 4428890000.0,
            "ro_delay": 2e-08,
            "ro_int_delay": 4e-08,
            "angle": -7.852623448891259,
            "ge": [
                -0.0003101590383918415,
                -0.00021195280752536226
            ]
        }
    },
    "data": {
        "x_data": [
            4508000000.0,
            4508500000.0,
            4509000000.0,
            4509500000.0,
            4510000000.0,
            4510500000.0,
            4511000000.0,
            4511500000.0,
            4512000000.0,
            4512500000.0,
            4513000000.0,
            4513500000.0,
            4514000000.0,
            4514500000.0,
            4515000000.0,
            4515500000.0,
            4516000000.0,
            4516500000.0,
            4517000000.0,
            4517500000.0,
            4518000000.0,
            4518500000.0,
            4519000000.0,
            4519500000.0,
            4520000000.0,
            4520500000.0,
            4521000000.0,
            4521500000.0,
            4522000000.0,
            4522500000.0,
            4523000000.0,
            4523500000.0,
            4524000000.0,
            4524500000.0,
            4525000000.0,
            4525500000.0,
            4526000000.0,
            4526500000.0,
            4527000000.0,
            4527500000.0,
            4528000000.0,
            4528500000.0,
            4529000000.0,
            4529500000.0,
            4530000000.0,
            4530500000.0,
            4531000000.0,
            4531500000.0,
            4532000000.0,
            4532500000.0,
            4533000000.0,
            4533500000.0,
            4534000000.0,
            4534500000.0,
            4535000000.0,
            4535500000.0,
            4536000000.0,
            4536500000.0,
            4537000000.0,
            4537500000.0,
            4538000000.0,
            4538500000.0,
            4539000000.0,
            4539500000.0,
            4540000000.0,
            4540500000.0,
            4541000000.0,
            4541500000.0,
            4542000000.0,
            4542500000.0,
            4543000000.0,
            4543500000.0,
            4544000000.0,
            4544500000.0,
            4545000000.0,
            4545500000.0,
            4546000000.0,
            4546500000.0,
            4547000000.0,
            4547500000.0,
            4548000000.0,
            4548500000.0,
            4549000000.0,
            4549500000.0,
            4550000000.0,
            4550500000.0,
            4551000000.0,
            4551500000.0,
            4552000000.0,
            4552500000.0,
            4553000000.0,
            4553500000.0,
            4554000000.0,
            4554500000.0,
            4555000000.0,
            4555500000.0,
            4556000000.0,
            4556500000.0,
            4557000000.0,
            4557500000.0,
            4558000000.0
        ],
        "y_data": [
            0.1502786004589047,
            0.11571497299344348,
            -0.008051641704098498,
            0.004399486273463361,
            0.07699222043548261,
            0.14469703267320688,
            0.13077778608396318,
            -0.03632669213984512,
            0.10977121301713734,
            0.008702679726735283,
            0.0507902018862458,
            0.15074204544473965,
            0.08732316522485711,
            0.11790264503105759,
            0.09641795397058807,
            0.10157394425419335,
            0.044960291628264246,
            0.017806326936195067,
            0.13509790603191252,
            0.2161891049430491,
            -0.03988799250937001,
            0.06391411624524622,
            -0.04065020601710479,
            0.19098702906713666,
            0.12641975892514865,
            0.18883158737134073,
            0.16545157343985942,
            0.052371592118101065,
            0.08636387093396314,
            0.23219052065734977,
            0.33323841776162233,
            0.13878846270946613,
            0.16097276897421336,
            0.17736060973988574,
            0.2825938148512548,
            0.21828574090584038,
            0.33553712437135225,
            0.30789405234116723,
            0.11713799515469418,
            0.3200560682277921,
            0.3990229043833035,
            0.29320340020960795,
            0.5082968100850197,
            0.39244281999104746,
            0.4882091856747412,
            0.37034178177845717,
            0.43457398582115603,
            0.5306696318279756,
            0.6096948271288204,
            0.7684835360580358,
            0.7275254258994578,
            0.6712290203877482,
            0.6207449027297213,
            0.6107566105504415,
            0.5155689402945077,
            0.47320357005364944,
            0.35887168978788925,
            0.26060030289474995,
            0.34913086539921184,
            0.2789134002345082,
            0.007391357909404688,
            0.08677331922366299,
            0.26111570479438057,
            0.023840125014569145,
            0.13935238718150783,
            0.017317286038269576,
            0.12595045898315893,
            0.2216774681009075,
            0.12087087902814708,
            0.21620310464459927,
            0.06589450173850472,
            0.20358906395042328,
            0.09403566012180747,
            0.16639417274931662,
            -0.041756316689839604,
            -0.13535167175478513,
            0.13952520154133383,
            0.0707621532401923,
            0.10914963215888884,
            0.2501990335612275,
            0.19572401120808688,
            0.023935131062002842,
            0.06793161140045398,
            0.18374419418693538,
            0.10136828241222394,
            -0.09368800924172474,
            0.20392832537100875,
            -0.0444153017387158,
            0.1333568518032657,
            0.26763290183410426,
            0.18541936235012849,
            0.1332107347557995,
            0.21118660519813728,
            0.21118892581014614,
            0.05051293327294997,
            0.25356087431479873,
            0.31653192710327877,
            0.13970356536942874,
            0.1818232301971049,
            0.09995284128217627,
            0.048825104486269554
        ]
    }
}