{
    "meta_data": {
        "type": "1d",
        "plot_properties": {
            "x_label": "Qubit Frequency [MHz]",
            "y_label": "Amplitude [a.u.]",
            "title": "Qubit Spectroscopy Experiment"
        },
        "experiment_properties": {
            "qubit": "q3",
            "repetitions": 1000
        },
        "qubit_parameters": {
            "qb_freq": 4533000000,
            "drive_amp": 0.5,
            "drive_len": 4e-05,
            "pi_amp": 0.12311032872520918,
            "pi_len": 4e-08,
            "res_freq": 6155000000.0,
            "res_amp": 0.4,
            "res_len": 2e-06,
            "qb_amp_spec": 1.0,
            "qb_lo": 4600000000.0,
            "res_lo": 5600000000.0,
            "flux_bias": -0.83678,
            "anharmnonicity": 208220000.0,
            "w125": 4428890000.0,
            "ro_delay": 2e-08,
            "ro_int_delay": 4e-08,
            "angle": -7.852623448891259,
            "ge": [
                -0.0003101590383918415,
                -0.00021195280752536226
            ]
        }
    },
    "data": {
        "x_data": [
            4530500000.0,
            4530550000.0,
            4530600000.0,
            4530650000.0,
            4530700000.0,
            4530750000.0,
            4530800000.0,
            4530850000.0,
            4530900000.0,
            4530950000.0,
            4531000000.0,
            4531050000.0,
            4531100000.0,
            4531150000.0,
            4531200000.0,
            4531250000.0,
            4531300000.0,
            4531350000.0,
            4531400000.0,
            4531450000.0,
            4531500000.0,
            4531550000.0,
            4531600000.0,
            4531650000.0,
            4531700000.0,
            4531750000.0,
            4531800000.0,
            4531850000.0,
            4531900000.0,
            4531950000.0,
            4532000000.0,
            4532050000.0,
            4532100000.0,
            4532150000.0,
            4532200000.0,
            4532250000.0,
            4532300000.0,
            4532350000.0,
            4532400000.0,
            4532450000.0,
            4532500000.0,
            4532550000.0,
            4532600000.0,
            4532650000.0,
            4532700000.0,
            4532750000.0,
            4532800000.0,
            4532850000.0,
            4532900000.0,
            4532950000.0,
            4533000000.0,
            4533050000.0,
            4533100000.0,
            4533150000.0,
            4533200000.0,
            4533250000.0,
            4533300000.0,
            4533350000.0,
            4533400000.0,
            4533450000.0,
            4533500000.0,
            4533550000.0,
            4533600000.0,
            4533650000.0,
            4533700000.0,
            4533750000.0,
            4533800000.0,
            4533850000.0,
            4533900000.0,
            4533950000.0,
            4534000000.0,
            4534050000.0,
            4534100000.0,
            4534150000.0,
            4534200000.0,
            4534250000.0,
            4534300000.0,
            4534350000.0,
            4534400000.0,
            4534450000.0,
            4534500000.0,
            4534550000.0,
            4534600000.0,
            4534650000.0,
            4534700000.0,
            4534750000.0,
            4534800000.0,
            4534850000.0,
            4534900000.0,
            4534950000.0,
            4535000000.0,
            4535050000.0,
            4535100000.0,
            4535150000.0,
            4535200000.0,
            4535250000.0,
            4535300000.0,
            4535350000.0,
            4535400000.0,
            4535450000.0,
            4535500000.0
        ],
        "y_data": [
            0.18144874383148232,
            0.21982732044962375,
            0.02345217731842314,
            0.20316415290508483,
            0.17872576455020137,
            0.23761417860427153,
            0.2176060810469787,
            0.19104228538708565,
            0.18299588037799003,
            0.08824802500349367,
            0.10426906797196099,
            0.07414909468670376,
            -0.1042611524981518,
            0.04209095282707016,
            -0.21507287668091812,
            0.1259346626566684,
            -0.01456786268947989,
            0.13926573547429646,
            0.2145621689332904,
            0.09330592216814046,
            0.1151347090292312,
            -0.11581422760150312,
            0.11768504792809156,
            0.11682809413368503,
            0.15101728523490404,
            0.14629963855924305,
            0.12797841839250249,
            -0.07096265173912346,
            0.04233842952202763,
            0.09665796265116126,
            0.2869911746027502,
            0.06013557631687216,
            0.06508693286908243,
            0.01581436372605733,
            0.09375439687768607,
            0.21377335332130434,
            0.07252340186195011,
            -0.08682614857748563,
            -0.020235952726760365,
            0.036297596317932675,
            0.190479764378446,
            0.1156396037894825,
            0.1875547206147799,
            0.21051893813610748,
            0.1375160679941704,
            0.1748431265425735,
            0.07778072507998021,
            0.18917474136513984,
            0.26813472459174054,
            0.4658055699309881,
            0.4553173742251373,
            0.41705520835492615,
            0.5970171093342822,
            0.5052754047570466,
            0.3044682159852905,
            0.4056494770452356,
            0.29139565989342225,
            0.4383361581743923,
            0.16488707155461693,
            0.2401136277420841,
            0.12910832287278373,
            0.18038656519347104,
            0.13794809567432983,
            0.038221213805673615,
            0.09989708494842313,
            0.0913734592307287,
            0.1264855004660644,
            0.060035343412815224,
            -0.006710753317116635,
            0.28937717471823143,
            0.07125248595460242,
            0.17187867963633327,
            -0.010676981303596718,
            0.06480140717852287,
            0.02093831202920754,
            0.13826254887580286,
            0.06321993338271688,
            -0.09870257438821231,
            -0.09714668828509215,
            0.04681625724838043,
            -0.025818855480819247,
            0.0976486228764496,
            -0.007113794580626603,
            -0.06927751480757771,
            0.288963044792439,
            0.11289591297752602,
            0.014718891703181766,
            -0.05092252179068161,
            -0.05517745226775032,
            0.044740217059644344,
            -0.023625396297140958,
            0.0859602611616075,
            -0.004088227493926941,
            0.03207056798100513,
            0.11856888739622265,
            -0.09331810656428523,
            0.2892938368011322,
            0.08846252133592704,
            0.02878498549703455,
            0.1469971790487108,
            0.12337316249078055
        ]
    }
}