{
    "meta_data": {
        "type": "1d",
        "plot_properties": {
            "x_label": "Qubit Frequency [MHz]",
            "y_label": "Amplitude [a.u.]",
            "title": "Qubit Spectroscopy Experiment"
        },
        "experiment_properties": {
            "qubit": "q3",
            "repetitions": 1000
        },
        "qubit_parameters": {
            "qb_freq": 4533000000,
            "drive_amp": 0.5,
            "drive_len": 4e-05,
            "pi_amp": 0.12311032872520918,
            "pi_len": 4e-08,
            "res_freq": 6155000000.0,
            "res_amp": 0.4,
            "res_len": 2e-06,
            "qb_amp_spec": 1.0,
            "qb_lo": 4600000000.0,
            "res_lo": 5600000000.0,
            "flux_bias": -0.8369,
            "anharmnonicity": 208220000.0,
            "w125": 4428890000.0,
            "ro_delay": 2e-08,
            "ro_int_delay": 4e-08,
            "angle": -7.852623448891259,
            "ge": [
                -0.0003101590383918415,
                -0.00021195280752536226
            ]
        }
    },
    "data": {
        "x_data": [
            4530500000.0,
            4530550000.0,
            4530600000.0,
            4530650000.0,
            4530700000.0,
            4530750000.0,
            4530800000.0,
            4530850000.0,
            4530900000.0,
            4530950000.0,
            4531000000.0,
            4531050000.0,
            4531100000.0,
            4531150000.0,
            4531200000.0,
            4531250000.0,
            4531300000.0,
            4531350000.0,
            4531400000.0,
            4531450000.0,
            4531500000.0,
            4531550000.0,
            4531600000.0,
            4531650000.0,
            4531700000.0,
            4531750000.0,
            4531800000.0,
            4531850000.0,
            4531900000.0,
            4531950000.0,
            4532000000.0,
            4532050000.0,
            4532100000.0,
            4532150000.0,
            4532200000.0,
            4532250000.0,
            4532300000.0,
            4532350000.0,
            4532400000.0,
            4532450000.0,
            4532500000.0,
            4532550000.0,
            4532600000.0,
            4532650000.0,
            4532700000.0,
            4532750000.0,
            4532800000.0,
            4532850000.0,
            4532900000.0,
            4532950000.0,
            4533000000.0,
            4533050000.0,
            4533100000.0,
            4533150000.0,
            4533200000.0,
            4533250000.0,
            4533300000.0,
            4533350000.0,
            4533400000.0,
            4533450000.0,
            4533500000.0,
            4533550000.0,
            4533600000.0,
            4533650000.0,
            4533700000.0,
            4533750000.0,
            4533800000.0,
            4533850000.0,
            4533900000.0,
            4533950000.0,
            4534000000.0,
            4534050000.0,
            4534100000.0,
            4534150000.0,
            4534200000.0,
            4534250000.0,
            4534300000.0,
            4534350000.0,
            4534400000.0,
            4534450000.0,
            4534500000.0,
            4534550000.0,
            4534600000.0,
            4534650000.0,
            4534700000.0,
            4534750000.0,
            4534800000.0,
            4534850000.0,
            4534900000.0,
            4534950000.0,
            4535000000.0,
            4535050000.0,
            4535100000.0,
            4535150000.0,
            4535200000.0,
            4535250000.0,
            4535300000.0,
            4535350000.0,
            4535400000.0,
            4535450000.0,
            4535500000.0
        ],
        "y_data": [
            0.20856911376050427,
            -0.07512573242027462,
            0.20089195250654782,
            0.08878760154310206,
            0.23981494072928383,
            0.11879386073021751,
            -0.014726004041496588,
            0.07327333283882732,
            0.12699951602605342,
            0.04215704711745001,
            0.033723774579013766,
            0.09265280756264631,
            0.06510319701670701,
            0.01345012859499109,
            0.022246012513689534,
            -0.10861579463201111,
            0.1578329398290386,
            0.026093380369552666,
            0.15180747622732546,
            -0.08559514473087079,
            0.10650508586477919,
            -0.014640066052618661,
            -0.14249622172991178,
            0.095790611994392,
            0.08223324251856524,
            -0.04559671449027087,
            0.1524533125497003,
            0.15947390978786824,
            0.020804256958565116,
            0.09160350941720571,
            0.03032220944112353,
            0.16720439785645203,
            0.11452481205517676,
            -0.0756278990230193,
            0.20687419094236695,
            0.12687065287956306,
            0.10110686629135258,
            0.053648024616098244,
            -0.011725017770371096,
            -0.023193678899520127,
            0.16456654010315325,
            0.19178116605890352,
            0.14716386104746337,
            0.2651411378399578,
            0.2662076741325146,
            0.20737736031252038,
            0.26893336033783893,
            0.18698906116333483,
            0.3227875148661141,
            0.40026720996699466,
            0.5542445826478152,
            0.5805958847702903,
            0.5394983187070407,
            0.40506820277915967,
            0.45673828605415645,
            0.38857780507266954,
            0.28654068476908157,
            0.1949115209699261,
            0.060578733071388925,
            0.2609431246875973,
            0.03991850586729993,
            0.20620519370662937,
            0.12456190832148857,
            -0.043067989201783105,
            0.13012717428728857,
            0.2202731902927374,
            0.03669311819577722,
            -0.023004920263913674,
            0.015361916989050216,
            0.2031169879043978,
            -0.03565985797752047,
            0.06780054271362414,
            -0.06225513464347779,
            -0.15886681407421088,
            0.026806285666749446,
            0.07113367171566291,
            -0.07190631340667582,
            0.15195991399722925,
            0.047244236186631566,
            -0.02986314795114696,
            -0.005432283091631809,
            0.25062067876298305,
            0.12310605443195351,
            0.015661543068870493,
            -0.035342290306506936,
            0.12016150191054266,
            -0.01356376373703219,
            -0.0035684336922294268,
            -0.080684474918314,
            0.05629676486160397,
            -0.022997944043927715,
            0.17084996699069144,
            0.08885719113545429,
            0.0822147563917912,
            -0.016744671413498047,
            0.10720788882829226,
            0.14148658103045272,
            0.03144730830928717,
            0.10080494973734129,
            0.3044736839444604,
            -0.0011405885859416944
        ]
    }
}