{
    "meta_data": {
        "type": "1d",
        "plot_properties": {
            "x_label": "Qubit Frequency [MHz]",
            "y_label": "Amplitude [a.u.]",
            "title": "Qubit Spectroscopy Experiment"
        },
        "experiment_properties": {
            "qubit": "q2",
            "repetitions": 1000
        },
        "qubit_parameters": {
            "qb_freq": 4323900000.0,
            "drive_amp": 0.5,
            "drive_len": 4e-05,
            "pi_amp": 0.1401419087323477,
            "pi_len": 4e-08,
            "res_freq": 4922000000.0,
            "res_amp": 0.75,
            "res_len": 3e-06,
            "qb_amp_spec": 1.0,
            "qb_lo": 4600000000.0,
            "res_lo": 5600000000.0,
            "flux_bias": -0.882,
            "anharmnonicity": 190300000,
            "w125": 4220000000.0,
            "ro_delay": 2e-08,
            "ro_int_delay": 4e-08,
            "angle": -3.302896850190391,
            "ge": [
                -8.878678622016958e-05,
                -3.682663947606694e-05
            ]
        }
    },
    "data": {
        "x_data": [
            4318900000.0,
            4319000000.0,
            4319100000.0,
            4319200000.0,
            4319300000.0,
            4319400000.0,
            4319500000.0,
            4319600000.0,
            4319700000.0,
            4319800000.0,
            4319900000.0,
            4320000000.0,
            4320100000.0,
            4320200000.0,
            4320300000.0,
            4320400000.0,
            4320500000.0,
            4320600000.0,
            4320700000.0,
            4320800000.0,
            4320900000.0,
            4321000000.0,
            4321100000.0,
            4321200000.0,
            4321300000.0,
            4321400000.0,
            4321500000.0,
            4321600000.0,
            4321700000.0,
            4321800000.0,
            4321900000.0,
            4322000000.0,
            4322100000.0,
            4322200000.0,
            4322300000.0,
            4322400000.0,
            4322500000.0,
            4322600000.0,
            4322700000.0,
            4322800000.0,
            4322900000.0,
            4323000000.0,
            4323100000.0,
            4323200000.0,
            4323300000.0,
            4323400000.0,
            4323500000.0,
            4323600000.0,
            4323700000.0,
            4323800000.0,
            4323900000.0,
            4324000000.0,
            4324100000.0,
            4324200000.0,
            4324300000.0,
            4324400000.0,
            4324500000.0,
            4324600000.0,
            4324700000.0,
            4324800000.0,
            4324900000.0,
            4325000000.0,
            4325100000.0,
            4325200000.0,
            4325300000.0,
            4325400000.0,
            4325500000.0,
            4325600000.0,
            4325700000.0,
            4325800000.0,
            4325900000.0,
            4326000000.0,
            4326100000.0,
            4326200000.0,
            4326300000.0,
            4326400000.0,
            4326500000.0,
            4326600000.0,
            4326700000.0,
            4326800000.0,
            4326900000.0,
            4327000000.0,
            4327100000.0,
            4327200000.0,
            4327300000.0,
            4327400000.0,
            4327500000.0,
            4327600000.0,
            4327700000.0,
            4327800000.0,
            4327900000.0,
            4328000000.0,
            4328100000.0,
            4328200000.0,
            4328300000.0,
            4328400000.0,
            4328500000.0,
            4328600000.0,
            4328700000.0,
            4328800000.0,
            4328900000.0
        ],
        "y_data": [
            0.24649259632050918,
            0.1873985225478433,
            0.1530188892857858,
            -0.06727714071221505,
            0.18087040085911332,
            0.1037791329841467,
            0.037637563681304984,
            0.08632004007077235,
            0.02887555916444377,
            0.22970718044233693,
            0.041007617998292535,
            0.2065222116092087,
            0.09396388756598568,
            0.21494669579803904,
            0.20878763636868977,
            0.20657052780322638,
            0.34309998176377615,
            0.06660835769501455,
            0.18422083284455024,
            0.2060902450017724,
            0.26100408206985465,
            0.4569687022999208,
            0.14197248324017278,
            0.23657004429736034,
            0.5016453456404635,
            0.47117312479725676,
            0.21953739618999465,
            0.4154202682126158,
            0.5388295241143679,
            0.27199432678625474,
            0.3741872845086544,
            0.3321139815330624,
            0.7331727128379881,
            0.45949115578250105,
            0.4165798594581996,
            0.5338973048782809,
            0.5885440983774113,
            0.6557543641020227,
            0.5882382787821472,
            0.47776288301186404,
            0.6185052910840496,
            0.7205789578728237,
            0.7654051136100419,
            0.5983298541999201,
            0.4370481157977207,
            0.5190403820324616,
            0.46937038695184174,
            0.6079527548545636,
            0.2611873518502505,
            0.25190786184791786,
            0.21370328761134047,
            0.30857675491001213,
            0.13598925667923104,
            0.23016246324035952,
            0.32279909780197846,
            0.12795388515471537,
            0.027293463804523726,
            0.03691851690880146,
            0.16181492477359044,
            0.004609329610517022,
            0.04770593165294008,
            -0.035479513190023564,
            0.0553108486356808,
            0.037411182768537284,
            0.11427601449546056,
            0.2262116833629373,
            0.09455350169048773,
            -0.03336476076799907,
            0.11831922715389324,
            0.1519039712952038,
            0.09528045142261538,
            0.019270009290654075,
            -0.06927549342205547,
            -0.06119489542673401,
            0.07763731284583718,
            0.10161045022020078,
            -0.017533169199995417,
            0.0096723787744604,
            0.030408282818757015,
            -0.05341091431198076,
            -0.1285429300106614,
            0.004472068225292931,
            -0.014839863517347486,
            -0.013121254174522205,
            -0.005064177775967113,
            0.04992678413440735,
            -0.14410999121473939,
            0.01271680215642566,
            -0.08461388576469636,
            0.06124589536469061,
            0.11235140519340207,
            -0.0745167755997282,
            0.12556092732287205,
            -0.0521048857210636,
            -0.04823598005655808,
            -0.15299860792835698,
            -0.08929781294474487,
            -0.017643014901544546,
            -0.02401456270887227,
            -0.007020422218902542,
            -0.14309741555877706
        ]
    }
}