{
    "meta_data": {
        "type": "1d",
        "plot_properties": {
            "x_label": "Qubit Frequency [MHz]",
            "y_label": "Amplitude [a.u.]",
            "title": "Qubit Spectroscopy Experiment"
        },
        "experiment_properties": {
            "qubit": "q2",
            "repetitions": 1000
        },
        "qubit_parameters": {
            "qb_freq": 4323900000.0,
            "drive_amp": 0.5,
            "drive_len": 4e-05,
            "pi_amp": 0.1401419087323477,
            "pi_len": 4e-08,
            "res_freq": 4932000000.0,
            "res_amp": 1,
            "res_len": 2e-06,
            "qb_amp_spec": 1.0,
            "qb_lo": 4600000000.0,
            "res_lo": 5600000000.0,
            "flux_bias": -0.884,
            "anharmnonicity": 190300000,
            "w125": 4220000000.0,
            "ro_delay": 2e-08,
            "ro_int_delay": 4e-08,
            "angle": -5.256260444629553,
            "ge": [
                4.342185417071522e-05,
                9.872327244994911e-05
            ]
        }
    },
    "data": {
        "x_data": [
            4318900000.0,
            4319000000.0,
            4319100000.0,
            4319200000.0,
            4319300000.0,
            4319400000.0,
            4319500000.0,
            4319600000.0,
            4319700000.0,
            4319800000.0,
            4319900000.0,
            4320000000.0,
            4320100000.0,
            4320200000.0,
            4320300000.0,
            4320400000.0,
            4320500000.0,
            4320600000.0,
            4320700000.0,
            4320800000.0,
            4320900000.0,
            4321000000.0,
            4321100000.0,
            4321200000.0,
            4321300000.0,
            4321400000.0,
            4321500000.0,
            4321600000.0,
            4321700000.0,
            4321800000.0,
            4321900000.0,
            4322000000.0,
            4322100000.0,
            4322200000.0,
            4322300000.0,
            4322400000.0,
            4322500000.0,
            4322600000.0,
            4322700000.0,
            4322800000.0,
            4322900000.0,
            4323000000.0,
            4323100000.0,
            4323200000.0,
            4323300000.0,
            4323400000.0,
            4323500000.0,
            4323600000.0,
            4323700000.0,
            4323800000.0,
            4323900000.0,
            4324000000.0,
            4324100000.0,
            4324200000.0,
            4324300000.0,
            4324400000.0,
            4324500000.0,
            4324600000.0,
            4324700000.0,
            4324800000.0,
            4324900000.0,
            4325000000.0,
            4325100000.0,
            4325200000.0,
            4325300000.0,
            4325400000.0,
            4325500000.0,
            4325600000.0,
            4325700000.0,
            4325800000.0,
            4325900000.0,
            4326000000.0,
            4326100000.0,
            4326200000.0,
            4326300000.0,
            4326400000.0,
            4326500000.0,
            4326600000.0,
            4326700000.0,
            4326800000.0,
            4326900000.0,
            4327000000.0,
            4327100000.0,
            4327200000.0,
            4327300000.0,
            4327400000.0,
            4327500000.0,
            4327600000.0,
            4327700000.0,
            4327800000.0,
            4327900000.0,
            4328000000.0,
            4328100000.0,
            4328200000.0,
            4328300000.0,
            4328400000.0,
            4328500000.0,
            4328600000.0,
            4328700000.0,
            4328800000.0,
            4328900000.0
        ],
        "y_data": [
            1.1880858523477162,
            1.1144341012676349,
            0.9312998910324451,
            1.12683598713554,
            1.0249466732844723,
            1.125530033159781,
            1.1051817444649108,
            1.2414803872085454,
            1.0048113995254615,
            1.282160729849684,
            1.1944708353208138,
            1.1724046555182055,
            1.0951336149489106,
            1.038371828776253,
            1.1768224642601683,
            1.3080387889707097,
            1.073308459189531,
            1.1087126484163699,
            1.1866691318216702,
            1.144788445607662,
            1.462858956622739,
            1.1168206190429941,
            1.3299882019222247,
            1.2338403840922332,
            1.3791567454820914,
            1.3018677015776605,
            1.168691696626105,
            1.2954235925916169,
            1.3644199981888405,
            1.067171431075391,
            1.0620333831047317,
            1.2597805529557562,
            1.3719346165478756,
            1.3904571157601309,
            1.4434715407484342,
            1.2490185226597714,
            1.5157318983374128,
            1.129129589650825,
            1.4371927836560705,
            1.2627792546745753,
            1.238809985750958,
            1.4394248128433438,
            1.0812841811429141,
            1.2421403631282792,
            1.1112612509441226,
            1.087370563701683,
            1.2318949243086925,
            1.2521220465806038,
            1.4194460857524844,
            1.2646703358958173,
            1.266138381922126,
            1.0435196465454266,
            1.2311470165532519,
            1.208601170295847,
            1.0820682731570952,
            1.2679110906978976,
            1.054591444651178,
            1.0814445848866494,
            1.2174423733020308,
            1.1904688876861798,
            1.0022572370189975,
            1.0433333915158567,
            1.2659080180524758,
            1.145212161963846,
            0.9984834029891666,
            1.0300820489135811,
            1.0288659668667353,
            1.1294380255470744,
            1.3502785554199785,
            1.0297466451135895,
            1.2982481980091967,
            1.0438683123117036,
            0.8905505260784714,
            0.9494496892171383,
            1.1854173605743499,
            1.1531541554880702,
            0.967467179126981,
            1.0559991580360393,
            1.0492695841005772,
            1.1641013156812015,
            0.8525001482437989,
            1.1637918799375446,
            1.2341004842995675,
            1.0189025993539063,
            1.1492532544759437,
            1.127278665318048,
            0.9236137355922991,
            1.1246356173501257,
            1.1227786610911996,
            1.0777986583434438,
            0.94917165987259,
            1.0426068174875256,
            1.0272892549427826,
            1.1849129472880324,
            0.983744428541897,
            1.029991172271823,
            1.0784881090835954,
            1.016486112916222,
            1.1697647116994123,
            1.1898822558041473,
            0.8309711954544163
        ]
    }
}