{
    "meta_data": {
        "type": "1d",
        "plot_properties": {
            "x_label": "Qubit Frequency [MHz]",
            "y_label": "Amplitude [a.u.]",
            "title": "Qubit Spectroscopy Experiment"
        },
        "experiment_properties": {
            "qubit": "q3",
            "repetitions": 1000
        },
        "qubit_parameters": {
            "qb_freq": 4533000000,
            "drive_amp": 0.5,
            "drive_len": 4e-05,
            "pi_amp": 0.12311032872520918,
            "pi_len": 4e-08,
            "res_freq": 6155000000.0,
            "res_amp": 0.4,
            "res_len": 2e-06,
            "qb_amp_spec": 1.0,
            "qb_lo": 4600000000.0,
            "res_lo": 5600000000.0,
            "flux_bias": -0.8371,
            "anharmnonicity": 208220000.0,
            "w125": 4428890000.0,
            "ro_delay": 2e-08,
            "ro_int_delay": 4e-08,
            "angle": -7.852623448891259,
            "ge": [
                -0.0003101590383918415,
                -0.00021195280752536226
            ]
        }
    },
    "data": {
        "x_data": [
            4530500000.0,
            4530550000.0,
            4530600000.0,
            4530650000.0,
            4530700000.0,
            4530750000.0,
            4530800000.0,
            4530850000.0,
            4530900000.0,
            4530950000.0,
            4531000000.0,
            4531050000.0,
            4531100000.0,
            4531150000.0,
            4531200000.0,
            4531250000.0,
            4531300000.0,
            4531350000.0,
            4531400000.0,
            4531450000.0,
            4531500000.0,
            4531550000.0,
            4531600000.0,
            4531650000.0,
            4531700000.0,
            4531750000.0,
            4531800000.0,
            4531850000.0,
            4531900000.0,
            4531950000.0,
            4532000000.0,
            4532050000.0,
            4532100000.0,
            4532150000.0,
            4532200000.0,
            4532250000.0,
            4532300000.0,
            4532350000.0,
            4532400000.0,
            4532450000.0,
            4532500000.0,
            4532550000.0,
            4532600000.0,
            4532650000.0,
            4532700000.0,
            4532750000.0,
            4532800000.0,
            4532850000.0,
            4532900000.0,
            4532950000.0,
            4533000000.0,
            4533050000.0,
            4533100000.0,
            4533150000.0,
            4533200000.0,
            4533250000.0,
            4533300000.0,
            4533350000.0,
            4533400000.0,
            4533450000.0,
            4533500000.0,
            4533550000.0,
            4533600000.0,
            4533650000.0,
            4533700000.0,
            4533750000.0,
            4533800000.0,
            4533850000.0,
            4533900000.0,
            4533950000.0,
            4534000000.0,
            4534050000.0,
            4534100000.0,
            4534150000.0,
            4534200000.0,
            4534250000.0,
            4534300000.0,
            4534350000.0,
            4534400000.0,
            4534450000.0,
            4534500000.0,
            4534550000.0,
            4534600000.0,
            4534650000.0,
            4534700000.0,
            4534750000.0,
            4534800000.0,
            4534850000.0,
            4534900000.0,
            4534950000.0,
            4535000000.0,
            4535050000.0,
            4535100000.0,
            4535150000.0,
            4535200000.0,
            4535250000.0,
            4535300000.0,
            4535350000.0,
            4535400000.0,
            4535450000.0,
            4535500000.0
        ],
        "y_data": [
            0.030785077013757687,
            0.06648343580508109,
            0.2816412632122544,
            0.044040596375763484,
            0.10015809283884636,
            0.005575845460850192,
            0.06170136954280735,
            0.12271622997166834,
            0.09628300229985115,
            -0.016102438615261016,
            -0.0005403576321561469,
            -0.12475077362255643,
            0.06982042039301066,
            0.025699460590730795,
            -0.03610592371645318,
            -0.015577582345039604,
            0.24467413857293874,
            -0.029910030067311678,
            -0.08170574009808447,
            0.014711384646623417,
            -0.03850212959313084,
            0.0280176656839496,
            0.15928094076205515,
            0.11137454906031694,
            -0.13447890588002734,
            0.1836933414132094,
            0.17719525791484086,
            -0.10228049302472719,
            0.10980318581759993,
            -0.03400507462365426,
            0.09420064686828061,
            0.054750392719760455,
            -0.023821064027592632,
            0.0038287109273620738,
            -0.05553169560878232,
            -0.051431233094650176,
            0.2772982008501261,
            0.0731232471886516,
            0.17532764676775434,
            0.08645412890511389,
            0.21731357571168122,
            0.03990976726989377,
            0.03647293951469369,
            0.10956139352614325,
            0.16350187646503378,
            0.1649400339756235,
            0.176725501110924,
            0.464131648377552,
            0.24196091983508372,
            0.3897885357568754,
            0.5905614646787304,
            0.6283048559534633,
            0.5628084807101614,
            0.40217377081947964,
            0.5175214825533605,
            0.28556009331490656,
            0.13681589934995733,
            -0.003966723454704494,
            0.08363710182203078,
            0.2922198545642894,
            0.24004415185150157,
            0.1725418349299741,
            0.22089113817398004,
            0.11128787954439479,
            -0.04439590051818608,
            -0.0372114330027229,
            0.06133819581825357,
            0.09499347218000147,
            0.15904158757902978,
            0.0680649938497882,
            0.12101831049546144,
            -0.004532141803603426,
            -0.04732902943656113,
            0.06134002463586356,
            0.09011557998464632,
            -0.013975300440550453,
            -0.0046543068199768325,
            0.062458416469555154,
            0.08399937620668904,
            0.14963697932138867,
            0.013369472258769506,
            -0.0852168925078617,
            -0.005723944568016733,
            -0.1588811267981012,
            0.1025155490156465,
            0.30503685839579675,
            0.20146349499711488,
            0.11413843289548305,
            0.11217601296668267,
            0.15917014592258522,
            0.15541103187295557,
            -0.06127098281704085,
            0.17048419661911093,
            0.18023312602605926,
            0.21838806770331887,
            0.04210778342868867,
            0.029191952896328574,
            -0.1444569772292015,
            0.03526258692311755,
            0.05246041991278337,
            -0.035048813026569495
        ]
    }
}