{
    "meta_data": {
        "type": "1d",
        "plot_properties": {
            "x_label": "Qubit Frequency [MHz]",
            "y_label": "Amplitude [a.u.]",
            "title": "Qubit Spectroscopy Experiment"
        },
        "experiment_properties": {
            "qubit": "q2",
            "repetitions": 5000
        },
        "qubit_parameters": {
            "qb_freq": 4323900000.0,
            "drive_amp": 0.5,
            "drive_len": 4e-05,
            "pi_amp": 0.1401419087323477,
            "pi_len": 4e-08,
            "res_freq": 4922000000.0,
            "res_amp": 0.75,
            "res_len": 3e-06,
            "qb_amp_spec": 1.0,
            "qb_lo": 4600000000.0,
            "res_lo": 5600000000.0,
            "flux_bias": -0.873,
            "anharmnonicity": 190300000,
            "w125": 4220000000.0,
            "ro_delay": 2e-08,
            "ro_int_delay": 4e-08,
            "angle": -3.302896850190391,
            "ge": [
                -8.878678622016958e-05,
                -3.682663947606694e-05
            ]
        }
    },
    "data": {
        "x_data": [
            4321400000.0,
            4321450000.0,
            4321500000.0,
            4321550000.0,
            4321600000.0,
            4321650000.0,
            4321700000.0,
            4321750000.0,
            4321800000.0,
            4321850000.0,
            4321900000.0,
            4321950000.0,
            4322000000.0,
            4322050000.0,
            4322100000.0,
            4322150000.0,
            4322200000.0,
            4322250000.0,
            4322300000.0,
            4322350000.0,
            4322400000.0,
            4322450000.0,
            4322500000.0,
            4322550000.0,
            4322600000.0,
            4322650000.0,
            4322700000.0,
            4322750000.0,
            4322800000.0,
            4322850000.0,
            4322900000.0,
            4322950000.0,
            4323000000.0,
            4323050000.0,
            4323100000.0,
            4323150000.0,
            4323200000.0,
            4323250000.0,
            4323300000.0,
            4323350000.0,
            4323400000.0,
            4323450000.0,
            4323500000.0,
            4323550000.0,
            4323600000.0,
            4323650000.0,
            4323700000.0,
            4323750000.0,
            4323800000.0,
            4323850000.0,
            4323900000.0,
            4323950000.0,
            4324000000.0,
            4324050000.0,
            4324100000.0,
            4324150000.0,
            4324200000.0,
            4324250000.0,
            4324300000.0,
            4324350000.0,
            4324400000.0,
            4324450000.0,
            4324500000.0,
            4324550000.0,
            4324600000.0,
            4324650000.0,
            4324700000.0,
            4324750000.0,
            4324800000.0,
            4324850000.0,
            4324900000.0,
            4324950000.0,
            4325000000.0,
            4325050000.0,
            4325100000.0,
            4325150000.0,
            4325200000.0,
            4325250000.0,
            4325300000.0,
            4325350000.0,
            4325400000.0,
            4325450000.0,
            4325500000.0,
            4325550000.0,
            4325600000.0,
            4325650000.0,
            4325700000.0,
            4325750000.0,
            4325800000.0,
            4325850000.0,
            4325900000.0,
            4325950000.0,
            4326000000.0,
            4326050000.0,
            4326100000.0,
            4326150000.0,
            4326200000.0,
            4326250000.0,
            4326300000.0,
            4326350000.0,
            4326400000.0
        ],
        "y_data": [
            -0.06289979123158412,
            -0.06279434726364565,
            -0.03257468954414021,
            0.017856989453649146,
            -0.003906766597655176,
            -0.019840623688724315,
            -0.017092221854625948,
            -0.08477761347730116,
            -0.026997745532840393,
            -0.06871836471644976,
            -0.012196768598660462,
            -0.039518759955689764,
            0.015059416487037104,
            -0.10278771847998283,
            -0.010650979039974879,
            -0.007384578377565131,
            -0.08681414135722466,
            -0.03552500530798163,
            0.023766173128050794,
            0.040492166379223746,
            0.007821394296952316,
            0.056388858933137824,
            0.03441447973005758,
            0.019287346262689017,
            0.04444683999833436,
            0.017512074503137617,
            0.08494656851827243,
            0.03661845386488507,
            -0.010707588292748524,
            0.008560558447161236,
            0.017725047052826275,
            -0.026277939793132046,
            0.0417870194930657,
            0.04552008642590676,
            0.06578875717514905,
            0.015468089861048459,
            -0.010774735055167694,
            0.14334770178086442,
            0.03003488148328092,
            0.10524016953641113,
            0.16577795169242868,
            0.06198558528567623,
            0.09259164085571556,
            0.2563611651830043,
            0.25418365927426984,
            0.37592079736441714,
            0.40277376269648835,
            0.4643547819550075,
            0.4820565477708203,
            0.517062842319575,
            0.6108432043831012,
            0.5716810601942492,
            0.48133424142663295,
            0.36087085139685576,
            0.31077289443886924,
            0.25769414841565763,
            0.23353370943102192,
            0.15687284552303146,
            0.07935193765399055,
            0.07778129239402999,
            0.1350003174058415,
            0.0264715232076982,
            0.09280394246941961,
            0.0012214695120954262,
            -0.01717450757034344,
            0.007298496444942517,
            0.03436744430398569,
            0.02479015780273637,
            0.0815893802230047,
            0.02540479385217008,
            -0.04235408606035944,
            -0.06954894980646971,
            -0.09939385655106925,
            0.05586958641390011,
            -0.03562435630722367,
            0.04197179823213888,
            0.015953293607701386,
            -0.07364664671306925,
            -0.0005458097031200317,
            -0.010221595026879452,
            -0.01954477595936461,
            -0.013527000596773423,
            0.021714233052826187,
            -0.09129078711965304,
            -0.0635820822079696,
            -0.04767813070321971,
            0.010639077736860401,
            -0.043477130540820266,
            -0.07362885111563916,
            -0.08712039385895894,
            -0.0875965935652969,
            -0.04357907846105269,
            -0.046097603679897736,
            -0.07389664415823291,
            -0.03710423948064105,
            -0.016148661466880182,
            -0.00041792260716563514,
            -0.1208600612099914,
            -0.0073689440328913395,
            0.010573133722560909,
            -0.09994186366878981
        ]
    }
}