{
    "meta_data": {
        "type": "1d",
        "plot_properties": {
            "x_label": "Qubit Frequency [MHz]",
            "y_label": "Amplitude [a.u.]",
            "title": "Qubit Spectroscopy Experiment"
        },
        "experiment_properties": {
            "qubit": "q2",
            "repetitions": 1000
        },
        "qubit_parameters": {
            "qb_freq": 4323900000.0,
            "drive_amp": 0.5,
            "drive_len": 4e-05,
            "pi_amp": 0.1401419087323477,
            "pi_len": 4e-08,
            "res_freq": 4922000000.0,
            "res_amp": 0.75,
            "res_len": 3e-06,
            "qb_amp_spec": 1.0,
            "qb_lo": 4600000000.0,
            "res_lo": 5600000000.0,
            "flux_bias": -0.876,
            "anharmnonicity": 190300000,
            "w125": 4220000000.0,
            "ro_delay": 2e-08,
            "ro_int_delay": 4e-08,
            "angle": -3.302896850190391,
            "ge": [
                -8.878678622016958e-05,
                -3.682663947606694e-05
            ]
        }
    },
    "data": {
        "x_data": [
            4318900000.0,
            4319000000.0,
            4319100000.0,
            4319200000.0,
            4319300000.0,
            4319400000.0,
            4319500000.0,
            4319600000.0,
            4319700000.0,
            4319800000.0,
            4319900000.0,
            4320000000.0,
            4320100000.0,
            4320200000.0,
            4320300000.0,
            4320400000.0,
            4320500000.0,
            4320600000.0,
            4320700000.0,
            4320800000.0,
            4320900000.0,
            4321000000.0,
            4321100000.0,
            4321200000.0,
            4321300000.0,
            4321400000.0,
            4321500000.0,
            4321600000.0,
            4321700000.0,
            4321800000.0,
            4321900000.0,
            4322000000.0,
            4322100000.0,
            4322200000.0,
            4322300000.0,
            4322400000.0,
            4322500000.0,
            4322600000.0,
            4322700000.0,
            4322800000.0,
            4322900000.0,
            4323000000.0,
            4323100000.0,
            4323200000.0,
            4323300000.0,
            4323400000.0,
            4323500000.0,
            4323600000.0,
            4323700000.0,
            4323800000.0,
            4323900000.0,
            4324000000.0,
            4324100000.0,
            4324200000.0,
            4324300000.0,
            4324400000.0,
            4324500000.0,
            4324600000.0,
            4324700000.0,
            4324800000.0,
            4324900000.0,
            4325000000.0,
            4325100000.0,
            4325200000.0,
            4325300000.0,
            4325400000.0,
            4325500000.0,
            4325600000.0,
            4325700000.0,
            4325800000.0,
            4325900000.0,
            4326000000.0,
            4326100000.0,
            4326200000.0,
            4326300000.0,
            4326400000.0,
            4326500000.0,
            4326600000.0,
            4326700000.0,
            4326800000.0,
            4326900000.0,
            4327000000.0,
            4327100000.0,
            4327200000.0,
            4327300000.0,
            4327400000.0,
            4327500000.0,
            4327600000.0,
            4327700000.0,
            4327800000.0,
            4327900000.0,
            4328000000.0,
            4328100000.0,
            4328200000.0,
            4328300000.0,
            4328400000.0,
            4328500000.0,
            4328600000.0,
            4328700000.0,
            4328800000.0,
            4328900000.0
        ],
        "y_data": [
            0.008287590722323202,
            -0.0018781337372848438,
            0.08903253310717746,
            -0.20608587917109056,
            0.006587005340269182,
            0.003741952821449953,
            -0.04190643781304491,
            -0.03253244198077534,
            0.02905502547830438,
            0.06563279485181073,
            -0.1602906464202605,
            -0.11591970702612413,
            0.014827586269140318,
            0.019107355213713036,
            0.08989494476282589,
            -0.05870954019897851,
            -0.041376022957897274,
            0.09954784248721339,
            0.0021230336569790886,
            -0.0582145251139403,
            0.04053364755314389,
            -0.0426921328496079,
            -0.06379851973552195,
            0.0320080828105133,
            0.11933152318127424,
            -0.013144549651880154,
            0.01703168692727055,
            0.1808307324378844,
            -0.11495103650961637,
            0.08208875043689001,
            -0.03976112129665325,
            0.07586263020501889,
            -0.021791849489068198,
            0.05268286729658767,
            0.21848921276858962,
            0.07144593905433472,
            0.19963808994065504,
            0.1252716662274818,
            0.07473356939480649,
            0.19482197611630062,
            0.3878167466274154,
            0.29490271706103244,
            0.476729255811603,
            0.44827930541549305,
            0.5729000728585603,
            0.5964118532807205,
            0.7088879095596904,
            0.5138271006871615,
            0.5128429962264632,
            0.49603262263436726,
            0.4180399047098828,
            0.18766741563546654,
            0.16683340338562222,
            0.20193644614388084,
            -0.12301177051905786,
            0.12673737309488328,
            0.04813193716589966,
            0.09895298877901827,
            0.1211095035406382,
            0.2735451900501971,
            0.12096876751137726,
            0.07758819056202032,
            0.05683225509991562,
            0.03503426646891292,
            -0.09814597586056321,
            0.08774381559676002,
            -0.06994193722534692,
            0.0009446563764350122,
            0.12515724117638968,
            0.15035882229310135,
            0.24767630984647787,
            0.03967149481284846,
            0.12494756461914425,
            -0.11694999939663868,
            -0.08190457220882583,
            0.08728126763393315,
            0.07834763158179206,
            0.00540972844997531,
            0.020901470314822795,
            0.06747107314467683,
            0.024602892268003402,
            0.09413773282753346,
            0.18955800000794001,
            -0.12026793923138027,
            0.012775297176020092,
            0.11575206762036665,
            -0.04851109401706202,
            -0.05979942970544017,
            0.0863946309948096,
            0.10211807275682626,
            0.26310672847302546,
            0.041365745399266345,
            -0.054275624272912375,
            -0.20909664528327185,
            -0.10617923204664524,
            0.06187535656201496,
            0.008199608696230033,
            -0.009230645362079466,
            -0.011679830978075881,
            -0.04258415220165148,
            0.068836899962465
        ]
    }
}