{
    "meta_data": {
        "type": "1d",
        "plot_properties": {
            "x_label": "Qubit Frequency [MHz]",
            "y_label": "Amplitude [a.u.]",
            "title": "Qubit Spectroscopy Experiment"
        },
        "experiment_properties": {
            "qubit": "q2",
            "repetitions": 5000
        },
        "qubit_parameters": {
            "qb_freq": 4323900000.0,
            "drive_amp": 0.5,
            "drive_len": 4e-05,
            "pi_amp": 0.1401419087323477,
            "pi_len": 4e-08,
            "res_freq": 4922000000.0,
            "res_amp": 0.75,
            "res_len": 3e-06,
            "qb_amp_spec": 1.0,
            "qb_lo": 4600000000.0,
            "res_lo": 5600000000.0,
            "flux_bias": -0.872,
            "anharmnonicity": 190300000,
            "w125": 4220000000.0,
            "ro_delay": 2e-08,
            "ro_int_delay": 4e-08,
            "angle": -3.302896850190391,
            "ge": [
                -8.878678622016958e-05,
                -3.682663947606694e-05
            ]
        }
    },
    "data": {
        "x_data": [
            4321400000.0,
            4321450000.0,
            4321500000.0,
            4321550000.0,
            4321600000.0,
            4321650000.0,
            4321700000.0,
            4321750000.0,
            4321800000.0,
            4321850000.0,
            4321900000.0,
            4321950000.0,
            4322000000.0,
            4322050000.0,
            4322100000.0,
            4322150000.0,
            4322200000.0,
            4322250000.0,
            4322300000.0,
            4322350000.0,
            4322400000.0,
            4322450000.0,
            4322500000.0,
            4322550000.0,
            4322600000.0,
            4322650000.0,
            4322700000.0,
            4322750000.0,
            4322800000.0,
            4322850000.0,
            4322900000.0,
            4322950000.0,
            4323000000.0,
            4323050000.0,
            4323100000.0,
            4323150000.0,
            4323200000.0,
            4323250000.0,
            4323300000.0,
            4323350000.0,
            4323400000.0,
            4323450000.0,
            4323500000.0,
            4323550000.0,
            4323600000.0,
            4323650000.0,
            4323700000.0,
            4323750000.0,
            4323800000.0,
            4323850000.0,
            4323900000.0,
            4323950000.0,
            4324000000.0,
            4324050000.0,
            4324100000.0,
            4324150000.0,
            4324200000.0,
            4324250000.0,
            4324300000.0,
            4324350000.0,
            4324400000.0,
            4324450000.0,
            4324500000.0,
            4324550000.0,
            4324600000.0,
            4324650000.0,
            4324700000.0,
            4324750000.0,
            4324800000.0,
            4324850000.0,
            4324900000.0,
            4324950000.0,
            4325000000.0,
            4325050000.0,
            4325100000.0,
            4325150000.0,
            4325200000.0,
            4325250000.0,
            4325300000.0,
            4325350000.0,
            4325400000.0,
            4325450000.0,
            4325500000.0,
            4325550000.0,
            4325600000.0,
            4325650000.0,
            4325700000.0,
            4325750000.0,
            4325800000.0,
            4325850000.0,
            4325900000.0,
            4325950000.0,
            4326000000.0,
            4326050000.0,
            4326100000.0,
            4326150000.0,
            4326200000.0,
            4326250000.0,
            4326300000.0,
            4326350000.0,
            4326400000.0
        ],
        "y_data": [
            0.036954371334270826,
            -0.09162026294766691,
            -0.042868421581646755,
            0.04001072242871658,
            0.06423532236392095,
            0.13532148136058417,
            -0.07680843452582369,
            -0.0059031874537420455,
            0.03625027571512964,
            0.035942615749536486,
            -0.011324301706364394,
            0.0710923825450024,
            0.03588391049067551,
            -0.03257368270863756,
            0.015654104834626776,
            0.03601964651925006,
            0.03199653501316071,
            0.06917479347382452,
            0.05268166713762144,
            0.0715362003985852,
            0.09805919226733406,
            -0.004828229077855784,
            0.03487077747626359,
            -0.031245572780757753,
            0.014422725682616854,
            0.0039265905379607825,
            0.03788385276817313,
            0.07042624547009893,
            0.04087050367698892,
            0.020200859005891858,
            0.06693883845981827,
            -0.02500198370263197,
            0.033376393316977296,
            -0.04071662769356475,
            0.01959759192960702,
            -0.015181032653142574,
            0.04676817614740767,
            -0.03900269332635264,
            0.0032541103821297937,
            0.11155313135855084,
            0.034059007764943874,
            -7.045690890075158e-06,
            0.05543912427727467,
            0.11583312935690561,
            0.16520867657717395,
            0.2303147985048233,
            0.16490976967661392,
            0.2219899730792843,
            0.388332864176772,
            0.32961265865026873,
            0.4009539284977064,
            0.5191769617798667,
            0.5498722266347721,
            0.6305673782163683,
            0.6545312063755209,
            0.4658611262774987,
            0.3431413217425236,
            0.2737002713708947,
            0.2650544573626121,
            0.16486932053929076,
            0.17785914228993047,
            0.08799467333133638,
            0.14431400132317987,
            0.1144556867333318,
            0.017781169026905488,
            0.095241747202161,
            0.03559719004533865,
            0.09183171842599767,
            0.0872894942377482,
            0.04658617315352886,
            0.03199619617926877,
            0.05531690345751516,
            0.10288017680730834,
            -0.07767963290550083,
            -0.0050008831561695905,
            -0.04022622216486064,
            -0.017955754786362754,
            0.08437130693483655,
            0.058866888582506514,
            -0.03774522707164903,
            0.08256108937009478,
            0.06577441896073241,
            -0.037416199167195824,
            -0.007310599874642498,
            -0.02294823864217674,
            0.02080913160639041,
            -0.0014830499670996091,
            0.07621055513281398,
            -0.0632508158939847,
            -0.024304147966284786,
            0.05248734909389382,
            0.03822119202806702,
            -0.020179589109645107,
            -0.027491007933549215,
            0.07860778575842185,
            0.05050295848076753,
            0.00013796468562778542,
            -0.007374252142847729,
            0.02279572990442647,
            -0.024709670340450494,
            -0.04241721842653575
        ]
    }
}