{
    "meta_data": {
        "type": "1d",
        "plot_properties": {
            "x_label": "Qubit Frequency [MHz]",
            "y_label": "Amplitude [a.u.]",
            "title": "Qubit Spectroscopy Experiment"
        },
        "experiment_properties": {
            "qubit": "q2",
            "repetitions": 1000
        },
        "qubit_parameters": {
            "qb_freq": 4323900000.0,
            "drive_amp": 0.5,
            "drive_len": 4e-05,
            "pi_amp": 0.1401419087323477,
            "pi_len": 4e-08,
            "res_freq": 4932000000.0,
            "res_amp": 1,
            "res_len": 2e-06,
            "qb_amp_spec": 1.0,
            "qb_lo": 4600000000.0,
            "res_lo": 5600000000.0,
            "flux_bias": -0.884,
            "anharmnonicity": 190300000,
            "w125": 4220000000.0,
            "ro_delay": 2e-08,
            "ro_int_delay": 4e-08,
            "angle": -5.256260444629553,
            "ge": [
                4.342185417071522e-05,
                9.872327244994911e-05
            ]
        }
    },
    "data": {
        "x_data": [
            4273900000.0,
            4274900000.0,
            4275900000.0,
            4276900000.0,
            4277900000.0,
            4278900000.0,
            4279900000.0,
            4280900000.0,
            4281900000.0,
            4282900000.0,
            4283900000.0,
            4284900000.0,
            4285900000.0,
            4286900000.0,
            4287900000.0,
            4288900000.0,
            4289900000.0,
            4290900000.0,
            4291900000.0,
            4292900000.0,
            4293900000.0,
            4294900000.0,
            4295900000.0,
            4296900000.0,
            4297900000.0,
            4298900000.0,
            4299900000.0,
            4300900000.0,
            4301900000.0,
            4302900000.0,
            4303900000.0,
            4304900000.0,
            4305900000.0,
            4306900000.0,
            4307900000.0,
            4308900000.0,
            4309900000.0,
            4310900000.0,
            4311900000.0,
            4312900000.0,
            4313900000.0,
            4314900000.0,
            4315900000.0,
            4316900000.0,
            4317900000.0,
            4318900000.0,
            4319900000.0,
            4320900000.0,
            4321900000.0,
            4322900000.0,
            4323900000.0,
            4324900000.0,
            4325900000.0,
            4326900000.0,
            4327900000.0,
            4328900000.0,
            4329900000.0,
            4330900000.0,
            4331900000.0,
            4332900000.0,
            4333900000.0,
            4334900000.0,
            4335900000.0,
            4336900000.0,
            4337900000.0,
            4338900000.0,
            4339900000.0,
            4340900000.0,
            4341900000.0,
            4342900000.0,
            4343900000.0,
            4344900000.0,
            4345900000.0,
            4346900000.0,
            4347900000.0,
            4348900000.0,
            4349900000.0,
            4350900000.0,
            4351900000.0,
            4352900000.0,
            4353900000.0,
            4354900000.0,
            4355900000.0,
            4356900000.0,
            4357900000.0,
            4358900000.0,
            4359900000.0,
            4360900000.0,
            4361900000.0,
            4362900000.0,
            4363900000.0,
            4364900000.0,
            4365900000.0,
            4366900000.0,
            4367900000.0,
            4368900000.0,
            4369900000.0,
            4370900000.0,
            4371900000.0,
            4372900000.0,
            4373900000.0
        ],
        "y_data": [
            1.0804349980894035,
            0.9226210160505309,
            1.011107511633413,
            1.1544996411435748,
            1.0092632468682243,
            1.059114483075545,
            0.8366722706370419,
            1.0346428747583472,
            1.1659401177764293,
            1.09141481996452,
            0.9208868658670035,
            1.064585118974239,
            0.8830755695496351,
            0.9799852674552284,
            1.219511050290439,
            1.054856827507286,
            1.0703334983730282,
            1.008795679540148,
            0.8583437552018367,
            0.913004465437726,
            0.9765158918264846,
            1.116439146847966,
            1.1404308138131471,
            1.0217957794640709,
            1.0701805667249444,
            1.1066097090170361,
            1.2475917732506634,
            1.1136499447864068,
            1.1680069446822259,
            1.0347158818645013,
            1.0981669391210305,
            1.2384154912124419,
            1.0371048287095355,
            0.7704685045329761,
            0.9396978186236662,
            1.0805189658099015,
            0.9989317481900116,
            1.0546501485874205,
            1.0949085531897838,
            0.9192309275914033,
            0.9887205778631472,
            0.9430459329534195,
            1.1959382391093716,
            0.8666970655147581,
            1.0956249195302248,
            0.9594370275242056,
            1.0603422579850799,
            1.1160620377340222,
            1.3736916269895303,
            1.1494982219562717,
            1.4864603486000827,
            1.0152632654785227,
            0.8893067609085694,
            1.0371718063222588,
            0.9819491806268739,
            0.7838790357359694,
            1.0077286805803176,
            0.9102572375055411,
            1.1460502092472626,
            1.1571523092978082,
            1.1211771999030076,
            1.029120592240515,
            1.1238901350152826,
            0.9218775151651126,
            0.8867468450222529,
            0.7334149551020466,
            1.1232294487416732,
            1.043485244253173,
            1.087426415275187,
            1.0613281306399163,
            0.921320191462264,
            1.1702360035199004,
            0.9774153105222565,
            1.004715117382633,
            1.2211469940506037,
            0.8797137857732051,
            1.035203213816091,
            0.9891518879509203,
            1.113053547971298,
            1.106743969548686,
            1.0372846358180494,
            1.0926782792090914,
            1.1614987858604788,
            1.0751540145120186,
            1.0299422953029855,
            1.2471555077147896,
            1.134910461657646,
            0.9543342977644105,
            0.8065657534382373,
            1.1268612703815457,
            1.2013464806374745,
            1.1175525900578798,
            0.9186963595397757,
            0.9726593782007354,
            1.1907930535418894,
            0.9701708309844926,
            1.1453760104373365,
            0.9697983489016183,
            1.0422590639907814,
            1.2372602587597792,
            1.0789627373778539
        ]
    }
}