{
    "meta_data": {
        "type": "1d",
        "plot_properties": {
            "x_label": "Qubit Frequency [MHz]",
            "y_label": "Amplitude [a.u.]",
            "title": "Qubit Spectroscopy Experiment"
        },
        "experiment_properties": {
            "qubit": "q2",
            "repetitions": 1000
        },
        "qubit_parameters": {
            "qb_freq": 4323900000.0,
            "drive_amp": 0.5,
            "drive_len": 4e-05,
            "pi_amp": 0.1401419087323477,
            "pi_len": 4e-08,
            "res_freq": 4922000000.0,
            "res_amp": 0.75,
            "res_len": 3e-06,
            "qb_amp_spec": 1.0,
            "qb_lo": 4600000000.0,
            "res_lo": 5600000000.0,
            "flux_bias": -0.88,
            "anharmnonicity": 190300000,
            "w125": 4220000000.0,
            "ro_delay": 2e-08,
            "ro_int_delay": 4e-08,
            "angle": -3.302896850190391,
            "ge": [
                -8.878678622016958e-05,
                -3.682663947606694e-05
            ]
        }
    },
    "data": {
        "x_data": [
            4318900000.0,
            4319000000.0,
            4319100000.0,
            4319200000.0,
            4319300000.0,
            4319400000.0,
            4319500000.0,
            4319600000.0,
            4319700000.0,
            4319800000.0,
            4319900000.0,
            4320000000.0,
            4320100000.0,
            4320200000.0,
            4320300000.0,
            4320400000.0,
            4320500000.0,
            4320600000.0,
            4320700000.0,
            4320800000.0,
            4320900000.0,
            4321000000.0,
            4321100000.0,
            4321200000.0,
            4321300000.0,
            4321400000.0,
            4321500000.0,
            4321600000.0,
            4321700000.0,
            4321800000.0,
            4321900000.0,
            4322000000.0,
            4322100000.0,
            4322200000.0,
            4322300000.0,
            4322400000.0,
            4322500000.0,
            4322600000.0,
            4322700000.0,
            4322800000.0,
            4322900000.0,
            4323000000.0,
            4323100000.0,
            4323200000.0,
            4323300000.0,
            4323400000.0,
            4323500000.0,
            4323600000.0,
            4323700000.0,
            4323800000.0,
            4323900000.0,
            4324000000.0,
            4324100000.0,
            4324200000.0,
            4324300000.0,
            4324400000.0,
            4324500000.0,
            4324600000.0,
            4324700000.0,
            4324800000.0,
            4324900000.0,
            4325000000.0,
            4325100000.0,
            4325200000.0,
            4325300000.0,
            4325400000.0,
            4325500000.0,
            4325600000.0,
            4325700000.0,
            4325800000.0,
            4325900000.0,
            4326000000.0,
            4326100000.0,
            4326200000.0,
            4326300000.0,
            4326400000.0,
            4326500000.0,
            4326600000.0,
            4326700000.0,
            4326800000.0,
            4326900000.0,
            4327000000.0,
            4327100000.0,
            4327200000.0,
            4327300000.0,
            4327400000.0,
            4327500000.0,
            4327600000.0,
            4327700000.0,
            4327800000.0,
            4327900000.0,
            4328000000.0,
            4328100000.0,
            4328200000.0,
            4328300000.0,
            4328400000.0,
            4328500000.0,
            4328600000.0,
            4328700000.0,
            4328800000.0,
            4328900000.0
        ],
        "y_data": [
            -0.09066145192780065,
            -0.04204715917043589,
            0.011992296585230511,
            0.045956564892284044,
            -0.03882941785119167,
            -0.062081415553948666,
            -0.033602272451791225,
            0.037545409665824356,
            -0.06765014021106323,
            0.18893729446480198,
            0.0721783122000557,
            0.19093599239511316,
            0.20514697062918655,
            0.27205009111192646,
            0.28631056360487395,
            0.26211575153580824,
            0.34613339261272835,
            0.13934912354013027,
            0.4653234070750231,
            0.16755211529426928,
            0.2708850747266469,
            0.339084256422266,
            0.34020336107410565,
            0.27850726999394254,
            0.2690995374911808,
            0.35139193667698376,
            0.4335350323244959,
            0.46379810393472604,
            0.4315797890209252,
            0.4941424939529151,
            0.21735487094822747,
            0.42641703241760376,
            0.719528713485209,
            0.6451093467606601,
            0.5378562414523728,
            0.5156120113474733,
            0.6659520249073684,
            0.6264710506267656,
            0.5250478214941623,
            0.35939617190420237,
            0.8973217756576695,
            0.6458977077623075,
            0.6215771646717368,
            0.5439598360348086,
            0.6159534369000882,
            0.48353062468114233,
            0.6461243268772001,
            0.4899500692396162,
            0.46008267466095004,
            0.2193595757147277,
            0.37150765732410407,
            0.476317140244279,
            0.31987546792573723,
            0.31856735851843354,
            0.13733164302706344,
            0.055164242132316826,
            0.16961182749055934,
            0.37315880713476407,
            0.31084718018801066,
            0.21384676123893342,
            0.19272321862173153,
            0.24046192179503287,
            0.11460913844079777,
            0.12270949167755092,
            0.13961378336173255,
            0.13006641694606236,
            0.14242218037098056,
            0.06610861826783557,
            0.02151173725398034,
            0.24341610195682253,
            0.057500282602116225,
            0.0802989928811707,
            0.04176686914680537,
            -0.11611587424330257,
            0.30811638701445737,
            -0.0321096763619326,
            0.01994265066444443,
            0.07959141433270155,
            0.1769202958877112,
            0.10434253192916046,
            0.025221595532411743,
            0.09920645310075818,
            0.1499176969865794,
            -0.043029167279826114,
            0.18308523269557284,
            0.21441028877857257,
            0.08234682604106622,
            -0.003961105162783337,
            0.002321601882530884,
            -0.049417365070452454,
            0.029937294215423186,
            0.05818586715440181,
            0.04590309369358857,
            0.1271142148975696,
            0.15082193382834655,
            -0.066859682858108,
            0.0982640926993683,
            0.09244846032030221,
            0.1237239220304914,
            -0.14007714897924403,
            -0.14592210438508543
        ]
    }
}