{
    "meta_data": {
        "type": "1d",
        "plot_properties": {
            "x_label": "Qubit Frequency [MHz]",
            "y_label": "Amplitude [a.u.]",
            "title": "Qubit Spectroscopy Experiment"
        },
        "experiment_properties": {
            "qubit": "q2",
            "repetitions": 5000
        },
        "qubit_parameters": {
            "qb_freq": 4323900000.0,
            "drive_amp": 0.5,
            "drive_len": 4e-05,
            "pi_amp": 0.14202812886729277,
            "pi_len": 4e-08,
            "res_freq": 4922000000.0,
            "res_amp": 0.75,
            "res_len": 3e-06,
            "qb_amp_spec": 1.0,
            "qb_lo": 4600000000.0,
            "res_lo": 5600000000.0,
            "flux_bias": -0.873,
            "anharmnonicity": 190300000,
            "w125": 4220000000.0,
            "ro_delay": 2e-08,
            "ro_int_delay": 4e-08,
            "angle": -3.302896850190391,
            "ge": [
                -8.878678622016958e-05,
                -3.682663947606694e-05
            ]
        }
    },
    "data": {
        "x_data": [
            0.0,
            1.0738255033557047e-07,
            2.1476510067114094e-07,
            3.221476510067114e-07,
            4.295302013422819e-07,
            5.369127516778524e-07,
            6.442953020134228e-07,
            7.516778523489933e-07,
            8.590604026845638e-07,
            9.664429530201342e-07,
            1.0738255033557048e-06,
            1.1812080536912751e-06,
            1.2885906040268457e-06,
            1.395973154362416e-06,
            1.5033557046979866e-06,
            1.610738255033557e-06,
            1.7181208053691275e-06,
            1.825503355704698e-06,
            1.9328859060402684e-06,
            2.040268456375839e-06,
            2.1476510067114096e-06,
            2.25503355704698e-06,
            2.3624161073825503e-06,
            2.4697986577181206e-06,
            2.5771812080536914e-06,
            2.6845637583892617e-06,
            2.791946308724832e-06,
            2.899328859060403e-06,
            3.0067114093959732e-06,
            3.1140939597315436e-06,
            3.221476510067114e-06,
            3.3288590604026847e-06,
            3.436241610738255e-06,
            3.5436241610738254e-06,
            3.651006711409396e-06,
            3.7583892617449665e-06,
            3.865771812080537e-06,
            3.973154362416107e-06,
            4.080536912751678e-06,
            4.187919463087248e-06,
            4.295302013422819e-06,
            4.4026845637583895e-06,
            4.51006711409396e-06,
            4.61744966442953e-06,
            4.7248322147651005e-06,
            4.832214765100671e-06,
            4.939597315436241e-06,
            5.0469798657718124e-06,
            5.154362416107383e-06,
            5.261744966442953e-06,
            5.3691275167785235e-06,
            5.476510067114094e-06,
            5.583892617449664e-06,
            5.6912751677852345e-06,
            5.798657718120806e-06,
            5.906040268456376e-06,
            6.0134228187919464e-06,
            6.120805369127517e-06,
            6.228187919463087e-06,
            6.3355704697986575e-06,
            6.442953020134228e-06,
            6.550335570469799e-06,
            6.657718120805369e-06,
            6.76510067114094e-06,
            6.87248322147651e-06,
            6.9798657718120805e-06,
            7.087248322147651e-06,
            7.194630872483221e-06,
            7.302013422818792e-06,
            7.409395973154363e-06,
            7.516778523489933e-06,
            7.624161073825503e-06,
            7.731543624161074e-06,
            7.838926174496644e-06,
            7.946308724832214e-06,
            8.053691275167785e-06,
            8.161073825503355e-06,
            8.268456375838926e-06,
            8.375838926174496e-06,
            8.483221476510068e-06,
            8.590604026845638e-06,
            8.697986577181209e-06,
            8.805369127516779e-06,
            8.91275167785235e-06,
            9.02013422818792e-06,
            9.12751677852349e-06,
            9.23489932885906e-06,
            9.34228187919463e-06,
            9.449664429530201e-06,
            9.557046979865771e-06,
            9.664429530201342e-06,
            9.771812080536912e-06,
            9.879194630872482e-06,
            9.986577181208055e-06,
            1.0093959731543625e-05,
            1.0201342281879195e-05,
            1.0308724832214766e-05,
            1.0416107382550336e-05,
            1.0523489932885906e-05,
            1.0630872483221477e-05,
            1.0738255033557047e-05,
            1.0845637583892617e-05,
            1.0953020134228188e-05,
            1.1060402684563758e-05,
            1.1167785234899328e-05,
            1.1275167785234899e-05,
            1.1382550335570469e-05,
            1.1489932885906041e-05,
            1.1597315436241611e-05,
            1.1704697986577182e-05,
            1.1812080536912752e-05,
            1.1919463087248323e-05,
            1.2026845637583893e-05,
            1.2134228187919463e-05,
            1.2241610738255034e-05,
            1.2348993288590604e-05,
            1.2456375838926174e-05,
            1.2563758389261745e-05,
            1.2671140939597315e-05,
            1.2778523489932885e-05,
            1.2885906040268456e-05,
            1.2993288590604028e-05,
            1.3100671140939598e-05,
            1.3208053691275168e-05,
            1.3315436241610739e-05,
            1.3422818791946309e-05,
            1.353020134228188e-05,
            1.363758389261745e-05,
            1.374496644295302e-05,
            1.385234899328859e-05,
            1.3959731543624161e-05,
            1.4067114093959731e-05,
            1.4174496644295302e-05,
            1.4281879194630872e-05,
            1.4389261744966442e-05,
            1.4496644295302013e-05,
            1.4604026845637585e-05,
            1.4711409395973155e-05,
            1.4818791946308725e-05,
            1.4926174496644296e-05,
            1.5033557046979866e-05,
            1.5140939597315436e-05,
            1.5248322147651007e-05,
            1.5355704697986577e-05,
            1.5463087248322148e-05,
            1.5570469798657718e-05,
            1.5677852348993288e-05,
            1.578523489932886e-05,
            1.589261744966443e-05,
            1.6e-05
        ],