{
    "meta_data": {},
    "data": {
        "x_data": [
            1,
            6,
            11,
            16,
            21,
            26,
            31,
            36,
            41,
            46,
            51,
            56,
            61,
            66,
            71,
            76,
            81,
            86,
            91,
            96,
            101,
            106,
            111,
            116,
            121,
            126,
            131,
            136,
            141,
            146,
            151,
            156,
            161,
            166,
            171,
            176,
            181,
            186,
            191,
            196
        ],
        "y_data": [
            1.014523527816107,
            0.9747410712470806,
            0.9467838907083731,
            0.8526912147189366,
            0.8025367838346009,
            0.7683467098383885,
            0.7730981592512708,
            0.7341757098341619,
            0.7221409191118454,
            0.6867111899069757,
            0.6383398451496118,
            0.6428243197355681,
            0.5995323240287361,
            0.5552915011643536,
            0.600463062453525,
            0.5880852074644873,
            0.6185993220632289,
            0.5997170167216069,
            0.5449419025727633,
            0.578809950685023,
            0.4978047066280924,
            0.5565455537927387,
            0.5235624152678928,
            0.492320615962642,
            0.5271173978907224,
            0.49063728297360765,
            0.4417011668904016,
            0.4193917428489806,
            0.49523892625034616,
            0.5074119079934615,
            0.4775291027298335,
            0.443145916631303,
            0.40320914124729323,
            0.3250513819168557,
            0.40167410698921757,
            0.39509474444179493,
            0.37826848785998124,
            0.3720975656195995,
            0.28990685000145366,
            0.3294936719853353
        ]
    }
}