{
    "meta_data": {
        "type": "1d",
        "plot_properties": {
            "x_label": "X90 Gate Number",
            "y_label": "Amplitude [a.u.]",
            "title": "T1 Experiment"
        },
        "experiment_properties": {
            "qubit": "q4",
            "repetitions": 10000
        },
        "qubit_parameters": {
            "qb_freq": 4323900000.0,
            "drive_amp": 0.2,
            "drive_len": 4e-05,
            "pi_amp": 0.102913762095,
            "pi_len": 4e-08,
            "res_freq": 5836500000.0,
            "res_amp": 0.4,
            "res_len": 2e-06,
            "qb_amp_spec": 1.0,
            "qb_lo": 4600000000.0,
            "res_lo": 5600000000.0,
            "flux_bias": -0.77725,
            "anharmnonicity": 208390000.0,
            "w125": 4326260000.0,
            "ro_delay": 2e-08,
            "ro_int_delay": 4e-08,
            "angle": -0.4589692008908344,
            "ge": [
                -0.0004923160316752499,
                -0.0002689406037105092
            ]
        }
    },
    "data": {
        "x_data": [
            0,
            1,
            2,
            3,
            4,
            5,
            6,
            7,
            8,
            9,
            10,
            11,
            12,
            13,
            14,
            15,
            16,
            17,
            18,
            19,
            20,
            21,
            22,
            23,
            24,
            25,
            26,
            27,
            28,
            29,
            30,
            31,
            32,
            33,
            34,
            35,
            36,
            37,
            38,
            39,
            40,
            41,
            42,
            43,
            44,
            45,
            46,
            47,
            48,
            49,
            50,
            51,
            52,
            53,
            54,
            55,
            56,
            57,
            58,
            59,
            60,
            61,
            62,
            63,
            64,
            65,
            66,
            67,
            68,
            69,
            70,
            71,
            72,
            73,
            74,
            75,
            76,
            77,
            78,
            79,
            80,
            81,
            82,
            83,
            84,
            85,
            86,
            87,
            88,
            89,
            90,
            91,
            92,
            93,
            94,
            95,
            96,
            97,
            98,
            99
        ],
        "y_data": [
            0.06592728424510012,
            0.43431911174432286,
            0.899257552369578,
            0.5064052285635068,
            0.05115949861248064,
            0.43629941533911565,
            0.8901238262794686,
            0.5545261434412306,
            0.07338690304144502,
            0.3997805507204629,
            0.8619922218116675,
            0.5850805084740179,
            0.03919796039342236,
            0.3483795659389255,
            0.8029840702017362,
            0.6062323476082693,
            0.13144686889071625,
            0.3467887275567794,
            0.8467084430451557,
            0.5943542446483947,
            0.1284530988061483,
            0.330620045359531,
            0.8092238672090265,
            0.6686399542462292,
            0.1296208323362098,
            0.2704548265193906,
            0.8032714523943604,
            0.6646363318166658,
            0.18504842791358606,
            0.25297171187341044,
            0.76335342662637,
            0.6461404356751306,
            0.2256432538084841,
            0.2669773793871107,
            0.7106626771380157,
            0.7183326034337727,
            0.206304702964435,
            0.2510331720271988,
            0.745323837251147,
            0.7228779242733611,
            0.24372629914250604,
            0.2575496697500029,
            0.6969922474578906,
            0.7375597193566686,
            0.3012742849778458,
            0.2030640169910633,
            0.658600435518429,
            0.7486336514487553,
            0.3082727554085423,
            0.199378106817804,
            0.6383791084989603,
            0.7588362718866574,
            0.3538824155567902,
            0.18859584705337282,
            0.6053624100680889,
            0.7531791263495573,
            0.3312413996807113,
            0.18065101815569365,
            0.6330860798048449,
            0.7826396053003384,
            0.41476776279476124,
            0.14804284380927146,
            0.5526900243391448,
            0.7183365424742594,
            0.41299577296779727,
            0.1754433445234403,
            0.5466523687738695,
            0.7563605164624241,
            0.44430346297635226,
            0.2418690452268871,
            0.5367619552226263,
            0.7667955331220029,
            0.4773245128234457,
            0.20551328785923997,
            0.4962703337182509,
            0.7674759077942972,
            0.4925959007139416,
            0.19936574515198727,
            0.4437731404632167,
            0.7582022635868763,
            0.5219289350551647,
            0.24623804315787015,
            0.44766118518247444,
            0.738146568483003,
            0.511943528973593,
            0.24683838863073576,
            0.40717266176599476,
            0.7127395806371417,
            0.5501947966133974,
            0.2270289271617841,
            0.42330974930874765,
            0.7255371594963975,
            0.5687766133202222,
            0.28386441882027624,
            0.36149289554446123,
            0.7119993442997791,
            0.5827265940892248,
            0.25751364628731527,
            0.38128221721368466,
            0.6818946731392364
        ]
    }
}