{
    "meta_data": {
        "type": "1d",
        "plot_properties": {
            "x_label": "X90 Gate Number",
            "y_label": "Amplitude [a.u.]",
            "title": "T1 Experiment"
        },
        "experiment_properties": {
            "qubit": "q4",
            "repetitions": 10000
        },
        "qubit_parameters": {
            "qb_freq": 4323900000.0,
            "drive_amp": 0.2,
            "drive_len": 4e-05,
            "pi_amp": 0.104870037337,
            "pi_len": 4e-08,
            "res_freq": 5836500000.0,
            "res_amp": 0.4,
            "res_len": 2e-06,
            "qb_amp_spec": 1.0,
            "qb_lo": 4600000000.0,
            "res_lo": 5600000000.0,
            "flux_bias": -0.77725,
            "anharmnonicity": 208390000.0,
            "w125": 4326260000.0,
            "ro_delay": 2e-08,
            "ro_int_delay": 4e-08,
            "angle": -0.4589692008908344,
            "ge": [
                -0.0004923160316752499,
                -0.0002689406037105092
            ]
        }
    },
    "data": {
        "x_data": [
            0,
            1,
            2,
            3,
            4,
            5,
            6,
            7,
            8,
            9,
            10,
            11,
            12,
            13,
            14,
            15,
            16,
            17,
            18,
            19,
            20,
            21,
            22,
            23,
            24,
            25,
            26,
            27,
            28,
            29,
            30,
            31,
            32,
            33,
            34,
            35,
            36,
            37,
            38,
            39,
            40,
            41,
            42,
            43,
            44,
            45,
            46,
            47,
            48,
            49
        ],
        "y_data": [
            0.05824511429875232,
            0.41352264075758877,
            0.8203683591563437,
            0.541614931337392,
            0.09330283122842806,
            0.3793536065464513,
            0.8556875506390708,
            0.5650303686380362,
            0.10655068623663447,
            0.34606669344943863,
            0.7861356384003355,
            0.6069527423910681,
            0.11670720078472417,
            0.29475796576850444,
            0.7871264176900192,
            0.6146087415049175,
            0.13899356500633875,
            0.2978768018791488,
            0.7986201448476375,
            0.6695639296304383,
            0.18481516131832404,
            0.25825171712508,
            0.7224202800474862,
            0.6852046519077073,
            0.22838544816446293,
            0.2358524219985399,
            0.7009768503440224,
            0.7224635679059483,
            0.2439786839333767,
            0.2110382015664384,
            0.7147897526185196,
            0.7289545482916412,
            0.27653259569792077,
            0.17722940975148604,
            0.6764120587210074,
            0.7352033878429767,
            0.3124153759847211,
            0.17655028322797758,
            0.6173327282706523,
            0.7878709575328551,
            0.3776762700802594,
            0.1966457837022235,
            0.5447759663683533,
            0.7693128290626482,
            0.38503527964662515,
            0.14087848335925318,
            0.5122920776237664,
            0.7566110613119024,
            0.43226002743013675,
            0.1542013709365214
        ]
    }
}