{
    "meta_data": {
        "type": "1d",
        "plot_properties": {
            "x_label": "X90 Gate Number",
            "y_label": "Amplitude [a.u.]",
            "title": "T1 Experiment"
        },
        "experiment_properties": {
            "qubit": "q2",
            "repetitions": 10000
        },
        "qubit_parameters": {
            "qb_freq": 4323900000.0,
            "drive_amp": 0.5,
            "drive_len": 4e-05,
            "pi_amp": 0.14202812886729277,
            "pi_len": 4e-08,
            "res_freq": 4922000000.0,
            "res_amp": 0.75,
            "res_len": 3e-06,
            "qb_amp_spec": 1.0,
            "qb_lo": 4600000000.0,
            "res_lo": 5600000000.0,
            "flux_bias": -0.873,
            "anharmnonicity": 190300000,
            "w125": 4220000000.0,
            "ro_delay": 2e-08,
            "ro_int_delay": 4e-08,
            "angle": -3.302896850190391,
            "ge": [
                -8.878678622016958e-05,
                -3.682663947606694e-05
            ]
        }
    },
    "data": {
        "x_data": [
            0,
            1,
            2,
            3,
            4,
            5,
            6,
            7,
            8,
            9,
            10,
            11,
            12,
            13,
            14,
            15,
            16,
            17,
            18,
            19,
            20,
            21,
            22,
            23,
            24,
            25,
            26,
            27,
            28,
            29,
            30,
            31,
            32,
            33,
            34,
            35,
            36,
            37,
            38,
            39,
            40,
            41,
            42,
            43,
            44,
            45,
            46,
            47,
            48,
            49,
            50,
            51,
            52,
            53,
            54,
            55,
            56,
            57,
            58,
            59,
            60,
            61,
            62,
            63,
            64,
            65,
            66,
            67,
            68,
            69,
            70,
            71,
            72,
            73,
            74,
            75,
            76,
            77,
            78,
            79,
            80,
            81,
            82,
            83,
            84,
            85,
            86,
            87,
            88,
            89,
            90,
            91,
            92,
            93,
            94,
            95,
            96,
            97,
            98,
            99
        ],
        "y_data": [
            0.003738353552823187,
            0.5673619359434149,
            1.055736412654811,
            0.5129018258509991,
            0.05492656638249594,
            0.49511715715157245,
            1.0390425380257842,
            0.4581705919425836,
            0.004745914967754407,
            0.5241559993846546,
            1.0051948222772782,
            0.5351739123998092,
            0.05075166117655581,
            0.5849437252177474,
            0.9444429414623968,
            0.4984048632679373,
            0.04297171094232289,
            0.5565693477253035,
            0.9735144227374849,
            0.5217933539814555,
            -0.02790093402634344,
            0.5277766378489956,
            0.9755966824909833,
            0.46379147345775706,
            0.13630917248936186,
            0.5628671643801763,
            0.9952159864579545,
            0.5411662500194119,
            0.06518993127391394,
            0.542327467771243,
            0.9721486447683934,
            0.4471788437047287,
            0.10676463577598236,
            0.520029232325275,
            0.9158384434564371,
            0.5427588563933063,
            0.05333243137235756,
            0.47380596545969467,
            0.9939535153694778,
            0.6012589076623651,
            0.10462938001976643,
            0.49925815160959813,
            0.9485603806646603,
            0.5072372321746141,
            0.10332380755139603,
            0.5592004206863214,
            0.9659882764356297,
            0.5063471130376881,
            0.08893867836304824,
            0.5101060675357908,
            0.9629799794265593,
            0.5102555917562674,
            0.09223934992462854,
            0.5126562239254776,
            0.9526749023224215,
            0.5287480999908392,
            0.16542963476678943,
            0.5086491978809119,
            0.9169540983201138,
            0.5614565549588024,
            0.15009649590296512,
            0.5409806554380616,
            0.8290120686076998,
            0.4817439489948692,
            0.1798034459883126,
            0.5563140470895754,
            0.9492405588054604,
            0.47967202945751736,
            0.17634433290258417,
            0.5694090834954559,
            0.9011247606965628,
            0.5420870422540686,
            0.14874834204303497,
            0.5892799627377517,
            0.8831674059859288,
            0.5182945158583413,
            0.19427261124646925,
            0.5399994521238936,
            0.8904896038011976,
            0.4743753833236137,
            0.22308764135230566,
            0.514910573925956,
            0.8763445469694827,
            0.5758875701616651,
            0.21367909404292817,
            0.6001161083719984,
            0.836905121439707,
            0.5575604123485205,
            0.2532202679555043,
            0.54563664219932,
            0.8762830590610182,
            0.5267288093142345,
            0.20067758632044236,
            0.5042829102135161,
            0.9173358354353788,
            0.48540408801698504,
            0.25472799186530126,
            0.5522998134457187,
            0.8387045534538952,
            0.5552362192411372
        ]
    }
}