{
    "meta_data": {
        "type": "1d",
        "plot_properties": {
            "x_label": "X90 Gate Number",
            "y_label": "Amplitude [a.u.]",
            "title": "T1 Experiment"
        },
        "experiment_properties": {
            "qubit": "q3",
            "repetitions": 10000
        },
        "qubit_parameters": {
            "qb_freq": 4533000000,
            "drive_amp": 0.5,
            "drive_len": 4e-05,
            "pi_amp": 0.1192413968866261,
            "pi_len": 4e-08,
            "res_freq": 6155000000.0,
            "res_amp": 0.4,
            "res_len": 2e-06,
            "qb_amp_spec": 1.0,
            "qb_lo": 4600000000.0,
            "res_lo": 5600000000.0,
            "flux_bias": -0.8371,
            "anharmnonicity": 208220000.0,
            "w125": 4428890000.0,
            "ro_delay": 2e-08,
            "ro_int_delay": 4e-08,
            "angle": -7.852623448891259,
            "ge": [
                -0.0003101590383918415,
                -0.00021195280752536226
            ]
        }
    },
    "data": {
        "x_data": [
            0,
            1,
            2,
            3,
            4,
            5,
            6,
            7,
            8,
            9,
            10,
            11,
            12,
            13,
            14,
            15,
            16,
            17,
            18,
            19,
            20,
            21,
            22,
            23,
            24,
            25,
            26,
            27,
            28,
            29,
            30,
            31,
            32,
            33,
            34,
            35,
            36,
            37,
            38,
            39,
            40,
            41,
            42,
            43,
            44,
            45,
            46,
            47,
            48,
            49
        ],
        "y_data": [
            0.21605949088541831,
            0.4840854548470218,
            0.7918305253791965,
            0.5112004145581938,
            0.17208626447659559,
            0.4212384278797101,
            0.8270688281138578,
            0.5281036551001503,
            0.22371327779546213,
            0.41886319278744005,
            0.7991257456781737,
            0.6377777707543372,
            0.2285536019673977,
            0.43901290576107604,
            0.8156391358002243,
            0.6245643072793714,
            0.30312794028645523,
            0.41985579676501833,
            0.7491175008148218,
            0.5887091378576988,
            0.31711566780730754,
            0.4279709358633964,
            0.6918439136006029,
            0.6319120506721586,
            0.36965169533038533,
            0.389112191742977,
            0.6835622651109772,
            0.6075591602940064,
            0.32272755232035255,
            0.42992514446962166,
            0.6439592312653057,
            0.6480664683500211,
            0.3313793476722416,
            0.365804001438124,
            0.6878607063782636,
            0.6352011174988947,
            0.3832274249021088,
            0.35014910926269804,
            0.6286732799599453,
            0.6283401637775012,
            0.3706564838224164,
            0.34421279223159046,
            0.526260373391836,
            0.6803035367245164,
            0.4481586146796537,
            0.3517016054777144,
            0.5978399069802808,
            0.7118823876814143,
            0.5005305176033469,
            0.3935253082308296
        ]
    }
}