{
    "meta_data": {
        "type": "1d",
        "plot_properties": {
            "x_label": "X90 Gate Number",
            "y_label": "Amplitude [a.u.]",
            "title": "T1 Experiment"
        },
        "experiment_properties": {
            "qubit": "q4",
            "repetitions": 10000
        },
        "qubit_parameters": {
            "qb_freq": 4323900000.0,
            "drive_amp": 0.2,
            "drive_len": 4e-05,
            "pi_amp": 0.10775385066485431,
            "pi_len": 4e-08,
            "res_freq": 5836500000.0,
            "res_amp": 0.4,
            "res_len": 2e-06,
            "qb_amp_spec": 1.0,
            "qb_lo": 4600000000.0,
            "res_lo": 5600000000.0,
            "flux_bias": -0.77725,
            "anharmnonicity": 208390000.0,
            "w125": 4326260000.0,
            "ro_delay": 2e-08,
            "ro_int_delay": 4e-08,
            "angle": -0.7802406278603284,
            "ge": [
                -0.00046292718223053505,
                -0.0003452466480060773
            ]
        }
    },
    "data": {
        "x_data": [
            0,
            1,
            2,
            3,
            4,
            5,
            6,
            7,
            8,
            9,
            10,
            11,
            12,
            13,
            14,
            15,
            16,
            17,
            18,
            19,
            20,
            21,
            22,
            23,
            24,
            25,
            26,
            27,
            28,
            29,
            30,
            31,
            32,
            33,
            34,
            35,
            36,
            37,
            38,
            39,
            40,
            41,
            42,
            43,
            44,
            45,
            46,
            47,
            48,
            49
        ],
        "y_data": [
            0.21949377263612102,
            0.7916029507846478,
            1.325079988717773,
            0.7596609362185054,
            0.2326960034298855,
            0.8170270647933566,
            1.2686252311102106,
            0.7431326087175402,
            0.28483232637594974,
            0.7716140249133948,
            1.3068811338544994,
            0.7133627634918186,
            0.23644725854363635,
            0.8087994416275432,
            1.3315963452645736,
            0.7683256999924408,
            0.2818962812107052,
            0.795540913377828,
            1.328977455385111,
            0.8266887990107681,
            0.232251359519982,
            0.7879627205071271,
            1.2930971286913218,
            0.7201877572580427,
            0.33143309363421686,
            0.8234635020991482,
            1.2531255194114688,
            0.6984811720881853,
            0.34174152994877355,
            0.8875556641162166,
            1.2462306214384027,
            0.6855964043877427,
            0.3123247001873668,
            0.7823026468094751,
            1.2798674870788542,
            0.7186062932213343,
            0.32470586411534846,
            0.8226149901185574,
            1.2277252880096945,
            0.6898297211475237,
            0.3695421413728342,
            0.8086766878664737,
            1.2447362257228842,
            0.6990163804070297,
            0.33946720497343275,
            0.8841010841978588,
            1.2020805152070502,
            0.7187227308974456,
            0.3308134894038191,
            0.8475736986702745
        ]
    }
}