{
    "meta_data": {
        "type": "1d",
        "plot_properties": {
            "x_label": "X90 Gate Number",
            "y_label": "Amplitude [a.u.]",
            "title": "T1 Experiment"
        },
        "experiment_properties": {
            "qubit": "q3",
            "repetitions": 10000
        },
        "qubit_parameters": {
            "qb_freq": 4533000000,
            "drive_amp": 0.5,
            "drive_len": 4e-05,
            "pi_amp": 0.117916492477,
            "pi_len": 4e-08,
            "res_freq": 6155000000.0,
            "res_amp": 0.4,
            "res_len": 2e-06,
            "qb_amp_spec": 1.0,
            "qb_lo": 4600000000.0,
            "res_lo": 5600000000.0,
            "flux_bias": -0.8371,
            "anharmnonicity": 208220000.0,
            "w125": 4428890000.0,
            "ro_delay": 2e-08,
            "ro_int_delay": 4e-08,
            "angle": -7.852623448891259,
            "ge": [
                -0.0003101590383918415,
                -0.00021195280752536226
            ]
        }
    },
    "data": {
        "x_data": [
            0,
            1,
            2,
            3,
            4,
            5,
            6,
            7,
            8,
            9,
            10,
            11,
            12,
            13,
            14,
            15,
            16,
            17,
            18,
            19,
            20,
            21,
            22,
            23,
            24,
            25,
            26,
            27,
            28,
            29,
            30,
            31,
            32,
            33,
            34,
            35,
            36,
            37,
            38,
            39,
            40,
            41,
            42,
            43,
            44,
            45,
            46,
            47,
            48,
            49
        ],
        "y_data": [
            0.20440537306113246,
            0.4119588716359505,
            0.7020826534472692,
            0.5425528942657935,
            0.20919755501362314,
            0.4143006484757907,
            0.6670951665408428,
            0.5239687947186085,
            0.24766832527279053,
            0.340952308111729,
            0.6736868444723333,
            0.5797593874310242,
            0.2506833437121157,
            0.34102805376443845,
            0.5847259507044066,
            0.5965053296579358,
            0.29048557333084096,
            0.3774637939396146,
            0.6149592365013778,
            0.6437929240714209,
            0.3460723661704972,
            0.3384368127775135,
            0.5463408848660254,
            0.6424224097980807,
            0.42552269170081347,
            0.29092374083803285,
            0.5163152216500839,
            0.6629111896663844,
            0.43828062444952465,
            0.3449055973848533,
            0.4473715656917801,
            0.6355491943683226,
            0.4408187112293269,
            0.24472631967100597,
            0.4659555506467604,
            0.6351697708801024,
            0.49308190169980387,
            0.3230501389655389,
            0.40357417153431574,
            0.5963598404360206,
            0.5366746498652604,
            0.30095107478004746,
            0.4216398973875005,
            0.6270072222537387,
            0.5218195215492685,
            0.35679718573745123,
            0.338464164970966,
            0.6280429020780208,
            0.5956421617878704,
            0.3440193490830999
        ]
    }
}