{
    "meta_data": {
        "type": "1d",
        "plot_properties": {
            "x_label": "X90 Gate Number",
            "y_label": "Amplitude [a.u.]",
            "title": "T1 Experiment"
        },
        "experiment_properties": {
            "qubit": "q4",
            "repetitions": 10000
        },
        "qubit_parameters": {
            "qb_freq": 4323900000.0,
            "drive_amp": 0.2,
            "drive_len": 4e-05,
            "pi_amp": 0.102813762095,
            "pi_len": 4e-08,
            "res_freq": 5836500000.0,
            "res_amp": 0.4,
            "res_len": 2e-06,
            "qb_amp_spec": 1.0,
            "qb_lo": 4600000000.0,
            "res_lo": 5600000000.0,
            "flux_bias": -0.77725,
            "anharmnonicity": 208390000.0,
            "w125": 4326260000.0,
            "ro_delay": 2e-08,
            "ro_int_delay": 4e-08,
            "angle": -0.4589692008908344,
            "ge": [
                -0.0004923160316752499,
                -0.0002689406037105092
            ]
        }
    },
    "data": {
        "x_data": [
            0,
            1,
            2,
            3,
            4,
            5,
            6,
            7,
            8,
            9,
            10,
            11,
            12,
            13,
            14,
            15,
            16,
            17,
            18,
            19,
            20,
            21,
            22,
            23,
            24,
            25,
            26,
            27,
            28,
            29,
            30,
            31,
            32,
            33,
            34,
            35,
            36,
            37,
            38,
            39,
            40,
            41,
            42,
            43,
            44,
            45,
            46,
            47,
            48,
            49,
            50,
            51,
            52,
            53,
            54,
            55,
            56,
            57,
            58,
            59,
            60,
            61,
            62,
            63,
            64,
            65,
            66,
            67,
            68,
            69,
            70,
            71,
            72,
            73,
            74,
            75,
            76,
            77,
            78,
            79,
            80,
            81,
            82,
            83,
            84,
            85,
            86,
            87,
            88,
            89,
            90,
            91,
            92,
            93,
            94,
            95,
            96,
            97,
            98,
            99
        ],
        "y_data": [
            0.04742857760061674,
            0.4549682573590186,
            0.9054948715088239,
            0.5279757107672509,
            0.013187262842740535,
            0.43210243063797565,
            0.8720255317761885,
            0.5769431182664828,
            0.07982334093928199,
            0.3782188460911351,
            0.821834128802189,
            0.5872748342021098,
            0.09599750010904376,
            0.3278604840647631,
            0.8197452320471149,
            0.6486632081968126,
            0.16817859879833919,
            0.24982655005598653,
            0.7557784574774531,
            0.6927964848873799,
            0.16537025888056328,
            0.24955075955435993,
            0.7344297550636667,
            0.7040893991249869,
            0.22222982016450682,
            0.21268069737220122,
            0.7003972912401424,
            0.7460427544495877,
            0.2569438154444274,
            0.19184022932144476,
            0.6862652956390937,
            0.7340454585204244,
            0.288288596322586,
            0.18803824772529193,
            0.652110153858761,
            0.7529913404856247,
            0.303155019767784,
            0.16146433381562952,
            0.609397014219789,
            0.7790240872796319,
            0.4011038400628524,
            0.13240042426888032,
            0.5750001006172402,
            0.7851972318830044,
            0.3810579454926279,
            0.18754882379680632,
            0.5251245360201175,
            0.827482523385301,
            0.46594891761228485,
            0.1319649369123627,
            0.5018628084171196,
            0.7915426012040824,
            0.49105930705630474,
            0.16629943371028308,
            0.45489662440540013,
            0.8002815525708002,
            0.5198117201566128,
            0.19586241928919737,
            0.44802178108229307,
            0.7601370974418066,
            0.5734874428505257,
            0.17925632213332918,
            0.3711166178119315,
            0.7616622424781931,
            0.5619308766653942,
            0.1864712040915917,
            0.37500387385582,
            0.7214120345344508,
            0.5860543629830052,
            0.21072163570504196,
            0.3022391482864879,
            0.6780936347313709,
            0.6476537964138888,
            0.2655553225328371,
            0.30946301945759747,
            0.6812379318365677,
            0.663599661437529,
            0.28158716277796364,
            0.2785996269628997,
            0.6713762935232443,
            0.6921394873480287,
            0.33479441227244394,
            0.2609264570012168,
            0.6186835873430433,
            0.7060361558001379,
            0.34039703357053386,
            0.2729626152931472,
            0.6008112029217261,
            0.711190710836332,
            0.35007691768508037,
            0.27794136721170787,
            0.5762095431794589,
            0.7105547041072449,
            0.4207736832857918,
            0.2342537572705972,
            0.5289894861322938,
            0.7433520604446511,
            0.4964000781642085,
            0.24660746716273796,
            0.5202826106957391
        ]
    }
}