{
    "meta_data": {
        "type": "1d",
        "plot_properties": {
            "x_label": "X90 Gate Number",
            "y_label": "Amplitude [a.u.]",
            "title": "T1 Experiment"
        },
        "experiment_properties": {
            "qubit": "q4",
            "repetitions": 10000
        },
        "qubit_parameters": {
            "qb_freq": 4323900000.0,
            "drive_amp": 0.2,
            "drive_len": 4e-05,
            "pi_amp": 0.104870037337,
            "pi_len": 4e-08,
            "res_freq": 5836500000.0,
            "res_amp": 0.4,
            "res_len": 2e-06,
            "qb_amp_spec": 1.0,
            "qb_lo": 4600000000.0,
            "res_lo": 5600000000.0,
            "flux_bias": -0.77725,
            "anharmnonicity": 208390000.0,
            "w125": 4326260000.0,
            "ro_delay": 2e-08,
            "ro_int_delay": 4e-08,
            "angle": -0.4589692008908344,
            "ge": [
                -0.0004923160316752499,
                -0.0002689406037105092
            ]
        }
    },
    "data": {
        "x_data": [
            0,
            1,
            2,
            3,
            4,
            5,
            6,
            7,
            8,
            9,
            10,
            11,
            12,
            13,
            14,
            15,
            16,
            17,
            18,
            19,
            20,
            21,
            22,
            23,
            24,
            25,
            26,
            27,
            28,
            29,
            30,
            31,
            32,
            33,
            34,
            35,
            36,
            37,
            38,
            39,
            40,
            41,
            42,
            43,
            44,
            45,
            46,
            47,
            48,
            49
        ],
        "y_data": [
            0.0033780294329889024,
            0.3700911745684651,
            0.8727473648450884,
            0.502067400474364,
            0.08968017438568791,
            0.3750870410737874,
            0.8226262229993371,
            0.5310434984116408,
            0.0899023062940535,
            0.34953536957206854,
            0.7579381075074559,
            0.5903656170184506,
            0.10185737336997454,
            0.28777400055040314,
            0.7622896153952238,
            0.6084812147100136,
            0.16943478075032198,
            0.2702605603577842,
            0.7722409348610876,
            0.6684187890749915,
            0.22450242865338543,
            0.20342424246340138,
            0.7411247369486557,
            0.6970464543295958,
            0.23228367010848067,
            0.2151344316792181,
            0.6690834602841518,
            0.7294777586031723,
            0.23238972116839351,
            0.1745237894252727,
            0.6891838277496861,
            0.7472642573608707,
            0.2662507359405034,
            0.15746365351559066,
            0.6087000154812785,
            0.7839864105090587,
            0.3328822344500219,
            0.16044881523410043,
            0.5546978550832987,
            0.7228743780046514,
            0.3915652333034999,
            0.17771078024746423,
            0.5272679882721257,
            0.7741523399984657,
            0.4187978793263947,
            0.15047902868904037,
            0.4763946624551784,
            0.7558266472891018,
            0.44761614525412535,
            0.15964323282109474
        ]
    }
}