{
    "meta_data": {
        "type": "1d",
        "plot_properties": {
            "x_label": "X90 Gate Number",
            "y_label": "Amplitude [a.u.]",
            "title": "T1 Experiment"
        },
        "experiment_properties": {
            "qubit": "q3",
            "repetitions": 10000
        },
        "qubit_parameters": {
            "qb_freq": 4533000000,
            "drive_amp": 0.5,
            "drive_len": 4e-05,
            "pi_amp": 0.1198817673,
            "pi_len": 4e-08,
            "res_freq": 6155000000.0,
            "res_amp": 0.4,
            "res_len": 2e-06,
            "qb_amp_spec": 1.0,
            "qb_lo": 4600000000.0,
            "res_lo": 5600000000.0,
            "flux_bias": -0.8371,
            "anharmnonicity": 208220000.0,
            "w125": 4428890000.0,
            "ro_delay": 2e-08,
            "ro_int_delay": 4e-08,
            "angle": -7.852623448891259,
            "ge": [
                -0.0003101590383918415,
                -0.00021195280752536226
            ]
        }
    },
    "data": {
        "x_data": [
            0,
            1,
            2,
            3,
            4,
            5,
            6,
            7,
            8,
            9,
            10,
            11,
            12,
            13,
            14,
            15,
            16,
            17,
            18,
            19,
            20,
            21,
            22,
            23,
            24,
            25,
            26,
            27,
            28,
            29,
            30,
            31,
            32,
            33,
            34,
            35,
            36,
            37,
            38,
            39,
            40,
            41,
            42,
            43,
            44,
            45,
            46,
            47,
            48,
            49
        ],
        "y_data": [
            0.1207705674917827,
            0.6194876919267495,
            1.184345295345317,
            0.7436165758033265,
            0.22780978780321953,
            0.5820532294544053,
            1.162503585045265,
            0.7651841990847643,
            0.20697735851648122,
            0.5743776798202829,
            1.1271786537547164,
            0.748607081244516,
            0.2524460447712303,
            0.5649997796287232,
            1.0328752823631573,
            0.8205017207236857,
            0.3388461425022968,
            0.5260758940524475,
            1.04006474844127,
            0.8012476573387363,
            0.3782026054314406,
            0.5724778417561295,
            0.9941522776064534,
            0.8699427692438494,
            0.4167457367978279,
            0.5134395930177157,
            0.9558888839626213,
            0.8537576007855615,
            0.44387972648640434,
            0.521752339626123,
            0.9284505205974068,
            0.9072833056985756,
            0.46118141528836226,
            0.4659529283825881,
            0.8718992481182279,
            0.883339877788597,
            0.49850892973976163,
            0.4611393186467727,
            0.8999603504558537,
            0.9410373480745702,
            0.6127373540672826,
            0.38994919772642295,
            0.822169490942922,
            0.9822263153597101,
            0.5454397375228257,
            0.39823453987966156,
            0.806604708378387,
            0.9771785834756901,
            0.6262408092465094,
            0.4819549250718321
        ]
    }
}