{
    "meta_data": {
        "type": "1d",
        "plot_properties": {
            "x_label": "X90 Gate Number",
            "y_label": "Amplitude [a.u.]",
            "title": "T1 Experiment"
        },
        "experiment_properties": {
            "qubit": "q3",
            "repetitions": 10000
        },
        "qubit_parameters": {
            "qb_freq": 4533000000,
            "drive_amp": 0.5,
            "drive_len": 4e-05,
            "pi_amp": 0.12311032872520918,
            "pi_len": 4e-08,
            "res_freq": 6155000000.0,
            "res_amp": 0.4,
            "res_len": 2e-06,
            "qb_amp_spec": 1.0,
            "qb_lo": 4600000000.0,
            "res_lo": 5600000000.0,
            "flux_bias": -0.8371,
            "anharmnonicity": 208220000.0,
            "w125": 4428890000.0,
            "ro_delay": 2e-08,
            "ro_int_delay": 4e-08,
            "angle": -7.852623448891259,
            "ge": [
                -0.0003101590383918415,
                -0.00021195280752536226
            ]
        }
    },
    "data": {
        "x_data": [
            0,
            1,
            2,
            3,
            4,
            5,
            6,
            7,
            8,
            9,
            10,
            11,
            12,
            13,
            14,
            15,
            16,
            17,
            18,
            19,
            20,
            21,
            22,
            23,
            24,
            25,
            26,
            27,
            28,
            29,
            30,
            31,
            32,
            33,
            34,
            35,
            36,
            37,
            38,
            39,
            40,
            41,
            42,
            43,
            44,
            45,
            46,
            47,
            48,
            49
        ],
        "y_data": [
            0.12820610488358947,
            0.664397172538357,
            1.1051647865787426,
            0.6137792592689044,
            0.0952206748906096,
            0.6950582681593217,
            1.0436759051186557,
            0.44559070837801207,
            0.1358339877223511,
            0.7702068526737228,
            0.9906464273293504,
            0.3925563194257296,
            0.3289374959464045,
            0.868014859171852,
            0.9245761443247053,
            0.40004990965304404,
            0.3174630615071908,
            0.8258876426973458,
            0.8350506196953731,
            0.31459295624648076,
            0.4389822869705955,
            0.9002906652595923,
            0.7917002894550826,
            0.35258034268170296,
            0.514160176129609,
            0.9465340654356607,
            0.7338199261063892,
            0.25871856786460296,
            0.5294405287187652,
            0.8840888604516235,
            0.6501294580414936,
            0.2997332256116541,
            0.5801766910745684,
            0.8892071749691084,
            0.5969906252469871,
            0.3555821176047369,
            0.5910127681649984,
            0.9148480230949356,
            0.553223780357536,
            0.37254635620049387,
            0.7282764732085228,
            0.8746912222494148,
            0.5558674921080593,
            0.32253339833032063,
            0.7018567111824164,
            0.8432853753836076,
            0.5055920428133561,
            0.3963767496201324,
            0.7796450556944111,
            0.8507398628191055
        ]
    }
}