{
    "meta_data": {
        "type": "1d",
        "plot_properties": {
            "x_label": "X90 Gate Number",
            "y_label": "Amplitude [a.u.]",
            "title": "T1 Experiment"
        },
        "experiment_properties": {
            "qubit": "q4",
            "repetitions": 10000
        },
        "qubit_parameters": {
            "qb_freq": 4323900000.0,
            "drive_amp": 0.2,
            "drive_len": 4e-05,
            "pi_amp": 0.104870037337,
            "pi_len": 4e-08,
            "res_freq": 5836500000.0,
            "res_amp": 0.4,
            "res_len": 2e-06,
            "qb_amp_spec": 1.0,
            "qb_lo": 4600000000.0,
            "res_lo": 5600000000.0,
            "flux_bias": -0.77725,
            "anharmnonicity": 208390000.0,
            "w125": 4326260000.0,
            "ro_delay": 2e-08,
            "ro_int_delay": 4e-08,
            "angle": -0.4589692008908344,
            "ge": [
                -0.0004923160316752499,
                -0.0002689406037105092
            ]
        }
    },
    "data": {
        "x_data": [
            0,
            1,
            2,
            3,
            4,
            5,
            6,
            7,
            8,
            9,
            10,
            11,
            12,
            13,
            14,
            15,
            16,
            17,
            18,
            19,
            20,
            21,
            22,
            23,
            24,
            25,
            26,
            27,
            28,
            29,
            30,
            31,
            32,
            33,
            34,
            35,
            36,
            37,
            38,
            39,
            40,
            41,
            42,
            43,
            44,
            45,
            46,
            47,
            48,
            49
        ],
        "y_data": [
            0.07545459006033156,
            0.54145676241681,
            1.0535754249967277,
            0.6027621367757687,
            0.0452677031513504,
            0.46781897149727153,
            0.999948523355895,
            0.6049838301414449,
            0.12504979712617906,
            0.3953779217324199,
            0.9791968896329344,
            0.6804344467760673,
            0.12017454052569944,
            0.33000061794783986,
            0.9410966813922179,
            0.7543843073545575,
            0.16364852703766822,
            0.36967088305000756,
            0.9304556683875559,
            0.8152821730900109,
            0.19798446862622873,
            0.29391390656735683,
            0.8526886673543626,
            0.8260650655112132,
            0.24053274075340725,
            0.22541570937072433,
            0.8451839793893564,
            0.8362630931121054,
            0.2822214886859584,
            0.2314222467389957,
            0.782385923094821,
            0.9059032926348504,
            0.3066410949001944,
            0.21836619378627015,
            0.7448935672577363,
            0.9107406802602334,
            0.40431168832214237,
            0.20411157265620294,
            0.6938014269377196,
            0.9058480683147032,
            0.43873333956028804,
            0.18994112890505221,
            0.6214867710584481,
            0.9295719604670198,
            0.5001602908623533,
            0.19372155638580696,
            0.6289204565885409,
            0.9112554786066511,
            0.5460999262805452,
            0.18338502124918574
        ]
    }
}