{
    "meta_data": {
        "type": "1d",
        "plot_properties": {
            "x_label": "Rabi Amplitude [s]",
            "y_label": "State",
            "title": "Power Rabi Experiment"
        },
        "experiment_properties": {
            "qubit": "q1",
            "repetitions": 1000
        },
        "qubit_parameters": {
            "qb_freq": 5250000000,
            "drive_amp": 1,
            "drive_len": 4e-05,
            "pi_amp": 0.1330258098164538,
            "pi_len": 4e-08,
            "res_freq": 5250000000.0,
            "res_amp": 0.35,
            "res_len": 2e-06,
            "qb_amp_spec": 1.0,
            "qb_lo": 5600000000.0,
            "res_lo": 5600000000.0,
            "flux_bias": -0.01807,
            "anharmnonicity": 190300000,
            "w125": 4628150000.0,
            "ro_delay": 1e-07,
            "ro_int_delay": 4e-08,
            "angle": -2.7401405965994967,
            "ge": [
                7.929773022613059e-05,
                0.0002924521612886875
            ]
        }
    },
    "data": {
        "x_data": [
            0.0,
            0.0013436950486510485,
            0.002687390097302097,
            0.004031085145953146,
            0.005374780194604194,
            0.006718475243255243,
            0.008062170291906291,
            0.00940586534055734,
            0.010749560389208388,
            0.012093255437859435,
            0.013436950486510486,
            0.014780645535161533,
            0.016124340583812583,
            0.01746803563246363,
            0.01881173068111468,
            0.020155425729765725,
            0.021499120778416776,
            0.022842815827067826,
            0.02418651087571887,
            0.02553020592436992,
            0.026873900973020972,
            0.028217596021672016,
            0.029561291070323067,
            0.030904986118974114,
            0.032248681167625165,
            0.03359237621627621,
            0.03493607126492726,
            0.03627976631357831,
            0.03762346136222936,
            0.0389671564108804,
            0.04031085145953145,
            0.041654546508182504,
            0.04299824155683355,
            0.0443419366054846,
            0.04568563165413565,
            0.0470293267027867,
            0.04837302175143774,
            0.049716716800088795,
            0.05106041184873984,
            0.05240410689739089,
            0.053747801946041944,
            0.05509149699469299,
            0.05643519204334403,
            0.05777888709199508,
            0.059122582140646134,
            0.06046627718929718,
            0.06180997223794823,
            0.06315366728659928,
            0.06449736233525033,
            0.06584105738390138,
            0.06718475243255242,
            0.06852844748120349,
            0.06987214252985452,
            0.07121583757850557,
            0.07255953262715661,
            0.07390322767580766,
            0.07524692272445872,
            0.07659061777310976,
            0.0779343128217608,
            0.07927800787041187,
            0.0806217029190629,
            0.08196539796771396,
            0.08330909301636501,
            0.08465278806501605,
            0.0859964831136671,
            0.08734017816231815,
            0.0886838732109692,
            0.09002756825962024,
            0.0913712633082713,
            0.09271495835692234,
            0.0940586534055734,
            0.09540234845422445,
            0.09674604350287548,
            0.09808973855152654,
            0.09943343360017759,
            0.10077712864882864,
            0.10212082369747968,
            0.10346451874613073,
            0.10480821379478178,
            0.10615190884343283,
            0.10749560389208389,
            0.10883929894073492,
            0.11018299398938598,
            0.11152668903803703,
            0.11287038408668806,
            0.11421407913533912,
            0.11555777418399016,
            0.11690146923264122,
            0.11824516428129227,
            0.11958885932994333,
            0.12093255437859436,
            0.12227624942724541,
            0.12361994447589646,
            0.1249636395245475,
            0.12630733457319857,
            0.1276510296218496,
            0.12899472467050066,
            0.1303384197191517,
            0.13168211476780275,
            0.1330258098164538
        ],
        "y_data": [
            197039.86679002497,
            197039.86679002497,
            197039.86679002497,
            197039.86679002497,
            197039.86679002497,
            197039.86679002497,
            197039.86679002497,
            197039.86679002497,
            197039.86679002497,
            197039.86679002497,
            197039.86679002497,
            197039.86679002497,
            197039.86679002497,
            197039.86679002497,
            197039.86679002497,
            197039.86679002497,
            197039.86679002497,
            197039.86679002497,
            197039.86679002497,
            197039.86679002497,
            197039.86679002497,
            197039.86679002497,
            197039.86679002497,
            197039.86679002497,
            197039.86679002497,
            197039.86679002497,
            197039.86679002497,
            197039.86679002497,
            197039.86679002497,
            197039.86679002497,
            197039.86679002497,
            197039.86679002497,
            197039.86679002497,
            197039.86679002497,
            197039.86679002497,
            197039.86679002497,
            197039.86679002497,
            197039.86679002497,
            197039.86679002497,
            197039.86679002497,
            197039.86679002497,
            197039.86679002497,
            197039.86679002497,
            197039.86679002497,
            197039.86679002497,
            197039.86679002497,
            197039.86679002497,
            197039.86679002497,
            197039.86679002497,
            197039.86679002497,
            197039.86679002497,
            197039.86679002497,
            197039.86679002497,
            197039.86679002497,
            197039.86679002497,
            197039.86679002497,
            197039.86679002497,
            197039.86679002497,
            197039.86679002497,
            197039.86679002497,
            197039.86679002497,
            197039.86679002497,
            197039.86679002497,
            197039.86679002497,
            197039.86679002497,
            197039.86679002497,
            197039.86679002497,
            197039.86679002497,
            197039.86679002497,
            197039.86679002497,
            197039.86679002497,
            197039.86679002497,
            197039.86679002497,
            197039.86679002497,
            197039.86679002497,
            197039.86679002497,
            197039.86679002497,
            197039.86679002497,
            197039.86679002497,
            197039.86679002497,
            197039.86679002497,
            197039.86679002497,
            197039.86679002497,
            197039.86679002497,
            197039.86679002497,
            197039.86679002497,
            197039.86679002497,
            197039.86679002497,
            197039.86679002497,
            197039.86679002497,
            197039.86679002497,
            197039.86679002497,
            197039.86679002497,
            197039.86679002497,
            197039.86679002497,
            197039.86679002497,
            197039.86679002497,
            197039.86679002497,
            197039.86679002497,
            197039.86679002497
        ]
    }
}