{
    "meta_data": {
        "type": "1d",
        "plot_properties": {
            "x_label": "Rabi Amplitude [s]",
            "y_label": "State",
            "title": "Power Rabi Experiment"
        },
        "experiment_properties": {
            "qubit": "q1",
            "repetitions": 1000
        },
        "qubit_parameters": {
            "qb_freq": 5250000000,
            "drive_amp": 1,
            "drive_len": 4e-05,
            "pi_amp": 0.1330258098164538,
            "pi_len": 4e-08,
            "res_freq": 5250000000.0,
            "res_amp": 0.35,
            "res_len": 2e-06,
            "qb_amp_spec": 1.0,
            "qb_lo": 5600000000.0,
            "res_lo": 5600000000.0,
            "flux_bias": -0.01807,
            "anharmnonicity": 190300000,
            "w125": 4628150000.0,
            "ro_delay": 1e-07,
            "ro_int_delay": 4e-08,
            "angle": -2.7401405965994967,
            "ge": [
                7.929773022613059e-05,
                0.0002924521612886875
            ]
        }
    },
    "data": {
        "x_data": [
            0.02660516196329076,
            0.0276801180022116,
            0.028755074041132436,
            0.029830030080053273,
            0.03090498611897411,
            0.03197994215789495,
            0.03305489819681579,
            0.034129854235736626,
            0.03520481027465747,
            0.0362797663135783,
            0.03735472235249915,
            0.03842967839141999,
            0.03950463443034082,
            0.04057959046926166,
            0.041654546508182504,
            0.04272950254710334,
            0.04380445858602418,
            0.04487941462494502,
            0.04595437066386585,
            0.04702932670278669,
            0.048104282741707534,
            0.049179238780628375,
            0.05025419481954921,
            0.051329150858470056,
            0.05240410689739088,
            0.05347906293631173,
            0.05455401897523256,
            0.055628975014153405,
            0.056703931053074245,
            0.05777888709199508,
            0.05885384313091592,
            0.05992879916983676,
            0.061003755208757594,
            0.062078711247678435,
            0.06315366728659927,
            0.06422862332552011,
            0.06530357936444095,
            0.06637853540336179,
            0.06745349144228262,
            0.06852844748120346,
            0.06960340352012431,
            0.07067835955904515,
            0.07175331559796598,
            0.07282827163688682,
            0.07390322767580766,
            0.0749781837147285,
            0.07605313975364934,
            0.07712809579257017,
            0.07820305183149101,
            0.07927800787041187,
            0.08035296390933269,
            0.08142791994825352,
            0.08250287598717437,
            0.08357783202609521,
            0.08465278806501604,
            0.08572774410393688,
            0.08680270014285772,
            0.08787765618177856,
            0.08895261222069942,
            0.09002756825962024,
            0.09110252429854107,
            0.09217748033746193,
            0.09325243637638277,
            0.09432739241530358,
            0.09540234845422443,
            0.09647730449314527,
            0.09755226053206612,
            0.09862721657098697,
            0.09970217260990778,
            0.10077712864882862,
            0.10185208468774948,
            0.10292704072667032,
            0.10400199676559113,
            0.10507695280451199,
            0.10615190884343283,
            0.10722686488235367,
            0.10830182092127448,
            0.10937677696019533,
            0.11045173299911618,
            0.11152668903803703,
            0.11260164507695784,
            0.11367660111587868,
            0.11475155715479952,
            0.11582651319372038,
            0.11690146923264122,
            0.11797642527156203,
            0.11905138131048289,
            0.12012633734940373,
            0.12120129338832457,
            0.1222762494272454,
            0.12335120546616624,
            0.12442616150508708,
            0.12550111754400792,
            0.12657607358292874,
            0.1276510296218496,
            0.12872598566077043,
            0.12980094169969128,
            0.13087589773861213,
            0.13195085377753293,
            0.1330258098164538
        ],
        "y_data": [
            197039.86679002497,
            197039.86679002497,
            197039.86679002497,
            197039.86679002497,
            197039.86679002497,
            197039.86679002497,
            197039.86679002497,
            197039.86679002497,
            197039.86679002497,
            197039.86679002497,
            197039.86679002497,
            197039.86679002497,
            197039.86679002497,
            197039.86679002497,
            197039.86679002497,
            197039.86679002497,
            197039.86679002497,
            197039.86679002497,
            197039.86679002497,
            197039.86679002497,
            197039.86679002497,
            197039.86679002497,
            197039.86679002497,
            197039.86679002497,
            197039.86679002497,
            197039.86679002497,
            197039.86679002497,
            197039.86679002497,
            197039.86679002497,
            197039.86679002497,
            197039.86679002497,
            197039.86679002497,
            197039.86679002497,
            197039.86679002497,
            197039.86679002497,
            197039.86679002497,
            197039.86679002497,
            197039.86679002497,
            197039.86679002497,
            197039.86679002497,
            197039.86679002497,
            197039.86679002497,
            197039.86679002497,
            197039.86679002497,
            197039.86679002497,
            197039.86679002497,
            197039.86679002497,
            197039.86679002497,
            197039.86679002497,
            197039.86679002497,
            197039.86679002497,
            197039.86679002497,
            197039.86679002497,
            197039.86679002497,
            197039.86679002497,
            197039.86679002497,
            197039.86679002497,
            197039.86679002497,
            197039.86679002497,
            197039.86679002497,
            197039.86679002497,
            197039.86679002497,
            197039.86679002497,
            197039.86679002497,
            197039.86679002497,
            197039.86679002497,
            197039.86679002497,
            197039.86679002497,
            197039.86679002497,
            197039.86679002497,
            197039.86679002497,
            197039.86679002497,
            197039.86679002497,
            197039.86679002497,
            197039.86679002497,
            197039.86679002497,
            197039.86679002497,
            197039.86679002497,
            197039.86679002497,
            197039.86679002497,
            197039.86679002497,
            197039.86679002497,
            197039.86679002497,
            197039.86679002497,
            197039.86679002497,
            197039.86679002497,
            197039.86679002497,
            197039.86679002497,
            197039.86679002497,
            197039.86679002497,
            197039.86679002497,
            197039.86679002497,
            197039.86679002497,
            197039.86679002497,
            197039.86679002497,
            197039.86679002497,
            197039.86679002497,
            197039.86679002497,
            197039.86679002497,
            197039.86679002497
        ]
    }
}