{
    "meta_data": {
        "type": "1d",
        "plot_properties": {
            "x_label": "Rabi Amplitude [s]",
            "y_label": "State",
            "title": "Power Rabi Experiment"
        },
        "experiment_properties": {
            "qubit": "q1",
            "repetitions": 1000
        },
        "qubit_parameters": {
            "qb_freq": 5250000000,
            "drive_amp": 1,
            "drive_len": 4e-05,
            "pi_amp": 0.1330258098164538,
            "pi_len": 4e-08,
            "res_freq": 5250000000.0,
            "res_amp": 0.35,
            "res_len": 2e-06,
            "qb_amp_spec": 1.0,
            "qb_lo": 5600000000.0,
            "res_lo": 5600000000.0,
            "flux_bias": -0.01807,
            "anharmnonicity": 190300000,
            "w125": 4628150000.0,
            "ro_delay": 1e-07,
            "ro_int_delay": 4e-08,
            "angle": -2.7401405965994967,
            "ge": [
                7.929773022613059e-05,
                0.0002924521612886875
            ]
        }
    },
    "data": {
        "x_data": [
            0.01330258098164538,
            0.014511906525431323,
            0.01572123206921727,
            0.016930557613003213,
            0.01813988315678915,
            0.019349208700575094,
            0.020558534244361038,
            0.021767859788146982,
            0.022977185331932926,
            0.02418651087571887,
            0.025395836419504814,
            0.02660516196329076,
            0.027814487507076702,
            0.029023813050862646,
            0.030233138594648587,
            0.03144246413843453,
            0.032651789682220475,
            0.03386111522600641,
            0.03507044076979237,
            0.0362797663135783,
            0.03748909185736425,
            0.03869841740115019,
            0.03990774294493613,
            0.041117068488722076,
            0.04232639403250802,
            0.043535719576293964,
            0.04474504512007991,
            0.04595437066386585,
            0.04716369620765179,
            0.04837302175143774,
            0.04958234729522368,
            0.05079167283900963,
            0.052000998382795566,
            0.05321032392658152,
            0.054419649470367454,
            0.055628975014153405,
            0.05683830055793934,
            0.05804762610172529,
            0.05925695164551123,
            0.06046627718929718,
            0.06167560273308312,
            0.06288492827686905,
            0.064094253820655,
            0.06530357936444094,
            0.0665129049082269,
            0.06772223045201282,
            0.06893155599579878,
            0.07014088153958471,
            0.07135020708337067,
            0.0725595326271566,
            0.07376885817094256,
            0.07497818371472849,
            0.07618750925851445,
            0.07739683480230038,
            0.07860616034608633,
            0.07981548588987226,
            0.08102481143365821,
            0.08223413697744415,
            0.0834434625212301,
            0.08465278806501604,
            0.08586211360880198,
            0.08707143915258793,
            0.08828076469637387,
            0.08949009024015982,
            0.09069941578394576,
            0.09190874132773169,
            0.09311806687151765,
            0.09432739241530358,
            0.09553671795908954,
            0.09674604350287547,
            0.09795536904666143,
            0.09916469459044736,
            0.10037402013423331,
            0.10158334567801924,
            0.1027926712218052,
            0.10400199676559113,
            0.10521132230937709,
            0.10642064785316302,
            0.10762997339694898,
            0.10883929894073491,
            0.11004862448452087,
            0.1112579500283068,
            0.11246727557209274,
            0.11367660111587868,
            0.11488592665966463,
            0.11609525220345057,
            0.11730457774723652,
            0.11851390329102246,
            0.1197232288348084,
            0.12093255437859435,
            0.12214187992238029,
            0.12335120546616624,
            0.12456053100995218,
            0.12576985655373812,
            0.12697918209752407,
            0.12818850764131,
            0.12939783318509596,
            0.13060715872888187,
            0.13181648427266784,
            0.1330258098164538
        ],
        "y_data": [
            197039.86679002497,
            197039.86679002497,
            197039.86679002497,
            197039.86679002497,
            197039.86679002497,
            197039.86679002497,
            197039.86679002497,
            197039.86679002497,
            197039.86679002497,
            197039.86679002497,
            197039.86679002497,
            197039.86679002497,
            197039.86679002497,
            197039.86679002497,
            197039.86679002497,
            197039.86679002497,
            197039.86679002497,
            197039.86679002497,
            197039.86679002497,
            197039.86679002497,
            197039.86679002497,
            197039.86679002497,
            197039.86679002497,
            197039.86679002497,
            197039.86679002497,
            197039.86679002497,
            197039.86679002497,
            197039.86679002497,
            197039.86679002497,
            197039.86679002497,
            197039.86679002497,
            197039.86679002497,
            197039.86679002497,
            197039.86679002497,
            197039.86679002497,
            197039.86679002497,
            197039.86679002497,
            197039.86679002497,
            197039.86679002497,
            197039.86679002497,
            197039.86679002497,
            197039.86679002497,
            197039.86679002497,
            197039.86679002497,
            197039.86679002497,
            197039.86679002497,
            197039.86679002497,
            197039.86679002497,
            197039.86679002497,
            197039.86679002497,
            197039.86679002497,
            197039.86679002497,
            197039.86679002497,
            197039.86679002497,
            197039.86679002497,
            197039.86679002497,
            197039.86679002497,
            197039.86679002497,
            197039.86679002497,
            197039.86679002497,
            197039.86679002497,
            197039.86679002497,
            197039.86679002497,
            197039.86679002497,
            197039.86679002497,
            197039.86679002497,
            197039.86679002497,
            197039.86679002497,
            197039.86679002497,
            197039.86679002497,
            197039.86679002497,
            197039.86679002497,
            197039.86679002497,
            197039.86679002497,
            197039.86679002497,
            197039.86679002497,
            197039.86679002497,
            197039.86679002497,
            197039.86679002497,
            197039.86679002497,
            197039.86679002497,
            197039.86679002497,
            197039.86679002497,
            197039.86679002497,
            197039.86679002497,
            197039.86679002497,
            197039.86679002497,
            197039.86679002497,
            197039.86679002497,
            197039.86679002497,
            197039.86679002497,
            197039.86679002497,
            197039.86679002497,
            197039.86679002497,
            197039.86679002497,
            197039.86679002497,
            197039.86679002497,
            197039.86679002497,
            197039.86679002497,
            197039.86679002497
        ]
    }
}