{
    "meta_data": {
        "type": "1d",
        "plot_properties": {
            "x_label": "Rabi Amplitude [s]",
            "y_label": "State",
            "title": "Power Rabi Experiment"
        },
        "experiment_properties": {
            "qubit": "q1",
            "repetitions": 1000
        },
        "qubit_parameters": {
            "qb_freq": 5250000000,
            "drive_amp": 1,
            "drive_len": 4e-05,
            "pi_amp": 0.1330258098164538,
            "pi_len": 4e-08,
            "res_freq": 5250000000.0,
            "res_amp": 0.35,
            "res_len": 2e-06,
            "qb_amp_spec": 1.0,
            "qb_lo": 5600000000.0,
            "res_lo": 5600000000.0,
            "flux_bias": -0.01807,
            "anharmnonicity": 190300000,
            "w125": 4628150000.0,
            "ro_delay": 1e-07,
            "ro_int_delay": 4e-08,
            "angle": -2.7401405965994967,
            "ge": [
                7.929773022613059e-05,
                0.0002924521612886875
            ]
        }
    },
    "data": {
        "x_data": [
            0.1330258098164538,
            0.1330258098164538,
            0.1330258098164538,
            0.1330258098164538,
            0.1330258098164538,
            0.1330258098164538,
            0.1330258098164538,
            0.1330258098164538,
            0.1330258098164538,
            0.1330258098164538,
            0.1330258098164538,
            0.1330258098164538,
            0.1330258098164538,
            0.1330258098164538,
            0.1330258098164538,
            0.1330258098164538,
            0.1330258098164538,
            0.1330258098164538,
            0.1330258098164538,
            0.1330258098164538,
            0.1330258098164538,
            0.1330258098164538,
            0.1330258098164538,
            0.1330258098164538,
            0.1330258098164538,
            0.1330258098164538,
            0.1330258098164538,
            0.1330258098164538,
            0.1330258098164538,
            0.1330258098164538,
            0.1330258098164538,
            0.1330258098164538,
            0.1330258098164538,
            0.1330258098164538,
            0.1330258098164538,
            0.1330258098164538,
            0.1330258098164538,
            0.1330258098164538,
            0.1330258098164538,
            0.1330258098164538,
            0.1330258098164538,
            0.1330258098164538,
            0.1330258098164538,
            0.1330258098164538,
            0.1330258098164538,
            0.1330258098164538,
            0.1330258098164538,
            0.1330258098164538,
            0.1330258098164538,
            0.1330258098164538,
            0.1330258098164538,
            0.1330258098164538,
            0.1330258098164538,
            0.1330258098164538,
            0.1330258098164538,
            0.1330258098164538,
            0.1330258098164538,
            0.1330258098164538,
            0.1330258098164538,
            0.1330258098164538,
            0.1330258098164538,
            0.1330258098164538,
            0.1330258098164538,
            0.1330258098164538,
            0.1330258098164538,
            0.1330258098164538,
            0.1330258098164538,
            0.1330258098164538,
            0.1330258098164538,
            0.1330258098164538,
            0.1330258098164538,
            0.1330258098164538,
            0.1330258098164538,
            0.1330258098164538,
            0.1330258098164538,
            0.1330258098164538,
            0.1330258098164538,
            0.1330258098164538,
            0.1330258098164538,
            0.1330258098164538,
            0.1330258098164538,
            0.1330258098164538,
            0.1330258098164538,
            0.1330258098164538,
            0.1330258098164538,
            0.1330258098164538,
            0.1330258098164538,
            0.1330258098164538,
            0.1330258098164538,
            0.1330258098164538,
            0.1330258098164538,
            0.1330258098164538,
            0.1330258098164538,
            0.1330258098164538,
            0.1330258098164538,
            0.1330258098164538,
            0.1330258098164538,
            0.1330258098164538,
            0.1330258098164538,
            0.1330258098164538
        ],
        "y_data": [
            197039.86679002497,
            197039.86679002497,
            197039.86679002497,
            197039.86679002497,
            197039.86679002497,
            197039.86679002497,
            197039.86679002497,
            197039.86679002497,
            197039.86679002497,
            197039.86679002497,
            197039.86679002497,
            197039.86679002497,
            197039.86679002497,
            197039.86679002497,
            197039.86679002497,
            197039.86679002497,
            197039.86679002497,
            197039.86679002497,
            197039.86679002497,
            197039.86679002497,
            197039.86679002497,
            197039.86679002497,
            197039.86679002497,
            197039.86679002497,
            197039.86679002497,
            197039.86679002497,
            197039.86679002497,
            197039.86679002497,
            197039.86679002497,
            197039.86679002497,
            197039.86679002497,
            197039.86679002497,
            197039.86679002497,
            197039.86679002497,
            197039.86679002497,
            197039.86679002497,
            197039.86679002497,
            197039.86679002497,
            197039.86679002497,
            197039.86679002497,
            197039.86679002497,
            197039.86679002497,
            197039.86679002497,
            197039.86679002497,
            197039.86679002497,
            197039.86679002497,
            197039.86679002497,
            197039.86679002497,
            197039.86679002497,
            197039.86679002497,
            197039.86679002497,
            197039.86679002497,
            197039.86679002497,
            197039.86679002497,
            197039.86679002497,
            197039.86679002497,
            197039.86679002497,
            197039.86679002497,
            197039.86679002497,
            197039.86679002497,
            197039.86679002497,
            197039.86679002497,
            197039.86679002497,
            197039.86679002497,
            197039.86679002497,
            197039.86679002497,
            197039.86679002497,
            197039.86679002497,
            197039.86679002497,
            197039.86679002497,
            197039.86679002497,
            197039.86679002497,
            197039.86679002497,
            197039.86679002497,
            197039.86679002497,
            197039.86679002497,
            197039.86679002497,
            197039.86679002497,
            197039.86679002497,
            197039.86679002497,
            197039.86679002497,
            197039.86679002497,
            197039.86679002497,
            197039.86679002497,
            197039.86679002497,
            197039.86679002497,
            197039.86679002497,
            197039.86679002497,
            197039.86679002497,
            197039.86679002497,
            197039.86679002497,
            197039.86679002497,
            197039.86679002497,
            197039.86679002497,
            197039.86679002497,
            197039.86679002497,
            197039.86679002497,
            197039.86679002497,
            197039.86679002497,
            197039.86679002497
        ]
    }
}