{
    "meta_data": {
        "type": "2d",
        "plot_properties": null,
        "experiment_properties": {
            "qubit": "q4",
            "repetitions": 1000
        },
        "qubit_parameters": {
            "qb_freq": 4323900000.0,
            "drive_amp": 0.14,
            "drive_len": 4e-05,
            "pi_amp": 0.10799278299390497,
            "pi_len": 4e-08,
            "res_freq": 5830500000.0,
            "res_amp": 0.3,
            "res_len": 2e-06,
            "qb_amp_spec": 1.0,
            "qb_lo": 4600000000.0,
            "res_lo": 5600000000.0,
            "flux_bias": -0.777,
            "anharmnonicity": 208390000.0,
            "w125": 4326260000.0,
            "ro_delay": 2e-08,
            "ro_int_delay": 4e-08,
            "angle": -3.281914271434069,
            "ge": [
                -0.0002791978946383558,
                -8.993604443106179e-05
            ]
        }
    },
    "data": {
        "t": [
            1e-07,
            1.5050000000000002e-05,
            3e-05
        ],
        "f": [
            -276099998.5,
            -276099998.0
        ],
        "t_matrix": [
            [
                1e-07,
                1.5050000000000002e-05,
                3e-05
            ],
            [
                1e-07,
                1.5050000000000002e-05,
                3e-05
            ]
        ],
        "f_matrix": [
            [
                -276099998.5,
                -276099998.5,
                -276099998.5
            ],
            [
                -276099998.0,
                -276099998.0,
                -276099998.0
            ]
        ],
        "x_data_r": [
            [
                -0.0002944403870064661,
                -0.00031763572748613354,
                -0.0002838842719371154
            ],
            [
                -0.0003216089272370723,
                -0.0002923186013114516,
                -0.0002920611514130138
            ]
        ],
        "x_data_c": [
            [
                0.0002108487284727448,
                0.00021724629829258411,
                0.00021139044509571394
            ],
            [
                0.0002055318482369747,
                0.00023525307289160285,
                0.00021674009906804488
            ]
        ],
        "y_data_r": [
            [
                -0.00031677635814331145,
                -0.0003146259690939211,
                -0.00029934509742934493
            ],
            [
                -0.0002994060120637908,
                -0.0002890200409595765,
                -0.0002883082575260302
            ]
        ],
        "y_data_c": [
            [
                0.00022962598908423534,
                0.00023392861169493407,
                0.00021462178552999713
            ],
            [
                0.00020874445491196096,
                0.00020347606964638405,
                0.0002176739958809451
            ]
        ],
        "z_data_r": [
            [
                -0.0002954874070673433,
                -0.00030765007842947935,
                -0.00027714493984207705
            ],
            [
                -0.00029260601327825214,
                -0.00031427700339462097,
                -0.000292616879694093
            ]
        ],
        "z_data_c": [
            [
                0.00022475632761658604,
                0.00022554031675319394,
                0.00021351145917786923
            ],
            [
                0.00021849563570255047,
                0.0002317410806963194,
                0.00022015544660136633
            ]
        ]
    }
}