{
    "meta_data": {
        "type": "2d",
        "plot_properties": null,
        "experiment_properties": {
            "qubit": "q4",
            "repetitions": 1000
        },
        "qubit_parameters": {
            "qb_freq": 4323900000.0,
            "drive_amp": 0.14,
            "drive_len": 4e-05,
            "pi_amp": 0.10799278299390497,
            "pi_len": 4e-08,
            "res_freq": 5830500000.0,
            "res_amp": 0.3,
            "res_len": 2e-06,
            "qb_amp_spec": 1.0,
            "qb_lo": 4600000000.0,
            "res_lo": 5600000000.0,
            "flux_bias": -0.777,
            "anharmnonicity": 208390000.0,
            "w125": 4326260000.0,
            "ro_delay": 2e-08,
            "ro_int_delay": 4e-08,
            "angle": -3.281914271434069,
            "ge": [
                -0.0002791978946383558,
                -8.993604443106179e-05
            ]
        }
    },
    "data": {
        "t": [
            1e-07,
            1.5050000000000002e-05,
            3e-05
        ],
        "f": [
            -276099998.5,
            -276099998.0
        ],
        "t_matrix": [
            [
                1e-07,
                1.5050000000000002e-05,
                3e-05
            ],
            [
                1e-07,
                1.5050000000000002e-05,
                3e-05
            ]
        ],
        "f_matrix": [
            [
                -276099998.5,
                -276099998.5,
                -276099998.5
            ],
            [
                -276099998.0,
                -276099998.0,
                -276099998.0
            ]
        ],
        "x_data": [
            [
                