{
    "meta_data": {
        "type": "2d",
        "plot_properties": null,
        "experiment_properties": {
            "qubit": "q4",
            "repetitions": 1000
        },
        "qubit_parameters": {
            "qb_freq": 4323900000.0,
            "drive_amp": 0.14,
            "drive_len": 4e-05,
            "pi_amp": 0.10799278299390497,
            "pi_len": 4e-08,
            "res_freq": 5830500000.0,
            "res_amp": 0.3,
            "res_len": 2e-06,
            "qb_amp_spec": 1.0,
            "qb_lo": 4600000000.0,
            "res_lo": 5600000000.0,
            "flux_bias": -0.777,
            "anharmnonicity": 208390000.0,
            "w125": 4326260000.0,
            "ro_delay": 2e-08,
            "ro_int_delay": 4e-08,
            "angle": -3.281914271434069,
            "ge": [
                -0.0002791978946383558,
                -8.993604443106179e-05
            ]
        }
    },
    "data": {
        "t": [
            1e-07,
            1.5050000000000002e-05,
            3e-05
        ],
        "f": [
            -276099998.5,
            -276099998.0
        ],
        "t_matrix": [
            [
                1e-07,
                1.5050000000000002e-05,
                3e-05
            ],
            [
                1e-07,
                1.5050000000000002e-05,
                3e-05
            ]
        ],
        "f_matrix": [
            [
                -276099998.5,
                -276099998.5,
                -276099998.5
            ],
            [
                -276099998.0,
                -276099998.0,
                -276099998.0
            ]
        ],
        "x_data_r": [
            [
                -0.0003321138915242774,
                -0.00029946366266350743,
                -0.0002983325525413166
            ],
            [
                -0.00031088707973480934,
                -0.00029397345555114845,
                -0.00030833019788751014
            ]
        ],
        "x_data_c": [
            [
                0.0002066101194594788,
                0.00020941400332090743,
                0.00020372221865531194
            ],
            [
                0.00021773336426268467,
                0.00022290876200586267,
                0.00019862054058003044
            ]
        ],
        "y_data_r": [
            [
                -0.00031666051881268885,
                -0.00028548317284286687,
                -0.00030402413621491285
            ],
            [
                -0.0003096198109191494,
                -0.0003079245850013624,
                -0.000283992202084582
            ]
        ],
        "y_data_c": [
            [
                0.0002010637016519332,
                0.00019975660870666828,
                0.00019496500646409314
            ],
            [
                0.0002114589658781898,
                0.00021376996509149982,
                0.00022177955854974223
            ]
        ],
        "z_data_r": [
            [
                -0.00029569714020055417,
                -0.0003025422434607273,
                -0.00029151341135310905
            ],
            [
                -0.0003130515341881623,
                -0.0002747302449010969,
                -0.00031367230456990996
            ]
        ],
        "z_data_c": [
            [
                0.00020722114031666915,
                0.00022405922204756225,
                0.00021864568322568564
            ],
            [
                0.00021203713449893203,
                0.00020799352216532114,
                0.0002092268669890029
            ]
        ]
    }
}