{
    "meta_data": {
        "type": "1d",
        "plot_properties": {
            "x_label": "Qubit Frequency [MHz]",
            "y_label": "Amplitude [a.u.]",
            "title": "Qubit Spectroscopy Experiment"
        },
        "experiment_properties": {
            "qubit": "q3",
            "repetitions": 1000
        },
        "qubit_parameters": {
            "qb_freq": 4533000000,
            "drive_amp": 0.5,
            "drive_len": 4e-05,
            "pi_amp": 0.12311032872520918,
            "pi_len": 4e-08,
            "res_freq": 6155000000.0,
            "res_amp": 0.4,
            "res_len": 2e-06,
            "qb_amp_spec": 1.0,
            "qb_lo": 4600000000.0,
            "res_lo": 5600000000.0,
            "flux_bias": -0.83678,
            "anharmnonicity": 209100000.0,
            "w125": 4428450000.0,
            "ro_delay": 2e-08,
            "ro_int_delay": 4e-08,
            "angle": -7.852623448891259,
            "ge": [
                -0.0003101590383918415,
                -0.00021195280752536226
            ]
        }
    },
    "data": {
        "x_data": [
            4418450000.0,
            4418650000.0,
            4418850000.0,
            4419050000.0,
            4419250000.0,
            4419450000.0,
            4419650000.0,
            4419850000.0,
            4420050000.0,
            4420250000.0,
            4420450000.0,
            4420650000.0,
            4420850000.0,
            4421050000.0,
            4421250000.0,
            4421450000.0,
            4421650000.0,
            4421850000.0,
            4422050000.0,
            4422250000.0,
            4422450000.0,
            4422650000.0,
            4422850000.0,
            4423050000.0,
            4423250000.0,
            4423450000.0,
            4423650000.0,
            4423850000.0,
            4424050000.0,
            4424250000.0,
            4424450000.0,
            4424650000.0,
            4424850000.0,
            4425050000.0,
            4425250000.0,
            4425450000.0,
            4425650000.0,
            4425850000.0,
            4426050000.0,
            4426250000.0,
            4426450000.0,
            4426650000.0,
            4426850000.0,
            4427050000.0,
            4427250000.0,
            4427450000.0,
            4427650000.0,
            4427850000.0,
            4428050000.0,
            4428250000.0,
            4428450000.0,
            4428650000.0,
            4428850000.0,
            4429050000.0,
            4429250000.0,
            4429450000.0,
            4429650000.0,
            4429850000.0,
            4430050000.0,
            4430250000.0,
            4430450000.0,
            4430650000.0,
            4430850000.0,
            4431050000.0,
            4431250000.0,
            4431450000.0,
            4431650000.0,
            4431850000.0,
            4432050000.0,
            4432250000.0,
            4432450000.0,
            4432650000.0,
            4432850000.0,
            4433050000.0,
            4433250000.0,
            4433450000.0,
            4433650000.0,
            4433850000.0,
            4434050000.0,
            4434250000.0,
            4434450000.0,
            4434650000.0,
            4434850000.0,
            4435050000.0,
            4435250000.0,
            4435450000.0,
            4435650000.0,
            4435850000.0,
            4436050000.0,
            4436250000.0,
            4436450000.0,
            4436650000.0,
            4436850000.0,
            4437050000.0,
            4437250000.0,
            4437450000.0,
            4437650000.0,
            4437850000.0,
            4438050000.0,
            4438250000.0,
            4438450000.0
        ],
        "y_data": [
            -0.028564827862610515,
            -0.03115737272114726,
            0.020670690257568496,
            0.19664040225978158,
            0.26179481121330633,
            0.02349280857709258,
            0.18449161687538937,
            0.453941894472253,
            0.30842658348079777,
            0.1265042276953846,
            0.20147041573611732,
            0.1671638070098569,
            0.2549592697687967,
            0.39742798706568544,
            0.11143305067533653,
            0.27695019740738247,
            0.1825580408935517,
            0.23783809300492317,
            0.1194875586478519,
            0.17131357704957664,
            0.0026119074727692176,
            0.06237188325876567,
            0.025852330564347045,
            0.17592681741829588,
            0.2929386271467486,
            0.046868205942771406,
            0.27187650049149265,
            0.20175988948087353,
            0.11316998629713218,
            0.23852940798006128,
            0.07991812586677202,
            0.25585351157889363,
            0.19437539932021525,
            0.021822935765564773,
            0.3532047545770098,
            0.13951111074137862,
            0.47401260951161445,
            0.206449070302201,
            0.3814425368606285,
            0.4745075135851,
            0.48180394309554175,
            0.366159913592349,
            0.591211016172161,
            0.5574913051548911,
            0.6429027884020769,
            0.7425074360743673,
            0.7130071024978797,
            0.8429707149846337,
            0.7437520361867375,
            0.9761379337196854,
            1.0397499076263566,
            1.0083691283018896,
            1.1686261079017786,
            1.2429711835903472,
            0.98685908996633,
            0.6114095936454558,
            0.6185088574388863,
            0.4569775474538264,
            0.5651385717479463,
            0.4520398501828098,
            0.39541641441009123,
            0.5073270689303826,
            0.3074580224957279,
            0.3458327722958956,
            0.39666787293097533,
            0.17031166856855867,
            0.2992390949156832,
            0.30365804978389055,
            0.07369505543998003,
            0.23327054636339672,
            0.12264641503062956,
            0.2814544621649368,
            0.2729134345969761,
            0.044565535524984684,
            0.1993490044318336,
            0.27311162773961084,
            0.19524321985297025,
            0.29552713901723665,
            0.21785724140527277,
            0.15719873944432805,
            -0.01352281466136927,
            0.3433362588555654,
            -0.07944693116512858,
            0.07163920005504888,
            0.17332734360135252,
            0.12070723135973735,
            0.07959743002720845,
            0.11218767904216594,
            0.06437854618977915,
            -0.07019950738377341,
            -0.021366157215324335,
            0.05794005954214482,
            0.16677514354052625,
            0.06812966755300565,
            0.1179038505437899,
            0.07073086812994711,
            0.23933423362306833,
            0.3336059464009201,
            0.2365388557677799,
            0.12077309139707444,
            0.024618871855441857
        ]
    }
}