{
    "meta_data": {
        "type": "2d",
        "plot_properties": {
            "x_label": "X90 Gate Number",
            "y_label": "Amplitude [a.u.]",
            "title": "T1 Experiment"
        },
        "experiment_properties": {
            "qubit": "c43",
            "repetitions": 1000
        },
        "qubit_parameters": {
            "q1": {
                "qb_freq": 4723300000,
                "drive_amp": 0.5,
                "drive_len": 4e-05,
                "pi_amp": 0.1277679833823185,
                "pi_len": 4e-08,
                "res_freq": 5250000000.0,
                "res_amp": 0.35,
                "res_len": 2e-06,
                "qb_amp_spec": 1.0,
                "qb_lo": 4600000000.0,
                "res_lo": 5600000000.0,
                "flux_bias": -0.0183,
                "anharmnonicity": 190300000,
                "w125": 4628150000.0,
                "ro_delay": 1e-07,
                "ro_int_delay": 4e-08,
                "angle": -2.7369100144220284,
                "ge": [
                    0.00011656060279059207,
                    0.00029401170412310417
                ]
            },
            "q2": {
                "qb_freq": 4533000000,
                "drive_amp": 0.5,
                "drive_len": 4e-05,
                "pi_amp": 0.11609000000000003,
                "pi_len": 4e-08,
                "res_freq": 6116000000.0,
                "res_amp": 0.2,
                "res_len": 2e-06,
                "qb_amp_spec": 1.0,
                "qb_lo": 4600000000.0,
                "res_lo": 5600000000.0,
                "flux_bias": -0.8327,
                "anharmnonicity": 209100000.0,
                "w125": 4428450000.0,
                "ro_delay": 2e-08,
                "ro_int_delay": 4e-08,
                "angle": -4.877229440159746,
                "ge": [
                    -0.00010248448978693157,
                    -2.1326262666341262e-05
                ]
            }
        }
    },
    "data": {
        "x_data": [
            [
                -0.3,
                -0.18888888888888888,
                -0.07777777777777778,
                0.033333333333333326,
                0.14444444444444443,
                0.2555555555555556,
                0.36666666666666664,
                0.4777777777777777,
                0.5888888888888888,
                0.7
            ],
            [
                -0.3,
                -0.18888888888888888,
                -0.07777777777777778,
                0.033333333333333326,
                0.14444444444444443,
                0.2555555555555556,
                0.36666666666666664,
                0.4777777777777777,
                0.5888888888888888,
                0.7
            ],
            [
                -0.3,
                -0.18888888888888888,
                -0.07777777777777778,
                0.033333333333333326,
                0.14444444444444443,
                0.2555555555555556,
                0.36666666666666664,
                0.4777777777777777,
                0.5888888888888888,
                0.7
            ],
            [
                -0.3,
                -0.18888888888888888,
                -0.07777777777777778,
                0.033333333333333326,
                0.14444444444444443,
                0.2555555555555556,
                0.36666666666666664,
                0.4777777777777777,
                0.5888888888888888,
                0.7
            ],
            [
                -0.3,
                -0.18888888888888888,
                -0.07777777777777778,
                0.033333333333333326,
                0.14444444444444443,
                0.2555555555555556,
                0.36666666666666664,
                0.4777777777777777,
                0.5888888888888888,
                0.7
            ],
            [
                -0.3,
                -0.18888888888888888,
                -0.07777777777777778,
                0.033333333333333326,
                0.14444444444444443,
                0.2555555555555556,
                0.36666666666666664,
                0.4777777777777777,
                0.5888888888888888,
                0.7
            ],
            [
                -0.3,
                -0.18888888888888888,
                -0.07777777777777778,
                0.033333333333333326,
                0.14444444444444443,
                0.2555555555555556,
                0.36666666666666664,
                0.4777777777777777,
                0.5888888888888888,
                0.7
            ],
            [
                -0.3,
                -0.18888888888888888,
                -0.07777777777777778,
                0.033333333333333326,
                0.14444444444444443,
                0.2555555555555556,
                0.36666666666666664,
                0.4777777777777777,
                0.5888888888888888,
                0.7
            ],
            [
                -0.3,
                -0.18888888888888888,
                -0.07777777777777778,
                0.033333333333333326,
                0.14444444444444443,
                0.2555555555555556,
                0.36666666666666664,
                0.4777777777777777,
                0.5888888888888888,
                0.7
            ],
            [
                -0.3,
                -0.18888888888888888,
                -0.07777777777777778,
                0.033333333333333326,
                0.14444444444444443,
                0.2555555555555556,
                0.36666666666666664,
                0.4777777777777777,
                0.5888888888888888,
                0.7
            ]
        ],