{
    "meta_data": {
        "type": "1d",
        "plot_properties": {
            "x_label": "Qubit Frequency [MHz]",
            "y_label": "Amplitude [a.u.]",
            "title": "Qubit Spectroscopy Experiment"
        },
        "experiment_properties": {
            "qubit": "q3",
            "repetitions": 1000
        },
        "qubit_parameters": {
            "qb_freq": 4533000000,
            "drive_amp": 0.5,
            "drive_len": 4e-05,
            "pi_amp": 0.12311032872520918,
            "pi_len": 4e-08,
            "res_freq": 6155000000.0,
            "res_amp": 0.4,
            "res_len": 2e-06,
            "qb_amp_spec": 1.0,
            "qb_lo": 4600000000.0,
            "res_lo": 5600000000.0,
            "flux_bias": -0.837,
            "anharmnonicity": 209100000.0,
            "w125": 4428450000.0,
            "ro_delay": 2e-08,
            "ro_int_delay": 4e-08,
            "angle": -7.852623448891259,
            "ge": [
                -0.0003101590383918415,
                -0.00021195280752536226
            ]
        }
    },
    "data": {
        "x_data": [
            4532750000.0,
            4532755000.0,
            4532760000.0,
            4532765000.0,
            4532770000.0,
            4532775000.0,
            4532780000.0,
            4532785000.0,
            4532790000.0,
            4532795000.0,
            4532800000.0,
            4532805000.0,
            4532810000.0,
            4532815000.0,
            4532820000.0,
            4532825000.0,
            4532830000.0,
            4532835000.0,
            4532840000.0,
            4532845000.0,
            4532850000.0,
            4532855000.0,
            4532860000.0,
            4532865000.0,
            4532870000.0,
            4532875000.0,
            4532880000.0,
            4532885000.0,
            4532890000.0,
            4532895000.0,
            4532900000.0,
            4532905000.0,
            4532910000.0,
            4532915000.0,
            4532920000.0,
            4532925000.0,
            4532930000.0,
            4532935000.0,
            4532940000.0,
            4532945000.0,
            4532950000.0,
            4532955000.0,
            4532960000.0,
            4532965000.0,
            4532970000.0,
            4532975000.0,
            4532980000.0,
            4532985000.0,
            4532990000.0,
            4532995000.0,
            4533000000.0,
            4533005000.0,
            4533010000.0,
            4533015000.0,
            4533020000.0,
            4533025000.0,
            4533030000.0,
            4533035000.0,
            4533040000.0,
            4533045000.0,
            4533050000.0,
            4533055000.0,
            4533060000.0,
            4533065000.0,
            4533070000.0,
            4533075000.0,
            4533080000.0,
            4533085000.0,
            4533090000.0,
            4533095000.0,
            4533100000.0,
            4533105000.0,
            4533110000.0,
            4533115000.0,
            4533120000.0,
            4533125000.0,
            4533130000.0,
            4533135000.0,
            4533140000.0,
            4533145000.0,
            4533150000.0,
            4533155000.0,
            4533160000.0,
            4533165000.0,
            4533170000.0,
            4533175000.0,
            4533180000.0,
            4533185000.0,
            4533190000.0,
            4533195000.0,
            4533200000.0,
            4533205000.0,
            4533210000.0,
            4533215000.0,
            4533220000.0,
            4533225000.0,
            4533230000.0,
            4533235000.0,
            4533240000.0,
            4533245000.0,
            4533250000.0
        ],
        "y_data": [
            0.08353670384492357,
            0.2514244742405645,
            0.018478347543068648,
            0.12641791161387694,
            0.24755953809148454,
            0.46848069652136465,
            0.29467669841633426,
            0.3402400658465344,
            0.21981492147719547,
            0.3362142437491211,
            0.32565726463755795,
            0.1846855167488177,
            0.37301528640624904,
            0.12904378136499714,
            0.4089094834806775,
            0.31307376245767377,
            0.3518626065662129,
            0.40142322749693105,
            0.3745682895530682,
            0.4011211499795718,
            0.3365089422956499,
            0.375811204002465,
            0.4170739177755356,
            0.4985944662107059,
            0.3416542870798915,
            0.2551261688968311,
            0.42319841150837606,
            0.4413548463040657,
            0.38123908946335316,
            0.5813999597076416,
            0.4557691099836131,
            0.35592835853306976,
            0.38660446429443796,
            0.6752646023436375,
            0.5442303308477734,
            0.47544892176578424,
            0.6790369770333182,
            0.6423210915215947,
            0.6675068416043449,
            0.5786792578864935,
            0.5669031704621882,
            0.47496779957961666,
            0.5287404306244438,
            0.5472342754197448,
            0.7471517300400914,
            0.6818951894999571,
            0.6407136053638453,
            0.6949650386677815,
            0.7548599592750109,
            0.3247908160604863,
            0.47253832497628995,
            0.2788509882375642,
            0.6083249372562792,
            0.5623799305232631,
            0.48977787829578684,
            0.6512225557522469,
            0.39542867022788236,
            0.5375383598050842,
            0.55643004846014,
            0.4452017477086956,
            0.38926961937666027,
            0.42872459625829773,
            0.395522633095833,
            0.3769107555900171,
            0.40342301284081844,
            0.2774291339167731,
            0.22805837644668206,
            0.33776875584170674,
            0.31944253553693025,
            0.21413587086335992,
            0.41660994195312884,
            0.3809833988430084,
            0.30226977036258473,
            0.1593789010006324,
            0.43596255429153774,
            0.23101085658420648,
            0.430674570638042,
            0.25043771960254785,
            0.09323536063114826,
            0.20655635751059148,
            0.07976425655049899,
            0.42825023727253664,
            0.10768222932039218,
            0.21217016591236504,
            0.24296905040567932,
            0.37751569420801123,
            0.3113129227513145,
            0.33804492784938717,
            0.26262058537983207,
            0.19515459548856134,
            0.3234759859271253,
            0.27675461872048523,
            0.34468268232685845,
            0.09256952512653056,
            0.2830005959440352,
            0.32740938561007354,
            0.25740206734266297,
            0.05942480738002295,
            0.07052037944239735,
            0.21732690416182396,
            0.09545478286034
        ]
    }
}