{
    "meta_data": {
        "type": "1d",
        "plot_properties": {
            "x_label": "Qubit Frequency [MHz]",
            "y_label": "Amplitude [a.u.]",
            "title": "Qubit Spectroscopy Experiment"
        },
        "experiment_properties": {
            "qubit": "q1",
            "repetitions": 1000
        },
        "qubit_parameters": {
            "qb_freq": 4723300000,
            "drive_amp": 0.5,
            "drive_len": 4e-05,
            "pi_amp": 0.1250089846812596,
            "pi_len": 4e-08,
            "res_freq": 5250000000.0,
            "res_amp": 0.35,
            "res_len": 2e-06,
            "qb_amp_spec": 1.0,
            "qb_lo": 4600000000.0,
            "res_lo": 5600000000.0,
            "flux_bias": -0.0157,
            "anharmnonicity": 190300000,
            "w125": 4628150000.0,
            "ro_delay": 1e-07,
            "ro_int_delay": 4e-08,
            "angle": -2.7369100144220284,
            "ge": [
                0.00011656060279059207,
                0.00029401170412310417
            ]
        }
    },
    "data": {
        "x_data": [
            4718300000.0,
            4718400000.0,
            4718500000.0,
            4718600000.0,
            4718700000.0,
            4718800000.0,
            4718900000.0,
            4719000000.0,
            4719100000.0,
            4719200000.0,
            4719300000.0,
            4719400000.0,
            4719500000.0,
            4719600000.0,
            4719700000.0,
            4719800000.0,
            4719900000.0,
            4720000000.0,
            4720100000.0,
            4720200000.0,
            4720300000.0,
            4720400000.0,
            4720500000.0,
            4720600000.0,
            4720700000.0,
            4720800000.0,
            4720900000.0,
            4721000000.0,
            4721100000.0,
            4721200000.0,
            4721300000.0,
            4721400000.0,
            4721500000.0,
            4721600000.0,
            4721700000.0,
            4721800000.0,
            4721900000.0,
            4722000000.0,
            4722100000.0,
            4722200000.0,
            4722300000.0,
            4722400000.0,
            4722500000.0,
            4722600000.0,
            4722700000.0,
            4722800000.0,
            4722900000.0,
            4723000000.0,
            4723100000.0,
            4723200000.0,
            4723300000.0,
            4723400000.0,
            4723500000.0,
            4723600000.0,
            4723700000.0,
            4723800000.0,
            4723900000.0,
            4724000000.0,
            4724100000.0,
            4724200000.0,
            4724300000.0,
            4724400000.0,
            4724500000.0,
            4724600000.0,
            4724700000.0,
            4724800000.0,
            4724900000.0,
            4725000000.0,
            4725100000.0,
            4725200000.0,
            4725300000.0,
            4725400000.0,
            4725500000.0,
            4725600000.0,
            4725700000.0,
            4725800000.0,
            4725900000.0,
            4726000000.0,
            4726100000.0,
            4726200000.0,
            4726300000.0,
            4726400000.0,
            4726500000.0,
            4726600000.0,
            4726700000.0,
            4726800000.0,
            4726900000.0,
            4727000000.0,
            4727100000.0,
            4727200000.0,
            4727300000.0,
            4727400000.0,
            4727500000.0,
            4727600000.0,
            4727700000.0,
            4727800000.0,
            4727900000.0,
            4728000000.0,
            4728100000.0,
            4728200000.0,
            4728300000.0
        ],
        "y_data": [
            0.048748609920978146,
            0.06694698728658172,
            0.136184125938519,
            0.07086697043298512,
            0.06356202323619006,
            0.14032578015517927,
            0.04012673848000995,
            0.06587946232902019,
            0.1502662706625347,
            0.14064968224939473,
            0.023823847094554606,
            0.125272082671889,
            0.11355384685962847,
            0.10531956545182135,
            0.14982777910244005,
            0.08481710135699128,
            0.08620560539957724,
            -0.03400359905793488,
            0.21552045542966622,
            0.1978238618139662,
            0.25250838128314496,
            0.14053896877482386,
            0.13520137203820068,
            0.16984276896285813,
            0.12262123857764402,
            0.2786825806165686,
            0.1726029512655157,
            0.17151166809228144,
            0.2999925920534043,
            0.23072173246661873,
            0.376944333982247,
            0.2902865461399359,
            0.3015377824286443,
            0.24032936231715807,
            0.36475958006540393,
            0.2802003649850002,
            0.3736023708807107,
            0.22096950672281707,
            0.3872788825951057,
            0.3310418965009885,
            0.40902044444026614,
            0.37226113573672504,
            0.3488044619527133,
            0.3594227645921632,
            0.4188555724259418,
            0.39620792852691955,
            0.44887039924332583,
            0.3662644309426421,
            0.5617647574686365,
            0.32201546974656475,
            0.41488944015387963,
            0.3187858069068477,
            0.4442089975259441,
            0.4104246029388974,
            0.4221822021437692,
            0.4781133867387787,
            0.37723564022153633,
            0.44490371428712383,
            0.4706629873294678,
            0.48453549683653085,
            0.36592417841976094,
            0.43656823937009764,
            0.4153733469600074,
            0.37402480351701173,
            0.3765670789150547,
            0.35789093946890865,
            0.31744400960197106,
            0.29821560792116897,
            0.43934445254536475,
            0.3207545724355335,
            0.3040780787019323,
            0.3471797172823216,
            0.31284025534221477,
            0.2988492280662965,
            0.2863013474022666,
            0.2396734433760679,
            0.2882185340058313,
            0.2394107307700681,
            0.2828238887422688,
            0.20879756726917,
            0.2286645863756296,
            0.2451394281076283,
            0.2156407635463894,
            0.2838244430142117,
            0.22682743662339608,
            0.16702309578489966,
            0.0944610942606597,
            0.2692332091021999,
            0.055589566652314785,
            0.08307262096565887,
            0.08074779266025414,
            0.08193303896048598,
            0.14215030270482346,
            0.08890857844959248,
            0.11007347087649048,
            -0.004754015364461704,
            0.03023825221437674,
            0.07448038105178983,
            0.06833452924936899,
            0.0873019737975942,
            -0.017785449162258483
        ]
    }
}