{
    "meta_data": {
        "type": "1d",
        "plot_properties": {
            "x_label": "Qubit Frequency [MHz]",
            "y_label": "Amplitude [a.u.]",
            "title": "Qubit Spectroscopy Experiment"
        },
        "experiment_properties": {
            "qubit": "q3",
            "repetitions": 1000
        },
        "qubit_parameters": {
            "qb_freq": 4533000000,
            "drive_amp": 0.5,
            "drive_len": 4e-05,
            "pi_amp": 0.12311032872520918,
            "pi_len": 4e-08,
            "res_freq": 6155000000.0,
            "res_amp": 0.4,
            "res_len": 2e-06,
            "qb_amp_spec": 1.0,
            "qb_lo": 4600000000.0,
            "res_lo": 5600000000.0,
            "flux_bias": -0.83678,
            "anharmnonicity": 209100000.0,
            "w125": 4428450000.0,
            "ro_delay": 2e-08,
            "ro_int_delay": 4e-08,
            "angle": -7.852623448891259,
            "ge": [
                -0.0003101590383918415,
                -0.00021195280752536226
            ]
        }
    },
    "data": {
        "x_data": [
            4418450000.0,
            4418650000.0,
            4418850000.0,
            4419050000.0,
            4419250000.0,
            4419450000.0,
            4419650000.0,
            4419850000.0,
            4420050000.0,
            4420250000.0,
            4420450000.0,
            4420650000.0,
            4420850000.0,
            4421050000.0,
            4421250000.0,
            4421450000.0,
            4421650000.0,
            4421850000.0,
            4422050000.0,
            4422250000.0,
            4422450000.0,
            4422650000.0,
            4422850000.0,
            4423050000.0,
            4423250000.0,
            4423450000.0,
            4423650000.0,
            4423850000.0,
            4424050000.0,
            4424250000.0,
            4424450000.0,
            4424650000.0,
            4424850000.0,
            4425050000.0,
            4425250000.0,
            4425450000.0,
            4425650000.0,
            4425850000.0,
            4426050000.0,
            4426250000.0,
            4426450000.0,
            4426650000.0,
            4426850000.0,
            4427050000.0,
            4427250000.0,
            4427450000.0,
            4427650000.0,
            4427850000.0,
            4428050000.0,
            4428250000.0,
            4428450000.0,
            4428650000.0,
            4428850000.0,
            4429050000.0,
            4429250000.0,
            4429450000.0,
            4429650000.0,
            4429850000.0,
            4430050000.0,
            4430250000.0,
            4430450000.0,
            4430650000.0,
            4430850000.0,
            4431050000.0,
            4431250000.0,
            4431450000.0,
            4431650000.0,
            4431850000.0,
            4432050000.0,
            4432250000.0,
            4432450000.0,
            4432650000.0,
            4432850000.0,
            4433050000.0,
            4433250000.0,
            4433450000.0,
            4433650000.0,
            4433850000.0,
            4434050000.0,
            4434250000.0,
            4434450000.0,
            4434650000.0,
            4434850000.0,
            4435050000.0,
            4435250000.0,
            4435450000.0,
            4435650000.0,
            4435850000.0,
            4436050000.0,
            4436250000.0,
            4436450000.0,
            4436650000.0,
            4436850000.0,
            4437050000.0,
            4437250000.0,
            4437450000.0,
            4437650000.0,
            4437850000.0,
            4438050000.0,
            4438250000.0,
            4438450000.0
        ],
        "y_data": [
            0.23749287320066972,
            0.3803518170237382,
            0.2839035263501574,
            0.29835474858424454,
            0.3070122581349781,
            0.33002920245436873,
            0.350864797513434,
            0.36336318569979087,
            0.28540751718501894,
            0.49535212807124146,
            0.28632961044892574,
            0.43749754940697383,
            0.2608580600104994,
            0.48621249219703133,
            0.2465834899134183,
            0.4907009359698793,
            0.397597358864721,
            0.4997470028226287,
            0.41721967659393455,
            0.383343855787581,
            0.2984339589901381,
            0.40767532817719876,
            0.44970712619562625,
            0.6338154779449862,
            0.45688399692602627,
            0.3286623982834517,
            0.5615961218988169,
            0.3798950804422767,
            0.6511521551786026,
            0.48019910495609963,
            0.3884856881460898,
            0.6059001230555818,
            0.558307567414992,
            0.5791883342690338,
            0.5771198799061535,
            0.6481339047322453,
            1.0235721603318446,
            0.6849892187506242,
            0.9425263297964535,
            0.7769222210746578,
            0.9332184906486166,
            0.9631680955319837,
            1.0003873606936389,
            1.0498625100867123,
            1.0157169304634224,
            1.1072687284281544,
            1.0582616008595944,
            1.1692546848435745,
            1.0624546864786633,
            1.2587099475332266,
            0.9719415288309011,
            1.3985552382971287,
            1.1288581347082027,
            1.0194605180570246,
            1.000786675141936,
            1.0353818712871148,
            1.1154397649600714,
            1.0989929437990384,
            0.9400199729336968,
            1.0849723094793369,
            0.9126507125720589,
            0.9624233605889612,
            0.8464995692529586,
            0.729506354558396,
            0.7634323130502411,
            0.7561668583675061,
            0.8437488193420166,
            0.5542258540485937,
            0.6414491571766417,
            0.5884285057953857,
            0.6357208771215662,
            0.6451054587989477,
            0.4384437899128421,
            0.35830673446547157,
            0.46558327954777284,
            0.3167869923638941,
            0.6027283252196469,
            0.4079931787327346,
            0.26607230053232167,
            0.43913304455712904,
            0.46336739029282564,
            0.5039728359210803,
            0.18819105872973826,
            0.3392362922455345,
            0.3040788011253537,
            0.5862689571368964,
            0.25176569530429,
            0.3130758248433761,
            0.4705797996755539,
            0.2105638523897274,
            0.2310252583516507,
            0.30024101093115546,
            0.18630431280783377,
            0.2766880881166906,
            0.3048097171937357,
            0.29336053468451356,
            0.3328030804010531,
            0.28680878121135855,
            0.11529857656672489,
            0.19846962262100934,
            0.34580765653404616
        ]
    }
}