{
    "meta_data": {
        "type": "1d",
        "plot_properties": {
            "x_label": "Qubit Frequency [MHz]",
            "y_label": "Amplitude [a.u.]",
            "title": "Qubit Spectroscopy Experiment"
        },
        "experiment_properties": {
            "qubit": "q4",
            "repetitions": 1000
        },
        "qubit_parameters": {
            "qb_freq": 4323900000.0,
            "drive_amp": 0.2,
            "drive_len": 4e-05,
            "pi_amp": 0.10453792597888534,
            "pi_len": 4e-08,
            "res_freq": 5834500000.0,
            "res_amp": 0.4,
            "res_len": 2e-06,
            "qb_amp_spec": 1.0,
            "qb_lo": 4600000000.0,
            "res_lo": 5600000000.0,
            "flux_bias": -0.77651,
            "anharmnonicity": 208390000.0,
            "w125": 4326260000.0,
            "ro_delay": 2e-08,
            "ro_int_delay": 4e-08,
            "angle": -1.5830180388973587,
            "ge": [
                -0.0004302658396780563,
                -0.0002857599351221882
            ]
        }
    },
    "data": {
        "x_data": [
            4323650000.0,
            4323655000.0,
            4323660000.0,
            4323665000.0,
            4323670000.0,
            4323675000.0,
            4323680000.0,
            4323685000.0,
            4323690000.0,
            4323695000.0,
            4323700000.0,
            4323705000.0,
            4323710000.0,
            4323715000.0,
            4323720000.0,
            4323725000.0,
            4323730000.0,
            4323735000.0,
            4323740000.0,
            4323745000.0,
            4323750000.0,
            4323755000.0,
            4323760000.0,
            4323765000.0,
            4323770000.0,
            4323775000.0,
            4323780000.0,
            4323785000.0,
            4323790000.0,
            4323795000.0,
            4323800000.0,
            4323805000.0,
            4323810000.0,
            4323815000.0,
            4323820000.0,
            4323825000.0,
            4323830000.0,
            4323835000.0,
            4323840000.0,
            4323845000.0,
            4323850000.0,
            4323855000.0,
            4323860000.0,
            4323865000.0,
            4323870000.0,
            4323875000.0,
            4323880000.0,
            4323885000.0,
            4323890000.0,
            4323895000.0,
            4323900000.0,
            4323905000.0,
            4323910000.0,
            4323915000.0,
            4323920000.0,
            4323925000.0,
            4323930000.0,
            4323935000.0,
            4323940000.0,
            4323945000.0,
            4323950000.0,
            4323955000.0,
            4323960000.0,
            4323965000.0,
            4323970000.0,
            4323975000.0,
            4323980000.0,
            4323985000.0,
            4323990000.0,
            4323995000.0,
            4324000000.0,
            4324005000.0,
            4324010000.0,
            4324015000.0,
            4324020000.0,
            4324025000.0,
            4324030000.0,
            4324035000.0,
            4324040000.0,
            4324045000.0,
            4324050000.0,
            4324055000.0,
            4324060000.0,
            4324065000.0,
            4324070000.0,
            4324075000.0,
            4324080000.0,
            4324085000.0,
            4324090000.0,
            4324095000.0,
            4324100000.0,
            4324105000.0,
            4324110000.0,
            4324115000.0,
            4324120000.0,
            4324125000.0,
            4324130000.0,
            4324135000.0,
            4324140000.0,
            4324145000.0,
            4324150000.0
        ],
        "y_data": [
            0.12052766816077848,
            0.18315760365240166,
            0.11911029131782355,
            0.32176486234115276,
            0.05176732126724404,
            0.175057086486907,
            0.060848698391840664,
            0.19951911369139436,
            0.0705601343601154,
            0.03131156221830766,
            0.22692603520134305,
            0.22511827735614964,
            0.2655773163706728,
            0.029516400131656514,
            0.15978325480738984,
            0.26429822893749716,
            0.16138747005428206,
            0.2031193305089387,
            0.26545362806064526,
            0.34511419097027946,
            0.1302142817474334,
            0.13598234223677633,
            0.21817994200339694,
            0.16295398088319338,
            0.1770435682727203,
            0.40631819107589134,
            0.08032508147141022,
            0.3954390269530647,
            0.4300783158069414,
            0.4048345979406627,
            0.28803362904032875,
            0.22295930038336823,
            0.4409546799930508,
            0.4204570769023218,
            0.3128267758765584,
            0.28085892642800336,
            0.44938598210126063,
            0.5350170048492322,
            0.42521399715268693,
            0.5374345200185615,
            0.3788810493345849,
            0.35912917715313786,
            0.4822795297298879,
            0.45450735356585115,
            0.4420094703842891,
            0.3478002677837595,
            0.4705189864918119,
            0.5591978173954629,
            0.47381828249632185,
            0.5924777981853806,
            0.38001075095042236,
            0.5675708477699948,
            0.5127090837051722,
            0.4316664450333623,
            0.5791696538156943,
            0.5398136036707984,
            0.42617006265971147,
            0.2745178550491699,
            0.4609218368183004,
            0.5024125754741271,
            0.5437135366070753,
            0.5299020618345276,
            0.4484600567609031,
            0.5595288872195198,
            0.5264315358513613,
            0.2259162504762005,
            0.42854125900891693,
            0.42968387664205987,
            0.3412227756137286,
            0.42633812775561797,
            0.5486060873746965,
            0.556348397440866,
            0.4547710270744297,
            0.28066066856478983,
            0.5108105087604624,
            0.48145616772398,
            0.3492123999239728,
            0.23083276758493923,
            0.40663902704978533,
            0.4272477985672595,
            0.4718323188035371,
            0.32181813375559243,
            0.2984808264674,
            0.15608372751620714,
            0.4097101605635634,
            0.3387597036353152,
            0.4260417827327633,
            0.3430995329301867,
            0.37184891866201364,
            0.22333913984497467,
            0.22712021209278577,
            0.2977017937671475,
            0.1738341988807877,
            0.16072509719448191,
            0.300295745447499,
            0.2520485760890307,
            0.17805683534642153,
            0.22701098011437787,
            0.03749290081498972,
            0.15987667307837336,
            0.08930213290737364
        ]
    }
}