{
    "meta_data": {
        "type": "1d",
        "plot_properties": {
            "x_label": "Qubit Frequency [MHz]",
            "y_label": "Amplitude [a.u.]",
            "title": "Qubit Spectroscopy Experiment"
        },
        "experiment_properties": {
            "qubit": "q3",
            "repetitions": 1000
        },
        "qubit_parameters": {
            "qb_freq": 4533000000,
            "drive_amp": 0.5,
            "drive_len": 4e-05,
            "pi_amp": 0.12311032872520918,
            "pi_len": 4e-08,
            "res_freq": 6155000000.0,
            "res_amp": 0.4,
            "res_len": 2e-06,
            "qb_amp_spec": 1.0,
            "qb_lo": 4600000000.0,
            "res_lo": 5600000000.0,
            "flux_bias": -0.83678,
            "anharmnonicity": 209100000.0,
            "w125": 4428900000.0,
            "ro_delay": 2e-08,
            "ro_int_delay": 4e-08,
            "angle": -7.852623448891259,
            "ge": [
                -0.0003101590383918415,
                -0.00021195280752536226
            ]
        }
    },
    "data": {
        "x_data": [
            4428400000.0,
            4428410000.0,
            4428420000.0,
            4428430000.0,
            4428440000.0,
            4428450000.0,
            4428460000.0,
            4428470000.0,
            4428480000.0,
            4428490000.0,
            4428500000.0,
            4428510000.0,
            4428520000.0,
            4428530000.0,
            4428540000.0,
            4428550000.0,
            4428560000.0,
            4428570000.0,
            4428580000.0,
            4428590000.0,
            4428600000.0,
            4428610000.0,
            4428620000.0,
            4428630000.0,
            4428640000.0,
            4428650000.0,
            4428660000.0,
            4428670000.0,
            4428680000.0,
            4428690000.0,
            4428700000.0,
            4428710000.0,
            4428720000.0,
            4428730000.0,
            4428740000.0,
            4428750000.0,
            4428760000.0,
            4428770000.0,
            4428780000.0,
            4428790000.0,
            4428800000.0,
            4428810000.0,
            4428820000.0,
            4428830000.0,
            4428840000.0,
            4428850000.0,
            4428860000.0,
            4428870000.0,
            4428880000.0,
            4428890000.0,
            4428900000.0,
            4428910000.0,
            4428920000.0,
            4428930000.0,
            4428940000.0,
            4428950000.0,
            4428960000.0,
            4428970000.0,
            4428980000.0,
            4428990000.0,
            4429000000.0,
            4429010000.0,
            4429020000.0,
            4429030000.0,
            4429040000.0,
            4429050000.0,
            4429060000.0,
            4429070000.0,
            4429080000.0,
            4429090000.0,
            4429100000.0,
            4429110000.0,
            4429120000.0,
            4429130000.0,
            4429140000.0,
            4429150000.0,
            4429160000.0,
            4429170000.0,
            4429180000.0,
            4429190000.0,
            4429200000.0,
            4429210000.0,
            4429220000.0,
            4429230000.0,
            4429240000.0,
            4429250000.0,
            4429260000.0,
            4429270000.0,
            4429280000.0,
            4429290000.0,
            4429300000.0,
            4429310000.0,
            4429320000.0,
            4429330000.0,
            4429340000.0,
            4429350000.0,
            4429360000.0,
            4429370000.0,
            4429380000.0,
            4429390000.0,
            4429400000.0
        ],
        "y_data": [
            0.07961953406207914,
            0.36688550622609895,
            0.02783587162417187,
            -0.040311268578065815,
            0.2811389089330959,
            0.3069962207059409,
            -0.02902218911885163,
            0.1912979527191165,
            0.1529478220917461,
            -0.12475420179938752,
            0.17959204942412405,
            -0.10184629199689783,
            0.06772268234500085,
            0.19754434981727134,
            0.14304460760362228,
            0.12326034293788155,
            0.14764979090059976,
            0.1422657614449387,
            0.07377537478059658,
            0.11388406285953996,
            0.12674807072838584,
            0.30486166040852347,
            0.04178213539761892,
            0.29042284536626933,
            0.10386459516208177,
            0.2729657086428149,
            0.33073601306276484,
            0.2608499001961948,
            0.07664808970239076,
            0.029210982188782098,
            0.020398454659928556,
            0.18559949745999926,
            0.08820280663188866,
            0.2941131575165249,
            0.01780554746262167,
            0.19920109075942644,
            0.1979566975020822,
            0.18160900305018543,
            0.32631857193497665,
            0.10334890215852464,
            0.35402185727127067,
            0.2846442009071147,
            0.298183161655564,
            0.46270909061268334,
            0.40447730838449286,
            0.48635006243320805,
            0.4393011122105729,
            0.5536159235119689,
            0.4317790600331426,
            0.4338544707524463,
            0.3979158032722676,
            0.2953047773991777,
            0.37142671926393656,
            0.1153208662231582,
            0.11847598688636718,
            0.23060675296260136,
            0.2935993584008673,
            0.2530574426086359,
            0.1330090497359449,
            0.1805192154308112,
            0.1025075124924171,
            0.2217760345206026,
            0.23373703595383044,
            0.32308675326399916,
            0.03394827735207304,
            0.11073954111906632,
            0.20406266812082624,
            0.28978005364849274,
            0.12695865941869688,
            0.05408959228564982,
            0.10180211699158025,
            0.27934608272726563,
            0.18549887961380812,
            0.31808993586773754,
            0.21585568340970923,
            0.29042650231654005,
            0.14310545585876677,
            0.03814938648031341,
            0.2392104651377709,
            0.03209781873330029,
            0.10612602677018042,
            0.19165120356699566,
            -0.03766910796625459,
            0.2967359511553277,
            0.03826536776433227,
            0.12001187517714527,
            0.10582689316970831,
            0.16232464670566793,
            0.14442614300313372,
            0.04774272049594044,
            0.1214154433766843,
            0.19462034923308885,
            -0.019880453186665842,
            0.16324202477091235,
            -0.024323623791876248,
            0.24476839117491508,
            0.17587480502351613,
            0.1925195206888023,
            0.09748860339039239,
            0.04279086256002633,
            0.15611561913230199
        ]
    }
}