{
    "meta_data": {
        "type": "1d",
        "plot_properties": {
            "x_label": "Qubit Frequency [MHz]",
            "y_label": "Amplitude [a.u.]",
            "title": "Qubit Spectroscopy Experiment"
        },
        "experiment_properties": {
            "qubit": "q3",
            "repetitions": 1000
        },
        "qubit_parameters": {
            "qb_freq": 4533000000,
            "drive_amp": 0.5,
            "drive_len": 4e-05,
            "pi_amp": 0.12311032872520918,
            "pi_len": 4e-08,
            "res_freq": 6155000000.0,
            "res_amp": 0.4,
            "res_len": 2e-06,
            "qb_amp_spec": 1.0,
            "qb_lo": 4600000000.0,
            "res_lo": 5600000000.0,
            "flux_bias": -0.83678,
            "anharmnonicity": 209100000.0,
            "w125": 4429000000,
            "ro_delay": 2e-08,
            "ro_int_delay": 4e-08,
            "angle": -7.852623448891259,
            "ge": [
                -0.0003101590383918415,
                -0.00021195280752536226
            ]
        }
    },
    "data": {
        "x_data": [
            4428500000.0,
            4428510000.0,
            4428520000.0,
            4428530000.0,
            4428540000.0,
            4428550000.0,
            4428560000.0,
            4428570000.0,
            4428580000.0,
            4428590000.0,
            4428600000.0,
            4428610000.0,
            4428620000.0,
            4428630000.0,
            4428640000.0,
            4428650000.0,
            4428660000.0,
            4428670000.0,
            4428680000.0,
            4428690000.0,
            4428700000.0,
            4428710000.0,
            4428720000.0,
            4428730000.0,
            4428740000.0,
            4428750000.0,
            4428760000.0,
            4428770000.0,
            4428780000.0,
            4428790000.0,
            4428800000.0,
            4428810000.0,
            4428820000.0,
            4428830000.0,
            4428840000.0,
            4428850000.0,
            4428860000.0,
            4428870000.0,
            4428880000.0,
            4428890000.0,
            4428900000.0,
            4428910000.0,
            4428920000.0,
            4428930000.0,
            4428940000.0,
            4428950000.0,
            4428960000.0,
            4428970000.0,
            4428980000.0,
            4428990000.0,
            4429000000.0,
            4429010000.0,
            4429020000.0,
            4429030000.0,
            4429040000.0,
            4429050000.0,
            4429060000.0,
            4429070000.0,
            4429080000.0,
            4429090000.0,
            4429100000.0,
            4429110000.0,
            4429120000.0,
            4429130000.0,
            4429140000.0,
            4429150000.0,
            4429160000.0,
            4429170000.0,
            4429180000.0,
            4429190000.0,
            4429200000.0,
            4429210000.0,
            4429220000.0,
            4429230000.0,
            4429240000.0,
            4429250000.0,
            4429260000.0,
            4429270000.0,
            4429280000.0,
            4429290000.0,
            4429300000.0,
            4429310000.0,
            4429320000.0,
            4429330000.0,
            4429340000.0,
            4429350000.0,
            4429360000.0,
            4429370000.0,
            4429380000.0,
            4429390000.0,
            4429400000.0,
            4429410000.0,
            4429420000.0,
            4429430000.0,
            4429440000.0,
            4429450000.0,
            4429460000.0,
            4429470000.0,
            4429480000.0,
            4429490000.0,
            4429500000.0
        ],
        "y_data": [
            0.10470557317298922,
            -0.2333758168909596,
            0.0735114695499141,
            -0.06263196079972078,
            -0.018954839962571385,
            -0.03886396697942389,
            0.11799486196039802,
            -0.10165154552475592,
            -0.10169658649420302,
            0.14170481171255342,
            0.1797997531032829,
            0.03259653592575113,
            0.12919907948783785,
            0.11184657989961427,
            0.12978672447773174,
            0.09883786255640713,
            0.1375213249886126,
            -0.11877034551068667,
            0.265709701481166,
            0.2464817453237928,
            0.17752573895604562,
            0.07144569471306084,
            0.09618945177205102,
            0.3218448895285409,
            0.13734004875134923,
            0.3430607724832512,
            0.3534756271233226,
            0.42769134855595237,
            0.3206067258952292,
            0.3475078384014768,
            0.5736258539965746,
            0.4029993299115753,
            0.5932441284634831,
            0.6154274312758712,
            0.7606627639901848,
            0.7054716739237777,
            0.802780380131167,
            0.618371479673776,
            0.9044312931976157,
            0.8891810776733129,
            0.7888485708663462,
            0.720899188178279,
            0.45633768047432527,
            0.6171979082345822,
            0.6297469991905235,
            0.35563241063698237,
            0.39549573029834867,
            0.4694478560978842,
            0.21769605681855808,
            0.19113150223360453,
            0.16791244000569594,
            0.1860732605388984,
            0.2963905731275279,
            0.18037770946954432,
            0.1791171048057569,
            0.11993255997383882,
            0.3111939804266476,
            0.2296740854341739,
            0.26743452991941086,
            0.09274760675505464,
            0.20800044052722924,
            0.23190708954516215,
            0.1558771228222472,
            0.0691962606964468,
            0.16224812130540514,
            0.15531620939223334,
            0.0682843649743311,
            0.004517488846159885,
            0.032249016058001165,
            -0.0911962979887602,
            0.16872475900625292,
            0.005388743720300072,
            0.09065024474482283,
            0.13305181735496135,
            -0.05732423002573516,
            0.03995027934719149,
            -0.04543186952853353,
            -0.04665880887938103,
            0.293109521590559,
            0.13966306836104078,
            0.13231910534658883,
            -0.0006087732194952557,
            0.05341543463347937,
            0.11645258376719042,
            0.22126471766525221,
            0.14556022842075358,
            0.03253062999673548,
            -0.051002350021850225,
            0.010619649085740195,
            0.2096701475807564,
            -0.19710771428886129,
            -0.03163211664904201,
            0.022255273043311867,
            0.0352731851609025,
            -0.0060837147739546795,
            0.21642268330911849,
            -0.21512206091543054,
            -0.03349302624125966,
            -0.08473447371055674,
            -0.07512386250563938,
            -0.08113166123612696
        ]
    }
}