{
    "meta_data": {
        "type": "1d",
        "plot_properties": {
            "x_label": "Qubit Frequency [MHz]",
            "y_label": "Amplitude [a.u.]",
            "title": "Qubit Spectroscopy Experiment"
        },
        "experiment_properties": {
            "qubit": "q4",
            "repetitions": 1000
        },
        "qubit_parameters": {
            "qb_freq": 4323900000.0,
            "drive_amp": 0.2,
            "drive_len": 4e-05,
            "pi_amp": 0.10453792597888534,
            "pi_len": 4e-08,
            "res_freq": 5834500000.0,
            "res_amp": 0.4,
            "res_len": 2e-06,
            "qb_amp_spec": 1.0,
            "qb_lo": 4600000000.0,
            "res_lo": 5600000000.0,
            "flux_bias": -0.777,
            "anharmnonicity": 208390000.0,
            "w125": 4326260000.0,
            "ro_delay": 2e-08,
            "ro_int_delay": 4e-08,
            "angle": -1.5830180388973587,
            "ge": [
                -0.0004302658396780563,
                -0.0002857599351221882
            ]
        }
    },
    "data": {
        "x_data": [
            4273900000.0,
            4274900000.0,
            4275900000.0,
            4276900000.0,
            4277900000.0,
            4278900000.0,
            4279900000.0,
            4280900000.0,
            4281900000.0,
            4282900000.0,
            4283900000.0,
            4284900000.0,
            4285900000.0,
            4286900000.0,
            4287900000.0,
            4288900000.0,
            4289900000.0,
            4290900000.0,
            4291900000.0,
            4292900000.0,
            4293900000.0,
            4294900000.0,
            4295900000.0,
            4296900000.0,
            4297900000.0,
            4298900000.0,
            4299900000.0,
            4300900000.0,
            4301900000.0,
            4302900000.0,
            4303900000.0,
            4304900000.0,
            4305900000.0,
            4306900000.0,
            4307900000.0,
            4308900000.0,
            4309900000.0,
            4310900000.0,
            4311900000.0,
            4312900000.0,
            4313900000.0,
            4314900000.0,
            4315900000.0,
            4316900000.0,
            4317900000.0,
            4318900000.0,
            4319900000.0,
            4320900000.0,
            4321900000.0,
            4322900000.0,
            4323900000.0,
            4324900000.0,
            4325900000.0,
            4326900000.0,
            4327900000.0,
            4328900000.0,
            4329900000.0,
            4330900000.0,
            4331900000.0,
            4332900000.0,
            4333900000.0,
            4334900000.0,
            4335900000.0,
            4336900000.0,
            4337900000.0,
            4338900000.0,
            4339900000.0,
            4340900000.0,
            4341900000.0,
            4342900000.0,
            4343900000.0,
            4344900000.0,
            4345900000.0,
            4346900000.0,
            4347900000.0,
            4348900000.0,
            4349900000.0,
            4350900000.0,
            4351900000.0,
            4352900000.0,
            4353900000.0,
            4354900000.0,
            4355900000.0,
            4356900000.0,
            4357900000.0,
            4358900000.0,
            4359900000.0,
            4360900000.0,
            4361900000.0,
            4362900000.0,
            4363900000.0,
            4364900000.0,
            4365900000.0,
            4366900000.0,
            4367900000.0,
            4368900000.0,
            4369900000.0,
            4370900000.0,
            4371900000.0,
            4372900000.0,
            4373900000.0
        ],
        "y_data": [
            0.1257465267653217,
            0.17757261387160322,
            -0.10092566494814753,
            -0.003958679224633956,
            0.002709577909766112,
            -0.007103192958544932,
            0.1138674426320511,
            0.024397136882093752,
            0.04083519202396942,
            -0.06575415676828278,
            0.0003811896370903623,
            -0.019580715503031233,
            0.15625048225103974,
            -0.012700034175556565,
            0.10293840705119087,
            0.10066831471779675,
            0.026614694210006555,
            0.0014088013242375276,
            -0.13371393914563912,
            -0.0032103159558939916,
            0.0641528173629883,
            0.22815326492046314,
            0.10050768586279776,
            0.14753162594373365,
            -0.03676065286312054,
            0.06777079504261806,
            0.2715032765331408,
            0.14491729640308784,
            -0.00583948679036441,
            0.10511152288978255,
            0.18791154009655625,
            0.10694417759537808,
            0.3219157614742459,
            0.3062666917253828,
            0.20595765359048446,
            0.17541182054752136,
            0.2824489152965162,
            0.34071682495421207,
            0.37739877912872455,
            0.5146656776211931,
            0.5380642725682484,
            0.4286585328338297,
            0.5029503821052551,
            0.47709979576060374,
            0.6292206676248455,
            0.6570156156765308,
            0.6750145799119136,
            0.5203747155376355,
            0.4191989259203063,
            0.5057016250601798,
            0.5787484711821052,
            0.4358558746684732,
            0.5606674215534303,
            0.5459900480805074,
            0.7543518034295881,
            0.6030558739179133,
            0.4559616653678694,
            0.4640805476045701,
            0.5478270169695603,
            0.4138297789086838,
            0.4670295796718733,
            0.4534268800975662,
            0.24392785376091775,
            0.39909747221349434,
            0.264401322002285,
            0.3638766939917616,
            0.3033956929401291,
            0.27096404596079615,
            0.3007650623215281,
            0.11706760225707595,
            0.11612340866792904,
            0.17970528261106022,
            0.29525610653296963,
            0.029330054218666135,
            0.22825973047760587,
            0.04848705459157869,
            0.04783582515406854,
            0.09539522764646356,
            0.11138677411036532,
            0.09551357675879397,
            0.22760618987038614,
            -0.03401051498712644,
            -0.0379040632298016,
            0.04398635810960531,
            0.024361146872579408,
            0.21891195997240476,
            0.11345059280161424,
            0.12730411317415896,
            -0.05203064190297055,
            0.02742320980167342,
            0.06736280260135086,
            0.16969526399801874,
            0.06084417101286934,
            0.0858949474045042,
            0.10874944598727733,
            0.19155375363739655,
            0.11336532018193819,
            0.14320355498659773,
            0.1458512994328641,
            -0.04264841844412226,
            0.029885316348872974
        ]
    }
}