{
    "meta_data": {
        "type": "1d",
        "plot_properties": {
            "x_label": "Qubit Frequency [MHz]",
            "y_label": "Amplitude [a.u.]",
            "title": "Qubit Spectroscopy Experiment"
        },
        "experiment_properties": {
            "qubit": "q3",
            "repetitions": 1000
        },
        "qubit_parameters": {
            "qb_freq": 4533000000,
            "drive_amp": 0.5,
            "drive_len": 4e-05,
            "pi_amp": 0.12311032872520918,
            "pi_len": 4e-08,
            "res_freq": 6155000000.0,
            "res_amp": 0.4,
            "res_len": 2e-06,
            "qb_amp_spec": 1.0,
            "qb_lo": 4600000000.0,
            "res_lo": 5600000000.0,
            "flux_bias": -0.83675,
            "anharmnonicity": 209100000.0,
            "w125": 4428450000.0,
            "ro_delay": 2e-08,
            "ro_int_delay": 4e-08,
            "angle": -7.852623448891259,
            "ge": [
                -0.0003101590383918415,
                -0.00021195280752536226
            ]
        }
    },
    "data": {
        "x_data": [
            4532750000.0,
            4532755000.0,
            4532760000.0,
            4532765000.0,
            4532770000.0,
            4532775000.0,
            4532780000.0,
            4532785000.0,
            4532790000.0,
            4532795000.0,
            4532800000.0,
            4532805000.0,
            4532810000.0,
            4532815000.0,
            4532820000.0,
            4532825000.0,
            4532830000.0,
            4532835000.0,
            4532840000.0,
            4532845000.0,
            4532850000.0,
            4532855000.0,
            4532860000.0,
            4532865000.0,
            4532870000.0,
            4532875000.0,
            4532880000.0,
            4532885000.0,
            4532890000.0,
            4532895000.0,
            4532900000.0,
            4532905000.0,
            4532910000.0,
            4532915000.0,
            4532920000.0,
            4532925000.0,
            4532930000.0,
            4532935000.0,
            4532940000.0,
            4532945000.0,
            4532950000.0,
            4532955000.0,
            4532960000.0,
            4532965000.0,
            4532970000.0,
            4532975000.0,
            4532980000.0,
            4532985000.0,
            4532990000.0,
            4532995000.0,
            4533000000.0,
            4533005000.0,
            4533010000.0,
            4533015000.0,
            4533020000.0,
            4533025000.0,
            4533030000.0,
            4533035000.0,
            4533040000.0,
            4533045000.0,
            4533050000.0,
            4533055000.0,
            4533060000.0,
            4533065000.0,
            4533070000.0,
            4533075000.0,
            4533080000.0,
            4533085000.0,
            4533090000.0,
            4533095000.0,
            4533100000.0,
            4533105000.0,
            4533110000.0,
            4533115000.0,
            4533120000.0,
            4533125000.0,
            4533130000.0,
            4533135000.0,
            4533140000.0,
            4533145000.0,
            4533150000.0,
            4533155000.0,
            4533160000.0,
            4533165000.0,
            4533170000.0,
            4533175000.0,
            4533180000.0,
            4533185000.0,
            4533190000.0,
            4533195000.0,
            4533200000.0,
            4533205000.0,
            4533210000.0,
            4533215000.0,
            4533220000.0,
            4533225000.0,
            4533230000.0,
            4533235000.0,
            4533240000.0,
            4533245000.0,
            4533250000.0
        ],
        "y_data": [
            0.14393633770054404,
            0.28036309231010187,
            0.19598779931224825,
            0.17243910949135352,
            0.27248982290257656,
            0.23656398248883564,
            0.01677498065620418,
            0.1715414025171026,
            0.24510467443109213,
            0.18599798174839208,
            0.1815987096153354,
            0.16448026443372044,
            0.1686062865575712,
            0.13511524486673987,
            0.08712534058554607,
            0.1800852048191978,
            0.05161851584891397,
            0.16285834568575802,
            0.07760210508042942,
            0.20859367676736768,
            0.157185668535542,
            0.29506906541256284,
            0.1482991136205919,
            0.18346827150120631,
            0.31342922569539633,
            0.15207386508821535,
            0.20883598893618988,
            0.34825777280310605,
            0.4028158542985265,
            0.3590051133342487,
            0.20199210959026792,
            0.3065637032862338,
            0.3827976064610208,
            0.16769086265586372,
            0.41369790265805845,
            0.3063946527289431,
            0.3970958176217057,
            0.21560239696532404,
            0.3827261791467029,
            0.3731994647784244,
            0.3889300956200654,
            0.3547263116502364,
            0.38390068965291724,
            0.5623553983391685,
            0.42556285760417056,
            0.49023940268065525,
            0.3844274425508403,
            0.4528097940409383,
            0.3221372475994989,
            0.35429765735087493,
            0.546721859218977,
            0.35832346643423074,
            0.4379709508320538,
            0.5919565059305419,
            0.643772935026444,
            0.40690023486184423,
            0.5497652706339112,
            0.6550828349234494,
            0.4511351786327307,
            0.5471735936075514,
            0.47379709602781356,
            0.43881867765940835,
            0.5218433443302172,
            0.5555577798593843,
            0.38315979248707505,
            0.29406246296634525,
            0.5154965307612934,
            0.3876205142617419,
            0.4646099787058242,
            0.20351677633838286,
            0.3373996470217994,
            0.39445049116907227,
            0.31526819153114083,
            0.31061895633311654,
            0.3704293239212089,
            0.18872207338914856,
            0.38539978035250355,
            0.5683387710528758,
            0.19394587444887532,
            0.28861311937882866,
            0.38579259393640397,
            0.43095446535123255,
            0.2232704216656832,
            0.2033795430978106,
            0.16322015704393503,
            0.25166814946071386,
            0.13461538106729276,
            0.28642230136395375,
            0.23855460799081188,
            0.26523205610330963,
            0.2825704463979163,
            0.35994715646396847,
            0.28797126261836964,
            0.27433015521440074,
            0.17580678054286478,
            0.2507892436904284,
            0.2927299522078996,
            0.2249217405403458,
            0.4042370935338447,
            0.21600679032095543,
            0.3085708669160012
        ]
    }
}