{
    "meta_data": {
        "type": "1d",
        "plot_properties": {
            "x_label": "Qubit Frequency [MHz]",
            "y_label": "Amplitude [a.u.]",
            "title": "Qubit Spectroscopy Experiment"
        },
        "experiment_properties": {
            "qubit": "q3",
            "repetitions": 1000
        },
        "qubit_parameters": {
            "qb_freq": 4533000000,
            "drive_amp": 0.5,
            "drive_len": 4e-05,
            "pi_amp": 0.12311032872520918,
            "pi_len": 4e-08,
            "res_freq": 6155000000.0,
            "res_amp": 0.4,
            "res_len": 2e-06,
            "qb_amp_spec": 1.0,
            "qb_lo": 4600000000.0,
            "res_lo": 5600000000.0,
            "flux_bias": -0.83678,
            "anharmnonicity": 209100000.0,
            "w125": 4428900000.0,
            "ro_delay": 2e-08,
            "ro_int_delay": 4e-08,
            "angle": -7.852623448891259,
            "ge": [
                -0.0003101590383918415,
                -0.00021195280752536226
            ]
        }
    },
    "data": {
        "x_data": [
            4428400000.0,
            4428410000.0,
            4428420000.0,
            4428430000.0,
            4428440000.0,
            4428450000.0,
            4428460000.0,
            4428470000.0,
            4428480000.0,
            4428490000.0,
            4428500000.0,
            4428510000.0,
            4428520000.0,
            4428530000.0,
            4428540000.0,
            4428550000.0,
            4428560000.0,
            4428570000.0,
            4428580000.0,
            4428590000.0,
            4428600000.0,
            4428610000.0,
            4428620000.0,
            4428630000.0,
            4428640000.0,
            4428650000.0,
            4428660000.0,
            4428670000.0,
            4428680000.0,
            4428690000.0,
            4428700000.0,
            4428710000.0,
            4428720000.0,
            4428730000.0,
            4428740000.0,
            4428750000.0,
            4428760000.0,
            4428770000.0,
            4428780000.0,
            4428790000.0,
            4428800000.0,
            4428810000.0,
            4428820000.0,
            4428830000.0,
            4428840000.0,
            4428850000.0,
            4428860000.0,
            4428870000.0,
            4428880000.0,
            4428890000.0,
            4428900000.0,
            4428910000.0,
            4428920000.0,
            4428930000.0,
            4428940000.0,
            4428950000.0,
            4428960000.0,
            4428970000.0,
            4428980000.0,
            4428990000.0,
            4429000000.0,
            4429010000.0,
            4429020000.0,
            4429030000.0,
            4429040000.0,
            4429050000.0,
            4429060000.0,
            4429070000.0,
            4429080000.0,
            4429090000.0,
            4429100000.0,
            4429110000.0,
            4429120000.0,
            4429130000.0,
            4429140000.0,
            4429150000.0,
            4429160000.0,
            4429170000.0,
            4429180000.0,
            4429190000.0,
            4429200000.0,
            4429210000.0,
            4429220000.0,
            4429230000.0,
            4429240000.0,
            4429250000.0,
            4429260000.0,
            4429270000.0,
            4429280000.0,
            4429290000.0,
            4429300000.0,
            4429310000.0,
            4429320000.0,
            4429330000.0,
            4429340000.0,
            4429350000.0,
            4429360000.0,
            4429370000.0,
            4429380000.0,
            4429390000.0,
            4429400000.0
        ],
        "y_data": [
            0.03629240644863123,
            0.09105986290222573,
            -0.012113605895156263,
            0.11704186030897495,
            0.0688677242294729,
            -0.13967658772554603,
            0.039620473667097054,
            0.1402436638412544,
            0.3037904602885848,
            0.09025141318656854,
            0.1888100354065057,
            -0.15764992294596492,
            0.17141018040138026,
            0.13108365891157692,
            0.10039656586058722,
            0.23994019966668595,
            0.20713667147618411,
            0.13441026239100337,
            0.22887737850844622,
            0.21191662398147434,
            0.07055269677291875,
            0.30168158220701086,
            -0.06689109207769005,
            0.16448601048275938,
            0.24040639472844008,
            0.22640357939380745,
            0.1953225008087565,
            0.12961382038940147,
            0.2690525855470276,
            0.11479802370715957,
            0.17987186879276856,
            0.2688791314435134,
            0.29877109158483084,
            0.1576277629319636,
            0.24696645665013997,
            0.21963091845232685,
            0.12586128665841728,
            0.23143600188258714,
            0.24578957347568467,
            0.39534149110885114,
            0.49956181688839124,
            0.4480403336061182,
            0.5495194734373731,
            0.6859171745051408,
            0.4801919862664275,
            0.7226733248270618,
            0.6743490887134255,
            0.6674111019750159,
            0.7403683386653955,
            0.5859373062003815,
            0.6175351456266884,
            0.7706394969462462,
            0.8439350059888113,
            0.6369963513739313,
            0.5900275944610365,
            0.41024464842198455,
            0.7123833414424576,
            0.6106103845958589,
            0.5999122241895263,
            0.47277328625724846,
            0.462800949312956,
            0.43623637760424205,
            0.5514965177425032,
            0.37568944995634074,
            0.11112054547284635,
            0.13880406451003896,
            0.24926142274564847,
            0.35252799685306013,
            0.38953456367712397,
            0.21474547741843772,
            0.1823570113712449,
            0.18811891358738456,
            0.2124142390887061,
            0.11594736297054092,
            0.3470381637916099,
            0.4265173579271036,
            0.11981480055854016,
            0.08679046284762168,
            0.14632317003078008,
            0.07726428616541951,
            0.14415248133872768,
            0.1020723032175764,
            0.2189663857233995,
            0.1355598297428734,
            0.1339890500779107,
            0.11141689748967896,
            0.19831300048901443,
            0.23958140756994206,
            0.1559316174773341,
            0.0321131773764758,
            0.18890751001523817,
            -0.10386972114419064,
            0.018525015954703516,
            0.04675881525165388,
            0.041519863773678306,
            0.04976104059808151,
            0.35117276765922073,
            0.0668217937760681,
            0.08067082678313095,
            0.19382835545117297,
            0.15539554514405268
        ]
    }
}