{
    "meta_data": {
        "type": "1d",
        "plot_properties": {
            "x_label": "Qubit Frequency [MHz]",
            "y_label": "Amplitude [a.u.]",
            "title": "Qubit Spectroscopy Experiment"
        },
        "experiment_properties": {
            "qubit": "q1",
            "repetitions": 1000
        },
        "qubit_parameters": {
            "qb_freq": 4723300000,
            "drive_amp": 0.5,
            "drive_len": 4e-05,
            "pi_amp": 0.1250089846812596,
            "pi_len": 4e-08,
            "res_freq": 5250000000.0,
            "res_amp": 0.35,
            "res_len": 2e-06,
            "qb_amp_spec": 1.0,
            "qb_lo": 4600000000.0,
            "res_lo": 5600000000.0,
            "flux_bias": -0.0158,
            "anharmnonicity": 190300000,
            "w125": 4628150000.0,
            "ro_delay": 1e-07,
            "ro_int_delay": 4e-08,
            "angle": -2.7369100144220284,
            "ge": [
                0.00011656060279059207,
                0.00029401170412310417
            ]
        }
    },
    "data": {
        "x_data": [
            4722800000.0,
            4722810000.0,
            4722820000.0,
            4722830000.0,
            4722840000.0,
            4722850000.0,
            4722860000.0,
            4722870000.0,
            4722880000.0,
            4722890000.0,
            4722900000.0,
            4722910000.0,
            4722920000.0,
            4722930000.0,
            4722940000.0,
            4722950000.0,
            4722960000.0,
            4722970000.0,
            4722980000.0,
            4722990000.0,
            4723000000.0,
            4723010000.0,
            4723020000.0,
            4723030000.0,
            4723040000.0,
            4723050000.0,
            4723060000.0,
            4723070000.0,
            4723080000.0,
            4723090000.0,
            4723100000.0,
            4723110000.0,
            4723120000.0,
            4723130000.0,
            4723140000.0,
            4723150000.0,
            4723160000.0,
            4723170000.0,
            4723180000.0,
            4723190000.0,
            4723200000.0,
            4723210000.0,
            4723220000.0,
            4723230000.0,
            4723240000.0,
            4723250000.0,
            4723260000.0,
            4723270000.0,
            4723280000.0,
            4723290000.0,
            4723300000.0,
            4723310000.0,
            4723320000.0,
            4723330000.0,
            4723340000.0,
            4723350000.0,
            4723360000.0,
            4723370000.0,
            4723380000.0,
            4723390000.0,
            4723400000.0,
            4723410000.0,
            4723420000.0,
            4723430000.0,
            4723440000.0,
            4723450000.0,
            4723460000.0,
            4723470000.0,
            4723480000.0,
            4723490000.0,
            4723500000.0,
            4723510000.0,
            4723520000.0,
            4723530000.0,
            4723540000.0,
            4723550000.0,
            4723560000.0,
            4723570000.0,
            4723580000.0,
            4723590000.0,
            4723600000.0,
            4723610000.0,
            4723620000.0,
            4723630000.0,
            4723640000.0,
            4723650000.0,
            4723660000.0,
            4723670000.0,
            4723680000.0,
            4723690000.0,
            4723700000.0,
            4723710000.0,
            4723720000.0,
            4723730000.0,
            4723740000.0,
            4723750000.0,
            4723760000.0,
            4723770000.0,
            4723780000.0,
            4723790000.0,
            4723800000.0
        ],
        "y_data": [
            -0.07118322859850293,
            0.0743962350810666,
            -0.027069849009789163,
            -0.011321576158449413,
            -0.05906953856572813,
            -0.010551040837506145,
            -0.04724396603494325,
            -0.02926261992212812,
            0.06336412061649764,
            -0.09871470949039397,
            -0.10511701090337226,
            -0.06696758066532219,
            -0.14394423545722418,
            -0.06430731705929019,
            -0.1716456947732346,
            -0.05741378065788822,
            -0.0676810223499898,
            -0.18187162995962494,
            -0.13699703335005048,
            -0.12827548998706215,
            -0.1470584237024844,
            -0.05249824658519283,
            -0.10467442500761764,
            -0.12501561640120265,
            -0.12568847863652385,
            -0.06385639844559503,
            -0.020610481632649193,
            -0.05297223805590219,
            -0.020208599521218902,
            -0.007983545529659537,
            0.006810938922375162,
            -0.042962096079501744,
            -0.04945889700360488,
            -0.09339998470365606,
            -0.03589307033352653,
            -0.10412026476919818,
            0.028107972516821143,
            -0.08875475904271474,
            0.0777481366412949,
            -0.005177712957535057,
            -0.05074314768349065,
            -0.051199326652333704,
            -0.027783531783011545,
            -0.08907464754319203,
            0.0058164804759805976,
            -0.11427114408477507,
            -0.01892345575228448,
            -0.0886482505922598,
            -0.0960715169252015,
            0.06549204780529423,
            0.026300266652009616,
            0.032895213741162964,
            -0.12530938318421644,
            -0.0001379663465539534,
            0.05635961297288761,
            -0.04335785507233992,
            -0.06320312238092568,
            0.08131590191854324,
            0.02667060065814477,
            0.03299832231229809,
            0.0450559380281741,
            0.08487965132763307,
            0.00038382434176189326,
            0.11721128646527645,
            0.030868709778038593,
            0.09064092367126649,
            0.11347022059395015,
            0.208748661546074,
            0.0820943158315016,
            0.05901927916451353,
            0.07680447396128869,
            0.0008097523830365898,
            0.06648206392971878,
            0.1178767075554256,
            0.14490348320450236,
            0.09619770667393848,
            0.1647664322357855,
            0.1899842063586041,
            0.1315401007924406,
            0.248443085422006,
            0.23057305057723765,
            0.2922857108125813,
            0.26524945007259804,
            0.3205588407500439,
            0.33190472704068896,
            0.16205717230891448,
            0.2496999065927398,
            0.2751445241967104,
            0.24530078003451483,
            0.30894082196254186,
            0.3089497884856137,
            0.2376825833701789,
            0.35712569861941823,
            0.2455851697615877,
            0.2845908646669223,
            0.3706359138171345,
            0.30104249176970643,
            0.3700367977655881,
            0.3916691688605871,
            0.3930111560795611,
            0.38695455328893863
        ]
    }
}