{
    "meta_data": {
        "type": "1d",
        "plot_properties": {
            "x_label": "Qubit Frequency [MHz]",
            "y_label": "Amplitude [a.u.]",
            "title": "Qubit Spectroscopy Experiment"
        },
        "experiment_properties": {
            "qubit": "q3",
            "repetitions": 1000
        },
        "qubit_parameters": {
            "qb_freq": 4533000000,
            "drive_amp": 0.5,
            "drive_len": 4e-05,
            "pi_amp": 0.12311032872520918,
            "pi_len": 4e-08,
            "res_freq": 6155000000.0,
            "res_amp": 0.4,
            "res_len": 2e-06,
            "qb_amp_spec": 1.0,
            "qb_lo": 4600000000.0,
            "res_lo": 5600000000.0,
            "flux_bias": -0.836,
            "anharmnonicity": 209100000.0,
            "w125": 4428450000.0,
            "ro_delay": 2e-08,
            "ro_int_delay": 4e-08,
            "angle": -7.852623448891259,
            "ge": [
                -0.0003101590383918415,
                -0.00021195280752536226
            ]
        }
    },
    "data": {
        "x_data": [
            4532500000.0,
            4532510000.0,
            4532520000.0,
            4532530000.0,
            4532540000.0,
            4532550000.0,
            4532560000.0,
            4532570000.0,
            4532580000.0,
            4532590000.0,
            4532600000.0,
            4532610000.0,
            4532620000.0,
            4532630000.0,
            4532640000.0,
            4532650000.0,
            4532660000.0,
            4532670000.0,
            4532680000.0,
            4532690000.0,
            4532700000.0,
            4532710000.0,
            4532720000.0,
            4532730000.0,
            4532740000.0,
            4532750000.0,
            4532760000.0,
            4532770000.0,
            4532780000.0,
            4532790000.0,
            4532800000.0,
            4532810000.0,
            4532820000.0,
            4532830000.0,
            4532840000.0,
            4532850000.0,
            4532860000.0,
            4532870000.0,
            4532880000.0,
            4532890000.0,
            4532900000.0,
            4532910000.0,
            4532920000.0,
            4532930000.0,
            4532940000.0,
            4532950000.0,
            4532960000.0,
            4532970000.0,
            4532980000.0,
            4532990000.0,
            4533000000.0,
            4533010000.0,
            4533020000.0,
            4533030000.0,
            4533040000.0,
            4533050000.0,
            4533060000.0,
            4533070000.0,
            4533080000.0,
            4533090000.0,
            4533100000.0,
            4533110000.0,
            4533120000.0,
            4533130000.0,
            4533140000.0,
            4533150000.0,
            4533160000.0,
            4533170000.0,
            4533180000.0,
            4533190000.0,
            4533200000.0,
            4533210000.0,
            4533220000.0,
            4533230000.0,
            4533240000.0,
            4533250000.0,
            4533260000.0,
            4533270000.0,
            4533280000.0,
            4533290000.0,
            4533300000.0,
            4533310000.0,
            4533320000.0,
            4533330000.0,
            4533340000.0,
            4533350000.0,
            4533360000.0,
            4533370000.0,
            4533380000.0,
            4533390000.0,
            4533400000.0,
            4533410000.0,
            4533420000.0,
            4533430000.0,
            4533440000.0,
            4533450000.0,
            4533460000.0,
            4533470000.0,
            4533480000.0,
            4533490000.0,
            4533500000.0
        ],
        "y_data": [
            0.1922554133977472,
            -0.0006230797788314962,
            0.10241193793613829,
            0.06576900786311,
            0.05588082118711018,
            0.19078830371802877,
            -0.1858346174626507,
            -0.08278704597645882,
            0.10951071130507124,
            -0.10210230248908728,
            -0.17928971212375372,
            -0.13593439332108934,
            0.192566406229719,
            0.11722675650918614,
            -0.01244589520545866,
            0.013688472161103226,
            0.09648255027440833,
            0.18030036486858422,
            0.15991517128458355,
            0.035937663778746576,
            -0.02499067645338295,
            0.08066422523102276,
            -0.05966204250955867,
            -0.12581766403447814,
            -0.20064451261210944,
            0.10359716928626181,
            0.027406754983279553,
            -0.0281754451953433,
            -0.0687789983055987,
            -0.012066885427289306,
            0.02658610287596356,
            0.07771094712626378,
            -0.09519162198395652,
            -0.06380203351219078,
            0.11057535850438129,
            0.09462858059980414,
            0.06111198546380776,
            -0.06612242770693855,
            0.23905504577870673,
            0.06012903778020235,
            0.04975041290742855,
            0.1664937433063218,
            0.025954890244967485,
            -0.03550987164515506,
            0.10623349001082746,
            -0.04885448250775337,
            0.17912685781472903,
            0.02351063578156686,
            0.21828720532982906,
            -0.04201919723469964,
            0.08028309416141559,
            0.1274426056554289,
            0.25319060929858905,
            0.12074030076581532,
            0.1318442223737593,
            0.11485281015112393,
            0.2978787710606508,
            0.23952776088347005,
            0.3676489129174579,
            0.26642626715338547,
            0.3251475409768751,
            0.3589261186877362,
            0.5557217569889447,
            0.567808044757591,
            0.35028257527598244,
            0.4715004737221991,
            0.5240188708270573,
            0.4507239165943295,
            0.6197448237512643,
            0.5126285536415257,
            0.6810665282674283,
            0.4969499988950527,
            0.4645983455079609,
            0.5983513187697592,
            0.6566747288699322,
            0.17351236446253968,
            0.45735509006820496,
            0.5266344909801544,
            0.46352763375766914,
            0.25399295679099126,
            0.3073954474805847,
            0.3434557600997719,
            0.16552718854101983,
            0.27978343452700744,
            0.18447288553636682,
            0.21654403528934812,
            0.12011961993241385,
            0.10253977365700517,
            0.2875630020326902,
            0.32413855147845827,
            0.15386503165918827,
            0.12416302744680431,
            0.17772112928157813,
            0.03189267128909329,
            0.10663827926779883,
            0.21164747477040827,
            0.20149204304549834,
            0.10631800741254299,
            -0.02606721302201162,
            0.1432555737016121,
            -0.03416457286244514
        ]
    }
}