{
    "meta_data": {
        "type": "1d",
        "plot_properties": {
            "x_label": "Qubit Frequency [MHz]",
            "y_label": "Amplitude [a.u.]",
            "title": "Qubit Spectroscopy Experiment"
        },
        "experiment_properties": {
            "qubit": "q3",
            "repetitions": 1000
        },
        "qubit_parameters": {
            "qb_freq": 4533000000,
            "drive_amp": 0.5,
            "drive_len": 4e-05,
            "pi_amp": 0.12311032872520918,
            "pi_len": 4e-08,
            "res_freq": 6155000000.0,
            "res_amp": 0.4,
            "res_len": 2e-06,
            "qb_amp_spec": 1.0,
            "qb_lo": 4600000000.0,
            "res_lo": 5600000000.0,
            "flux_bias": -0.83678,
            "anharmnonicity": 209100000.0,
            "w125": 4428450000.0,
            "ro_delay": 2e-08,
            "ro_int_delay": 4e-08,
            "angle": -7.852623448891259,
            "ge": [
                -0.0003101590383918415,
                -0.00021195280752536226
            ]
        }
    },
    "data": {
        "x_data": [
            4427450000.0,
            4427470000.0,
            4427490000.0,
            4427510000.0,
            4427530000.0,
            4427550000.0,
            4427570000.0,
            4427590000.0,
            4427610000.0,
            4427630000.0,
            4427650000.0,
            4427670000.0,
            4427690000.0,
            4427710000.0,
            4427730000.0,
            4427750000.0,
            4427770000.0,
            4427790000.0,
            4427810000.0,
            4427830000.0,
            4427850000.0,
            4427870000.0,
            4427890000.0,
            4427910000.0,
            4427930000.0,
            4427950000.0,
            4427970000.0,
            4427990000.0,
            4428010000.0,
            4428030000.0,
            4428050000.0,
            4428070000.0,
            4428090000.0,
            4428110000.0,
            4428130000.0,
            4428150000.0,
            4428170000.0,
            4428190000.0,
            4428210000.0,
            4428230000.0,
            4428250000.0,
            4428270000.0,
            4428290000.0,
            4428310000.0,
            4428330000.0,
            4428350000.0,
            4428370000.0,
            4428390000.0,
            4428410000.0,
            4428430000.0,
            4428450000.0,
            4428470000.0,
            4428490000.0,
            4428510000.0,
            4428530000.0,
            4428550000.0,
            4428570000.0,
            4428590000.0,
            4428610000.0,
            4428630000.0,
            4428650000.0,
            4428670000.0,
            4428690000.0,
            4428710000.0,
            4428730000.0,
            4428750000.0,
            4428770000.0,
            4428790000.0,
            4428810000.0,
            4428830000.0,
            4428850000.0,
            4428870000.0,
            4428890000.0,
            4428910000.0,
            4428930000.0,
            4428950000.0,
            4428970000.0,
            4428990000.0,
            4429010000.0,
            4429030000.0,
            4429050000.0,
            4429070000.0,
            4429090000.0,
            4429110000.0,
            4429130000.0,
            4429150000.0,
            4429170000.0,
            4429190000.0,
            4429210000.0,
            4429230000.0,
            4429250000.0,
            4429270000.0,
            4429290000.0,
            4429310000.0,
            4429330000.0,
            4429350000.0,
            4429370000.0,
            4429390000.0,
            4429410000.0,
            4429430000.0,
            4429450000.0
        ],
        "y_data": [
            0.2537868394569955,
            0.14590734964736146,
            -0.10103733336308195,
            0.1805464764573628,
            0.02482427410120396,
            0.08956710251438307,
            0.005742336358437017,
            0.06472306871450914,
            0.10570899128472344,
            0.05392669532289531,
            0.040837704530749065,
            -0.056714251542581716,
            0.09701917467772435,
            0.15537790219124079,
            -0.10678792430805359,
            0.19555041394993608,
            0.05833833149590911,
            0.018715938348673827,
            0.08326967661024569,
            0.08297303828413878,
            0.15044563657702217,
            0.11869973826882028,
            0.002076446800209869,
            0.03344183117912928,
            0.16901255530744097,
            0.2052119320396616,
            0.10197961504234945,
            -0.06162715840319609,
            0.05279645384700955,
            0.04929943675896475,
            0.14910746949804246,
            0.1903436770599196,
            0.05258118215070515,
            0.11440495532170458,
            0.2235115591445419,
            0.07905482943151365,
            0.07622802468124423,
            0.14114623396345818,
            0.013299913489186622,
            0.09115178735773834,
            0.0609863518585284,
            0.19897434751355705,
            0.2916802266533999,
            -0.014736892013307242,
            0.19260389082617832,
            0.06266123028769527,
            0.1265538482433124,
            0.14642487352338032,
            -0.0022498027690107418,
            0.2851614754611827,
            0.0076946984753309,
            0.15796235710041526,
            0.13123717890313785,
            0.18152263970709898,
            0.07816703026502869,
            0.13847810140177785,
            0.019546800326889133,
            0.26200126965260895,
            0.10721129508671022,
            -0.10260291151458649,
            0.13449261534940463,
            0.1391500350199482,
            0.1630941501406787,
            0.3023912894707158,
            0.06423541415622529,
            0.07036314359483026,
            0.03163598132609172,
            0.17442333755644482,
            0.3318665887944541,
            0.27381194981271806,
            0.27801848100845034,
            0.3083790917587632,
            0.27807321197143064,
            0.45656254284635256,
            0.24376332781228177,
            0.06753608404300573,
            0.15119586071267763,
            0.12888220293179314,
            0.15761310704791523,
            0.14907505558951173,
            0.1600151966486653,
            0.11572203346233001,
            0.002358608014326564,
            0.09103131485384282,
            -0.07980051489890985,
            -0.0035628349075299943,
            0.127000483860991,
            0.23871772824740176,
            0.2620906577367316,
            0.002512312257549325,
            0.04301754895501087,
            0.12039974273409251,
            -0.011518040138652761,
            0.035718554990212543,
            0.06520407719890758,
            0.17476533055928883,
            0.14472547455427553,
            0.030625627406446383,
            0.09074524257285127,
            0.08994908566230753,
            0.020902985711508917
        ]
    }
}