{
    "meta_data": {
        "type": "1d",
        "plot_properties": {
            "x_label": "Qubit Frequency [MHz]",
            "y_label": "Amplitude [a.u.]",
            "title": "Qubit Spectroscopy Experiment"
        },
        "experiment_properties": {
            "qubit": "q3",
            "repetitions": 1000
        },
        "qubit_parameters": {
            "qb_freq": 4533000000,
            "drive_amp": 0.5,
            "drive_len": 4e-05,
            "pi_amp": 0.12311032872520918,
            "pi_len": 4e-08,
            "res_freq": 6155000000.0,
            "res_amp": 0.4,
            "res_len": 2e-06,
            "qb_amp_spec": 1.0,
            "qb_lo": 4600000000.0,
            "res_lo": 5600000000.0,
            "flux_bias": -0.83678,
            "anharmnonicity": 209100000.0,
            "w125": 4429000000,
            "ro_delay": 2e-08,
            "ro_int_delay": 4e-08,
            "angle": -7.852623448891259,
            "ge": [
                -0.0003101590383918415,
                -0.00021195280752536226
            ]
        }
    },
    "data": {
        "x_data": [
            4426500000.0,
            4426550000.0,
            4426600000.0,
            4426650000.0,
            4426700000.0,
            4426750000.0,
            4426800000.0,
            4426850000.0,
            4426900000.0,
            4426950000.0,
            4427000000.0,
            4427050000.0,
            4427100000.0,
            4427150000.0,
            4427200000.0,
            4427250000.0,
            4427300000.0,
            4427350000.0,
            4427400000.0,
            4427450000.0,
            4427500000.0,
            4427550000.0,
            4427600000.0,
            4427650000.0,
            4427700000.0,
            4427750000.0,
            4427800000.0,
            4427850000.0,
            4427900000.0,
            4427950000.0,
            4428000000.0,
            4428050000.0,
            4428100000.0,
            4428150000.0,
            4428200000.0,
            4428250000.0,
            4428300000.0,
            4428350000.0,
            4428400000.0,
            4428450000.0,
            4428500000.0,
            4428550000.0,
            4428600000.0,
            4428650000.0,
            4428700000.0,
            4428750000.0,
            4428800000.0,
            4428850000.0,
            4428900000.0,
            4428950000.0,
            4429000000.0,
            4429050000.0,
            4429100000.0,
            4429150000.0,
            4429200000.0,
            4429250000.0,
            4429300000.0,
            4429350000.0,
            4429400000.0,
            4429450000.0,
            4429500000.0,
            4429550000.0,
            4429600000.0,
            4429650000.0,
            4429700000.0,
            4429750000.0,
            4429800000.0,
            4429850000.0,
            4429900000.0,
            4429950000.0,
            4430000000.0,
            4430050000.0,
            4430100000.0,
            4430150000.0,
            4430200000.0,
            4430250000.0,
            4430300000.0,
            4430350000.0,
            4430400000.0,
            4430450000.0,
            4430500000.0,
            4430550000.0,
            4430600000.0,
            4430650000.0,
            4430700000.0,
            4430750000.0,
            4430800000.0,
            4430850000.0,
            4430900000.0,
            4430950000.0,
            4431000000.0,
            4431050000.0,
            4431100000.0,
            4431150000.0,
            4431200000.0,
            4431250000.0,
            4431300000.0,
            4431350000.0,
            4431400000.0,
            4431450000.0,
            4431500000.0
        ],
        "y_data": [
            -0.13432317897822668,
            0.1430426637143418,
            -0.08150665172525604,
            -0.17255908658929497,
            0.08325529059666108,
            -0.059311932159336084,
            -0.009370995250005738,
            -0.037687757111227745,
            -0.09833517451959232,
            -0.16943024267889,
            0.02082089371921628,
            -0.022743769218853304,
            0.10447081463735373,
            -0.1374653191461048,
            -0.10224580302596481,
            0.02234369808715028,
            -0.128958215802342,
            0.15839912326755212,
            -0.009078081684260657,
            0.04191612265817021,
            -0.026855793696005638,
            -0.14929076957698126,
            -0.03170642075510626,
            0.007995567740156223,
            -0.007156984129099627,
            0.09641730669244497,
            0.0869312571454063,
            0.029990943446742788,
            -0.0394794243809541,
            -0.04895292563637383,
            -0.11053111463041457,
            0.10041925758291514,
            -0.03258158875097248,
            0.15042205989875757,
            0.12281498680757937,
            -0.05439515943857447,
            -0.2222620881629613,
            0.16007574010087433,
            0.07233079722975837,
            -0.027376817668649623,
            0.0623062239119004,
            0.14131075631354928,
            0.15970374832466658,
            0.2820360042466248,
            0.5335914946819101,
            0.4992792166210582,
            0.7761674187304227,
            1.008546544158609,
            1.019418111406877,
            0.8525541014653711,
            0.5724753400432303,
            0.4489796191254638,
            0.43370308438143085,
            0.2737731795643282,
            0.040387356481816246,
            -0.04204396915144014,
            0.0036729169004206808,
            0.0028472886283330908,
            0.16871658823274202,
            0.20833117568503814,
            -0.10884283720121225,
            -0.012239542933469736,
            -0.06307793338539726,
            0.17178288521097107,
            -0.12522643264420685,
            0.04307833693451912,
            -0.057762612675852955,
            -0.09248898025042368,
            -0.07350279241124229,
            -0.03733110068988048,
            -0.06014991214227316,
            -0.034898700663327314,
            0.05016380719647497,
            -0.00912854677605085,
            0.12886352638880372,
            -0.11955527265916197,
            -0.1625616866243355,
            0.08828853228613807,
            -0.005113794847258916,
            0.045710357540373336,
            -0.0003417699580816919,
            0.002472460472452731,
            0.0540438204741089,
            -0.058033333163173474,
            -0.07618378012232767,
            -0.1412626232911214,
            0.007137351582132524,
            -0.04528530863319819,
            0.14026979127486827,
            -0.1888878586010034,
            -0.06531438142707618,
            -0.124722719423423,
            -0.09723056251836694,
            0.00883461282099004,
            -0.19981428352807842,
            -0.21619250074040736,
            -0.10581940510495882,
            -0.005612839446008192,
            0.1565624321521385,
            -0.1717399228792325,
            -0.061637481975864536
        ]
    }
}