{
    "meta_data": {
        "type": "1d",
        "plot_properties": {
            "x_label": "Qubit Frequency [MHz]",
            "y_label": "Amplitude [a.u.]",
            "title": "Qubit Spectroscopy Experiment"
        },
        "experiment_properties": {
            "qubit": "q3",
            "repetitions": 1000
        },
        "qubit_parameters": {
            "qb_freq": 4533000000,
            "drive_amp": 0.5,
            "drive_len": 4e-05,
            "pi_amp": 0.12311032872520918,
            "pi_len": 4e-08,
            "res_freq": 6155000000.0,
            "res_amp": 0.4,
            "res_len": 2e-06,
            "qb_amp_spec": 1.0,
            "qb_lo": 4600000000.0,
            "res_lo": 5600000000.0,
            "flux_bias": -0.83678,
            "anharmnonicity": 209100000.0,
            "w125": 4428450000.0,
            "ro_delay": 2e-08,
            "ro_int_delay": 4e-08,
            "angle": -7.852623448891259,
            "ge": [
                -0.0003101590383918415,
                -0.00021195280752536226
            ]
        }
    },
    "data": {
        "x_data": [
            4532750000.0,
            4532755000.0,
            4532760000.0,
            4532765000.0,
            4532770000.0,
            4532775000.0,
            4532780000.0,
            4532785000.0,
            4532790000.0,
            4532795000.0,
            4532800000.0,
            4532805000.0,
            4532810000.0,
            4532815000.0,
            4532820000.0,
            4532825000.0,
            4532830000.0,
            4532835000.0,
            4532840000.0,
            4532845000.0,
            4532850000.0,
            4532855000.0,
            4532860000.0,
            4532865000.0,
            4532870000.0,
            4532875000.0,
            4532880000.0,
            4532885000.0,
            4532890000.0,
            4532895000.0,
            4532900000.0,
            4532905000.0,
            4532910000.0,
            4532915000.0,
            4532920000.0,
            4532925000.0,
            4532930000.0,
            4532935000.0,
            4532940000.0,
            4532945000.0,
            4532950000.0,
            4532955000.0,
            4532960000.0,
            4532965000.0,
            4532970000.0,
            4532975000.0,
            4532980000.0,
            4532985000.0,
            4532990000.0,
            4532995000.0,
            4533000000.0,
            4533005000.0,
            4533010000.0,
            4533015000.0,
            4533020000.0,
            4533025000.0,
            4533030000.0,
            4533035000.0,
            4533040000.0,
            4533045000.0,
            4533050000.0,
            4533055000.0,
            4533060000.0,
            4533065000.0,
            4533070000.0,
            4533075000.0,
            4533080000.0,
            4533085000.0,
            4533090000.0,
            4533095000.0,
            4533100000.0,
            4533105000.0,
            4533110000.0,
            4533115000.0,
            4533120000.0,
            4533125000.0,
            4533130000.0,
            4533135000.0,
            4533140000.0,
            4533145000.0,
            4533150000.0,
            4533155000.0,
            4533160000.0,
            4533165000.0,
            4533170000.0,
            4533175000.0,
            4533180000.0,
            4533185000.0,
            4533190000.0,
            4533195000.0,
            4533200000.0,
            4533205000.0,
            4533210000.0,
            4533215000.0,
            4533220000.0,
            4533225000.0,
            4533230000.0,
            4533235000.0,
            4533240000.0,
            4533245000.0,
            4533250000.0
        ],
        "y_data": [
            0.07193624455675221,
            0.018135694248023502,
            0.2403862469119575,
            0.0752391610808974,
            0.18261467738858936,
            0.18470322682677032,
            0.2580234297017283,
            0.11201662500490896,
            0.003936181017513604,
            0.09661967118311225,
            0.0001480593177723075,
            0.0801782577056131,
            0.25678881411157095,
            0.16328802535589176,
            0.2943984777219599,
            0.248519529661902,
            0.0017031960851374732,
            0.1518767500575354,
            0.1893865705006538,
            0.28192968487317244,
            0.23968356175991593,
            0.31484059479522175,
            0.300165458160483,
            0.35155263020065775,
            0.34814429638275785,
            0.10358099692199269,
            0.3368243455233498,
            0.40354497579681925,
            0.3683279679651019,
            0.2987417270755522,
            0.33759366813145064,
            0.374440492189425,
            0.2464014992728711,
            0.35787731165174413,
            0.33293125106267335,
            0.5292463980170468,
            0.2777245893335112,
            0.29486874344403596,
            0.4491288376284131,
            0.46513709531241765,
            0.4698545132146396,
            0.5806492108999678,
            0.3071656829184311,
            0.27621497985038884,
            0.42800784633441696,
            0.4448440796155845,
            0.38563809309584746,
            0.5412775219340498,
            0.38571677814477173,
            0.49125909521427047,
            0.41836020191536427,
            0.49638154416096086,
            0.3831830417590412,
            0.33702548874742566,
            0.4256867514353938,
            0.4987052514608698,
            0.3126921567174286,
            0.4944711352570389,
            0.26674934525049493,
            0.3995383425853067,
            0.562680154564797,
            0.35929840225282145,
            0.44925789461587134,
            0.45130714296909,
            0.3438701605809785,
            0.28524265167476925,
            0.43452100627638907,
            0.33067800461204494,
            0.2824421038137419,
            0.38580001674406067,
            0.33029127681258946,
            0.25642925829511326,
            0.4092719421169971,
            0.23751430529918263,
            0.2659545452267254,
            0.4021312901946873,
            0.0767798974507186,
            0.19124222446833058,
            0.3347622475003286,
            0.39804915215903147,
            0.3383850105255211,
            0.20238280188273056,
            0.12275184944814518,
            0.053304439788487444,
            0.2865083441502457,
            0.1911311255108756,
            0.34950396063054,
            0.2710336566756528,
            0.48407608938299496,
            0.08176445697433794,
            0.2831464102434177,
            0.1803698071965964,
            0.2493174311411546,
            0.20466374635827578,
            0.2730840653348763,
            0.14755529171647414,
            0.27057310834512677,
            0.13877182046921183,
            0.21363855233965834,
            0.20245464290709916,
            0.22960765551809034
        ]
    }
}