{
    "meta_data": {
        "type": "1d",
        "plot_properties": {
            "x_label": "Qubit Frequency [MHz]",
            "y_label": "Amplitude [a.u.]",
            "title": "Qubit Spectroscopy Experiment"
        },
        "experiment_properties": {
            "qubit": "q4",
            "repetitions": 1000
        },
        "qubit_parameters": {
            "qb_freq": 4323900000.0,
            "drive_amp": 0.2,
            "drive_len": 4e-05,
            "pi_amp": 0.10453792597888534,
            "pi_len": 4e-08,
            "res_freq": 5834500000.0,
            "res_amp": 0.4,
            "res_len": 2e-06,
            "qb_amp_spec": 1.0,
            "qb_lo": 4600000000.0,
            "res_lo": 5600000000.0,
            "flux_bias": -0.777,
            "anharmnonicity": 208390000.0,
            "w125": 4326260000.0,
            "ro_delay": 2e-08,
            "ro_int_delay": 4e-08,
            "angle": -1.5830180388973587,
            "ge": [
                -0.0004302658396780563,
                -0.0002857599351221882
            ]
        }
    },
    "data": {
        "x_data": [
            4298900000.0,
            4299400000.0,
            4299900000.0,
            4300400000.0,
            4300900000.0,
            4301400000.0,
            4301900000.0,
            4302400000.0,
            4302900000.0,
            4303400000.0,
            4303900000.0,
            4304400000.0,
            4304900000.0,
            4305400000.0,
            4305900000.0,
            4306400000.0,
            4306900000.0,
            4307400000.0,
            4307900000.0,
            4308400000.0,
            4308900000.0,
            4309400000.0,
            4309900000.0,
            4310400000.0,
            4310900000.0,
            4311400000.0,
            4311900000.0,
            4312400000.0,
            4312900000.0,
            4313400000.0,
            4313900000.0,
            4314400000.0,
            4314900000.0,
            4315400000.0,
            4315900000.0,
            4316400000.0,
            4316900000.0,
            4317400000.0,
            4317900000.0,
            4318400000.0,
            4318900000.0,
            4319400000.0,
            4319900000.0,
            4320400000.0,
            4320900000.0,
            4321400000.0,
            4321900000.0,
            4322400000.0,
            4322900000.0,
            4323400000.0,
            4323900000.0,
            4324400000.0,
            4324900000.0,
            4325400000.0,
            4325900000.0,
            4326400000.0,
            4326900000.0,
            4327400000.0,
            4327900000.0,
            4328400000.0,
            4328900000.0,
            4329400000.0,
            4329900000.0,
            4330400000.0,
            4330900000.0,
            4331400000.0,
            4331900000.0,
            4332400000.0,
            4332900000.0,
            4333400000.0,
            4333900000.0,
            4334400000.0,
            4334900000.0,
            4335400000.0,
            4335900000.0,
            4336400000.0,
            4336900000.0,
            4337400000.0,
            4337900000.0,
            4338400000.0,
            4338900000.0,
            4339400000.0,
            4339900000.0,
            4340400000.0,
            4340900000.0,
            4341400000.0,
            4341900000.0,
            4342400000.0,
            4342900000.0,
            4343400000.0,
            4343900000.0,
            4344400000.0,
            4344900000.0,
            4345400000.0,
            4345900000.0,
            4346400000.0,
            4346900000.0,
            4347400000.0,
            4347900000.0,
            4348400000.0,
            4348900000.0
        ],
        "y_data": [
            0.12429683450976724,
            0.12847226865072364,
            0.16903697490294328,
            0.1087663401025358,
            0.12276962566871516,
            0.1544321693659359,
            -0.08573770870094989,
            0.11193178237423651,
            0.074812377538139,
            0.08489462893257606,
            -0.06850552400967524,
            -0.004993466942443076,
            0.1071132616541232,
            -0.007655843210959364,
            0.04942828764913445,
            -0.0680455863417834,
            0.08357131367108536,
            0.12112137158341771,
            -0.008329744920747223,
            -0.0372287008048984,
            -0.02004439759169651,
            0.12871859279248773,
            -0.02969684496801512,
            0.0933022970612333,
            0.02743124699325459,
            0.10660572087260713,
            0.02674239413343832,
            0.03375691569444268,
            0.08245889392566594,
            -0.12843040177018245,
            0.004986780639395325,
            0.0609565702014892,
            -0.03775676840427269,
            0.010156973876683137,
            0.021826708859597813,
            0.04328118229369193,
            -0.10811788776299389,
            0.08574867992067733,
            0.0159531142633816,
            0.1446207959057752,
            0.23799717210915275,
            0.11854192185293949,
            0.04047238167041341,
            0.28865628702052154,
            0.2198291498825985,
            0.06633309666394749,
            -0.07407516464445349,
            -0.0035193810237587335,
            0.24354497928893784,
            0.1556057953090507,
            0.4482176204115679,
            0.15029606188393524,
            0.16673347557729934,
            -0.08415382197215815,
            0.07590560596336304,
            0.10699389450993894,
            0.04786221577954565,
            0.11532146908723527,
            0.020059615498484885,
            0.045697622641096086,
            0.27427814136481565,
            0.05518695217461433,
            0.17764743339420191,
            0.10924916835863513,
            0.060936614077299237,
            0.19231699590484447,
            0.14414832857926071,
            0.32920010011237294,
            0.11618122561554295,
            0.02710002821163346,
            -0.17147454717868985,
            0.2529372634347801,
            0.010227080754340364,
            0.03522126909826694,
            0.05248687009163924,
            -0.012607710277178327,
            0.18215781677278095,
            -0.03588051195762496,
            0.038042744148301395,
            0.2905856333395774,
            -0.04037033174444717,
            -0.13140352213760895,
            -0.03522403223146398,
            0.03761255144403861,
            0.03864442517949577,
            -0.06983465746053041,
            0.004927834407246649,
            0.060078900129592085,
            0.010085289910813906,
            0.03948010085555845,
            0.05349598683520415,
            0.014586819158670241,
            0.07872216075885011,
            -0.002485373471192523,
            0.07695007545736207,
            0.07665216870754402,
            0.13454550827747158,
            0.19859193571101907,
            0.20774355703352712,
            0.05814738135755872,
            0.16734329155347663
        ]
    }
}