{
    "meta_data": {
        "type": "1d",
        "plot_properties": {
            "x_label": "Qubit Frequency [MHz]",
            "y_label": "Amplitude [a.u.]",
            "title": "Qubit Spectroscopy Experiment"
        },
        "experiment_properties": {
            "qubit": "q3",
            "repetitions": 1000
        },
        "qubit_parameters": {
            "qb_freq": 4533000000,
            "drive_amp": 0.5,
            "drive_len": 4e-05,
            "pi_amp": 0.12311032872520918,
            "pi_len": 4e-08,
            "res_freq": 6155000000.0,
            "res_amp": 0.4,
            "res_len": 2e-06,
            "qb_amp_spec": 1.0,
            "qb_lo": 4600000000.0,
            "res_lo": 5600000000.0,
            "flux_bias": -0.838,
            "anharmnonicity": 209100000.0,
            "w125": 4428450000.0,
            "ro_delay": 2e-08,
            "ro_int_delay": 4e-08,
            "angle": -7.852623448891259,
            "ge": [
                -0.0003101590383918415,
                -0.00021195280752536226
            ]
        }
    },
    "data": {
        "x_data": [
            4532000000.0,
            4532020000.0,
            4532040000.0,
            4532060000.0,
            4532080000.0,
            4532100000.0,
            4532120000.0,
            4532140000.0,
            4532160000.0,
            4532180000.0,
            4532200000.0,
            4532220000.0,
            4532240000.0,
            4532260000.0,
            4532280000.0,
            4532300000.0,
            4532320000.0,
            4532340000.0,
            4532360000.0,
            4532380000.0,
            4532400000.0,
            4532420000.0,
            4532440000.0,
            4532460000.0,
            4532480000.0,
            4532500000.0,
            4532520000.0,
            4532540000.0,
            4532560000.0,
            4532580000.0,
            4532600000.0,
            4532620000.0,
            4532640000.0,
            4532660000.0,
            4532680000.0,
            4532700000.0,
            4532720000.0,
            4532740000.0,
            4532760000.0,
            4532780000.0,
            4532800000.0,
            4532820000.0,
            4532840000.0,
            4532860000.0,
            4532880000.0,
            4532900000.0,
            4532920000.0,
            4532940000.0,
            4532960000.0,
            4532980000.0,
            4533000000.0,
            4533020000.0,
            4533040000.0,
            4533060000.0,
            4533080000.0,
            4533100000.0,
            4533120000.0,
            4533140000.0,
            4533160000.0,
            4533180000.0,
            4533200000.0,
            4533220000.0,
            4533240000.0,
            4533260000.0,
            4533280000.0,
            4533300000.0,
            4533320000.0,
            4533340000.0,
            4533360000.0,
            4533380000.0,
            4533400000.0,
            4533420000.0,
            4533440000.0,
            4533460000.0,
            4533480000.0,
            4533500000.0,
            4533520000.0,
            4533540000.0,
            4533560000.0,
            4533580000.0,
            4533600000.0,
            4533620000.0,
            4533640000.0,
            4533660000.0,
            4533680000.0,
            4533700000.0,
            4533720000.0,
            4533740000.0,
            4533760000.0,
            4533780000.0,
            4533800000.0,
            4533820000.0,
            4533840000.0,
            4533860000.0,
            4533880000.0,
            4533900000.0,
            4533920000.0,
            4533940000.0,
            4533960000.0,
            4533980000.0,
            4534000000.0
        ],
        "y_data": [
            0.2803209959424928,
            0.1312056636495528,
            0.14893534145853307,
            0.05641238997140679,
            0.11204322779411117,
            0.029390381661906287,
            0.071935526043766,
            0.017700207568263626,
            -0.027221842157455142,
            0.10364418496775817,
            0.08336762314981452,
            0.20577405920181246,
            0.12481964557367556,
            0.1396588449567767,
            0.14915215155347136,
            0.16847940017798074,
            0.07467923260958152,
            0.13034743173767005,
            -0.10685426312573208,
            0.07535183473935769,
            0.10287959810683259,
            0.14080362313533853,
            0.052860293965570335,
            0.1434715782948615,
            0.1653941547314468,
            0.2786751114644292,
            0.24291217143819477,
            0.2301960655975988,
            0.24679735061186525,
            0.2996457397033315,
            0.3430130780158931,
            0.5509776397195117,
            0.4639068709393762,
            0.44650784129950216,
            0.5644370181339919,
            0.5693709111903988,
            0.8321458599848273,
            0.8010660643119053,
            0.596342651673829,
            0.6596426697082434,
            0.7918763948646664,
            0.45386127512335434,
            0.45277059227378635,
            0.24963736805565712,
            0.32899910278413486,
            0.22178574985730146,
            0.3215664667737939,
            0.13675167565916313,
            0.39937502985764967,
            0.2957624215399406,
            0.09617675553114216,
            0.07466400547688647,
            0.09402136041197517,
            0.24465569559804057,
            0.3477763382795486,
            0.15421368580482633,
            -0.018691778590801473,
            0.11802897591586095,
            0.08538942006026626,
            -0.024015038560616028,
            0.2655770786418432,
            0.15711680430568042,
            0.19557300224475074,
            0.31668458611216727,
            0.030258632343522017,
            0.019843799621864854,
            0.07053722579787546,
            -0.05271798163086093,
            0.23702174581097082,
            0.07912983424185387,
            0.01574290284916907,
            0.014175038333176414,
            0.06786481983055068,
            -0.016714043855652394,
            -0.01919221569374648,
            -0.019594560362683384,
            0.37771064959003026,
            0.014783227040893384,
            -0.016294163771118645,
            0.20123481882117242,
            -0.05324475918699873,
            -0.15320741468780683,
            0.10664568358179433,
            0.13537294102190217,
            0.18779333199650516,
            0.053609767395569996,
            0.15086249603022203,
            -0.009212758689881076,
            -0.0006858205519753201,
            0.17297541539272623,
            0.07861578991394726,
            -0.007481601994743789,
            0.04133367781183369,
            -0.04732146552911849,
            0.2397747149612604,
            0.055224581152868116,
            -0.09608349866026739,
            0.0017938143402066488,
            -0.0813385258510271,
            0.15299021367298457,
            -0.004982776846760377
        ]
    }
}