{
    "meta_data": {
        "type": "1d",
        "plot_properties": {
            "x_label": "Qubit Frequency [MHz]",
            "y_label": "Amplitude [a.u.]",
            "title": "Qubit Spectroscopy Experiment"
        },
        "experiment_properties": {
            "qubit": "q1",
            "repetitions": 1000
        },
        "qubit_parameters": {
            "qb_freq": 4723300000,
            "drive_amp": 0.5,
            "drive_len": 4e-05,
            "pi_amp": 0.1250089846812596,
            "pi_len": 4e-08,
            "res_freq": 5250000000.0,
            "res_amp": 0.35,
            "res_len": 2e-06,
            "qb_amp_spec": 1.0,
            "qb_lo": 4600000000.0,
            "res_lo": 5600000000.0,
            "flux_bias": -0.019,
            "anharmnonicity": 190300000,
            "w125": 4628150000.0,
            "ro_delay": 1e-07,
            "ro_int_delay": 4e-08,
            "angle": -2.7369100144220284,
            "ge": [
                0.00011656060279059207,
                0.00029401170412310417
            ]
        }
    },
    "data": {
        "x_data": [
            4722800000.0,
            4722810000.0,
            4722820000.0,
            4722830000.0,
            4722840000.0,
            4722850000.0,
            4722860000.0,
            4722870000.0,
            4722880000.0,
            4722890000.0,
            4722900000.0,
            4722910000.0,
            4722920000.0,
            4722930000.0,
            4722940000.0,
            4722950000.0,
            4722960000.0,
            4722970000.0,
            4722980000.0,
            4722990000.0,
            4723000000.0,
            4723010000.0,
            4723020000.0,
            4723030000.0,
            4723040000.0,
            4723050000.0,
            4723060000.0,
            4723070000.0,
            4723080000.0,
            4723090000.0,
            4723100000.0,
            4723110000.0,
            4723120000.0,
            4723130000.0,
            4723140000.0,
            4723150000.0,
            4723160000.0,
            4723170000.0,
            4723180000.0,
            4723190000.0,
            4723200000.0,
            4723210000.0,
            4723220000.0,
            4723230000.0,
            4723240000.0,
            4723250000.0,
            4723260000.0,
            4723270000.0,
            4723280000.0,
            4723290000.0,
            4723300000.0,
            4723310000.0,
            4723320000.0,
            4723330000.0,
            4723340000.0,
            4723350000.0,
            4723360000.0,
            4723370000.0,
            4723380000.0,
            4723390000.0,
            4723400000.0,
            4723410000.0,
            4723420000.0,
            4723430000.0,
            4723440000.0,
            4723450000.0,
            4723460000.0,
            4723470000.0,
            4723480000.0,
            4723490000.0,
            4723500000.0,
            4723510000.0,
            4723520000.0,
            4723530000.0,
            4723540000.0,
            4723550000.0,
            4723560000.0,
            4723570000.0,
            4723580000.0,
            4723590000.0,
            4723600000.0,
            4723610000.0,
            4723620000.0,
            4723630000.0,
            4723640000.0,
            4723650000.0,
            4723660000.0,
            4723670000.0,
            4723680000.0,
            4723690000.0,
            4723700000.0,
            4723710000.0,
            4723720000.0,
            4723730000.0,
            4723740000.0,
            4723750000.0,
            4723760000.0,
            4723770000.0,
            4723780000.0,
            4723790000.0,
            4723800000.0
        ],
        "y_data": [
            0.2059018473312752,
            0.1584221584876975,
            0.3208897344123467,
            0.3024302145489096,
            0.31464510112346417,
            0.35667674548395617,
            0.29805261158838564,
            0.31038909018993827,
            0.24301238491019897,
            0.39854750985977977,
            0.3372405906690224,
            0.367115152089448,
            0.44058673751671446,
            0.23781922106671471,
            0.3910645983700248,
            0.4143262349248869,
            0.34981840649526524,
            0.5213116263946754,
            0.36732470353191865,
            0.47754438439144087,
            0.37422423416809425,
            0.3682810904564482,
            0.42901370638422404,
            0.4152197496692282,
            0.3992560300779284,
            0.38595487959673264,
            0.4388173840646786,
            0.41874890362885375,
            0.3820142189369903,
            0.4604478738349964,
            0.4523475413798279,
            0.4038467189301124,
            0.20502016184705812,
            0.3019916213980403,
            0.45180902536256234,
            0.273567708764954,
            0.33903646196672893,
            0.3019598064274266,
            0.21784997169443646,
            0.2504841904054939,
            0.25758223851299045,
            0.1820396436446976,
            0.19761649154058966,
            0.2945905799424006,
            0.1851916661139688,
            0.25883210147380187,
            0.1700673948841908,
            0.20588184494170342,
            0.20223997374319844,
            0.12427455716968253,
            0.09171854591787262,
            0.2527600447551929,
            0.1773344168801618,
            0.20965126449497465,
            -0.013762927566082082,
            0.09368931596900727,
            0.02259988409522468,
            0.1357858101181625,
            0.14196686160771455,
            0.0896337390849984,
            0.11176069008258299,
            0.006168764682395248,
            0.0550470442436421,
            0.02270756804191901,
            -0.01059203006158154,
            0.04792701083111793,
            0.002603454641890537,
            -0.0055332059919619946,
            -0.032667808497143604,
            -0.00177675290897876,
            0.0027405309224795447,
            0.0027923551059259896,
            0.047917105730590916,
            -0.04900811295977909,
            -0.02967364747769601,
            0.0778215776736758,
            -0.11024594701215312,
            -0.007935955937793183,
            -0.02260122147333093,
            0.017567982339023864,
            -0.045717762141528624,
            -0.04073046214702373,
            -0.05201451263500992,
            -0.049477922908716,
            -0.052938222962691524,
            -0.10023028160598688,
            -0.08518732166106363,
            0.005656069780039734,
            -0.09624463632379333,
            -0.09144211478554995,
            -0.0745872424354192,
            -0.0969020199915745,
            -0.06379005284649644,
            -0.09322746651017086,
            -0.1570525313946448,
            -0.13376573065327724,
            -0.11347674630389386,
            -0.15936080874332506,
            -0.19083927811138027,
            0.028478445262596196,
            -0.22717096281422253
        ]
    }
}