{
    "meta_data": {
        "type": "1d",
        "plot_properties": {
            "x_label": "Qubit Frequency [MHz]",
            "y_label": "Amplitude [a.u.]",
            "title": "Qubit Spectroscopy Experiment"
        },
        "experiment_properties": {
            "qubit": "q3",
            "repetitions": 1000
        },
        "qubit_parameters": {
            "qb_freq": 4533000000,
            "drive_amp": 0.5,
            "drive_len": 4e-05,
            "pi_amp": 0.12311032872520918,
            "pi_len": 4e-08,
            "res_freq": 6155000000.0,
            "res_amp": 0.4,
            "res_len": 2e-06,
            "qb_amp_spec": 1.0,
            "qb_lo": 4600000000.0,
            "res_lo": 5600000000.0,
            "flux_bias": -0.8327,
            "anharmnonicity": 209100000.0,
            "w125": 4428450000.0,
            "ro_delay": 2e-08,
            "ro_int_delay": 4e-08,
            "angle": -7.852623448891259,
            "ge": [
                -0.0003101590383918415,
                -0.00021195280752536226
            ]
        }
    },
    "data": {
        "x_data": [
            4528000000.0,
            4528100000.0,
            4528200000.0,
            4528300000.0,
            4528400000.0,
            4528500000.0,
            4528600000.0,
            4528700000.0,
            4528800000.0,
            4528900000.0,
            4529000000.0,
            4529100000.0,
            4529200000.0,
            4529300000.0,
            4529400000.0,
            4529500000.0,
            4529600000.0,
            4529700000.0,
            4529800000.0,
            4529900000.0,
            4530000000.0,
            4530100000.0,
            4530200000.0,
            4530300000.0,
            4530400000.0,
            4530500000.0,
            4530600000.0,
            4530700000.0,
            4530800000.0,
            4530900000.0,
            4531000000.0,
            4531100000.0,
            4531200000.0,
            4531300000.0,
            4531400000.0,
            4531500000.0,
            4531600000.0,
            4531700000.0,
            4531800000.0,
            4531900000.0,
            4532000000.0,
            4532100000.0,
            4532200000.0,
            4532300000.0,
            4532400000.0,
            4532500000.0,
            4532600000.0,
            4532700000.0,
            4532800000.0,
            4532900000.0,
            4533000000.0,
            4533100000.0,
            4533200000.0,
            4533300000.0,
            4533400000.0,
            4533500000.0,
            4533600000.0,
            4533700000.0,
            4533800000.0,
            4533900000.0,
            4534000000.0,
            4534100000.0,
            4534200000.0,
            4534300000.0,
            4534400000.0,
            4534500000.0,
            4534600000.0,
            4534700000.0,
            4534800000.0,
            4534900000.0,
            4535000000.0,
            4535100000.0,
            4535200000.0,
            4535300000.0,
            4535400000.0,
            4535500000.0,
            4535600000.0,
            4535700000.0,
            4535800000.0,
            4535900000.0,
            4536000000.0,
            4536100000.0,
            4536200000.0,
            4536300000.0,
            4536400000.0,
            4536500000.0,
            4536600000.0,
            4536700000.0,
            4536800000.0,
            4536900000.0,
            4537000000.0,
            4537100000.0,
            4537200000.0,
            4537300000.0,
            4537400000.0,
            4537500000.0,
            4537600000.0,
            4537700000.0,
            4537800000.0,
            4537900000.0,
            4538000000.0
        ],
        "y_data": [
            0.28257688013717264,
            0.46046844450990543,
            0.3653939157335665,
            0.5314887030697322,
            0.5016098515094735,
            0.4232587953671385,
            0.43688369821416867,
            0.36338886517583213,
            0.5232616321141933,
            0.35774683476207386,
            0.3630838403168339,
            0.45038883063147894,
            0.4410300907633875,
            0.4539405129272641,
            0.38310470534987867,
            0.5624107231541591,
            0.5425911397051746,
            0.3602824581862,
            0.569681980051867,
            0.6595919477600469,
            0.439336589217363,
            0.45073814575426857,
            0.5590448137951176,
            0.6522006663160155,
            0.6000996793644914,
            0.3503731846266971,
            0.31400172985634744,
            0.6666783290060561,
            0.653326050123552,
            0.4291273429931292,
            0.4650780649156769,
            0.6569503008610477,
            0.7345118434269228,
            0.647092873253374,
            0.68696903984474,
            0.780286219422039,
            0.742933319064346,
            0.5245880187309703,
            0.6059118905037266,
            0.7797527649692474,
            0.6164699566315998,
            0.6447139404562837,
            0.7145315507468117,
            0.9473167360149908,
            0.6881975504718412,
            0.539599389990407,
            0.6073551995263947,
            0.7924356767427894,
            0.7293054284636019,
            0.7869552103782758,
            0.7482733678538037,
            0.6325485600932155,
            0.7801924962867343,
            0.8021629048657117,
            0.8516862980563767,
            0.8074052324642871,
            0.9130659623917814,
            0.734283936450297,
            0.8450375987562102,
            0.6927135141824984,
            0.8855993171499156,
            0.7134676419240501,
            0.7599925290490459,
            0.8746618604114421,
            0.6945670674072497,
            0.761348280175102,
            0.8721751869687865,
            0.8146838703876764,
            0.7487147094897183,
            0.6873653309219018,
            0.8802933672470111,
            0.5029300215162764,
            0.8018022092917622,
            0.6161509971413408,
            0.7368198735817137,
            0.6230145359340991,
            0.4714563430518549,
            0.7728365171871366,
            0.7730001449919847,
            0.6634231288676826,
            0.6578681981187072,
            0.6283974119332594,
            0.5442923722865426,
            0.5598188331082202,
            0.4638264796789662,
            0.5424818688803797,
            0.5030120600824368,
            0.5689780222619529,
            0.6415514284931367,
            0.456057934395375,
            0.5337383596952306,
            0.25748492236971904,
            0.5150906346244503,
            0.43555923356825793,
            0.42913584596759186,
            0.31287710497387133,
            0.6300092927328772,
            0.4331872742513521,
            0.3384263911199461,
            0.40394546425012934,
            0.3829773114220303
        ]
    }
}