{
    "meta_data": {
        "type": "1d",
        "plot_properties": {
            "x_label": "Qubit Frequency [MHz]",
            "y_label": "Amplitude [a.u.]",
            "title": "Qubit Spectroscopy Experiment"
        },
        "experiment_properties": {
            "qubit": "q3",
            "repetitions": 1000
        },
        "qubit_parameters": {
            "qb_freq": 4533000000,
            "drive_amp": 0.5,
            "drive_len": 4e-05,
            "pi_amp": 0.12311032872520918,
            "pi_len": 4e-08,
            "res_freq": 6155000000.0,
            "res_amp": 0.4,
            "res_len": 2e-06,
            "qb_amp_spec": 1.0,
            "qb_lo": 4600000000.0,
            "res_lo": 5600000000.0,
            "flux_bias": -0.83678,
            "anharmnonicity": 209100000.0,
            "w125": 4428450000.0,
            "ro_delay": 2e-08,
            "ro_int_delay": 4e-08,
            "angle": -7.852623448891259,
            "ge": [
                -0.0003101590383918415,
                -0.00021195280752536226
            ]
        }
    },
    "data": {
        "x_data": [
            4418450000.0,
            4418650000.0,
            4418850000.0,
            4419050000.0,
            4419250000.0,
            4419450000.0,
            4419650000.0,
            4419850000.0,
            4420050000.0,
            4420250000.0,
            4420450000.0,
            4420650000.0,
            4420850000.0,
            4421050000.0,
            4421250000.0,
            4421450000.0,
            4421650000.0,
            4421850000.0,
            4422050000.0,
            4422250000.0,
            4422450000.0,
            4422650000.0,
            4422850000.0,
            4423050000.0,
            4423250000.0,
            4423450000.0,
            4423650000.0,
            4423850000.0,
            4424050000.0,
            4424250000.0,
            4424450000.0,
            4424650000.0,
            4424850000.0,
            4425050000.0,
            4425250000.0,
            4425450000.0,
            4425650000.0,
            4425850000.0,
            4426050000.0,
            4426250000.0,
            4426450000.0,
            4426650000.0,
            4426850000.0,
            4427050000.0,
            4427250000.0,
            4427450000.0,
            4427650000.0,
            4427850000.0,
            4428050000.0,
            4428250000.0,
            4428450000.0,
            4428650000.0,
            4428850000.0,
            4429050000.0,
            4429250000.0,
            4429450000.0,
            4429650000.0,
            4429850000.0,
            4430050000.0,
            4430250000.0,
            4430450000.0,
            4430650000.0,
            4430850000.0,
            4431050000.0,
            4431250000.0,
            4431450000.0,
            4431650000.0,
            4431850000.0,
            4432050000.0,
            4432250000.0,
            4432450000.0,
            4432650000.0,
            4432850000.0,
            4433050000.0,
            4433250000.0,
            4433450000.0,
            4433650000.0,
            4433850000.0,
            4434050000.0,
            4434250000.0,
            4434450000.0,
            4434650000.0,
            4434850000.0,
            4435050000.0,
            4435250000.0,
            4435450000.0,
            4435650000.0,
            4435850000.0,
            4436050000.0,
            4436250000.0,
            4436450000.0,
            4436650000.0,
            4436850000.0,
            4437050000.0,
            4437250000.0,
            4437450000.0,
            4437650000.0,
            4437850000.0,
            4438050000.0,
            4438250000.0,
            4438450000.0
        ],
        "y_data": [
            0.14249022586077428,
            0.19831042439050062,
            0.1607014621693375,
            -0.02744277770874799,
            0.003865869487423208,
            0.06601436463653043,
            0.183601680663607,
            -0.003818409771254459,
            0.17097795271569938,
            0.07817309481601095,
            -0.0922199467959779,
            0.15494112643479843,
            0.149962143092515,
            0.12593647983012168,
            0.03258308692433532,
            0.1857123211226012,
            0.1997514114312585,
            0.22324090098770938,
            0.13860144658771792,
            0.1331833696167848,
            0.13403232387528485,
            0.10649440269314273,
            0.07523284926281493,
            0.12707670719812045,
            0.14442609642650533,
            -0.025037855838028252,
            0.1631700782641793,
            0.11791806189501818,
            0.07971918612818388,
            0.06427349808429798,
            0.23644496824437528,
            -0.1041949917675816,
            0.05094680620952939,
            0.18826520803700866,
            0.1574465277917249,
            0.0728854036363425,
            0.23039066275055003,
            -0.045412664888773276,
            0.18268473891177794,
            0.23040977218220288,
            0.31027359200432575,
            -0.06282436542639108,
            -0.05094218534722076,
            0.0730610276627741,
            0.1066594257419878,
            0.05871985298725366,
            0.03711292704546787,
            -0.04297463114504953,
            0.27767788667435556,
            0.32724953873152146,
            0.07611031526732592,
            0.1484769959285449,
            0.4125829273570413,
            0.2525371611222424,
            0.051638587635900714,
            0.2488181844820327,
            -0.008214742782076803,
            0.047861226507192524,
            0.06434104446955942,
            0.23712356916989374,
            -0.10163957259148657,
            0.01584362001317055,
            0.029171735214903117,
            0.12703474576574328,
            0.17023767748483462,
            0.0384136972016419,
            0.07893137465350736,
            0.08003239134999908,
            0.21699119420914478,
            0.03861055811571771,
            0.19338661037946347,
            0.07971627851366872,
            0.3222300707099572,
            0.09204683124477221,
            0.11163385005430347,
            0.07731250598974684,
            0.2164127905702617,
            0.16096126797178037,
            0.05696320586238968,
            0.18189729868022614,
            -0.18119323042649166,
            0.14108423704646622,
            0.2631016767432309,
            0.23431350597768896,
            0.1661022612660299,
            0.005551227657953686,
            0.06423635116839409,
            0.002408886799603737,
            0.20136572791455512,
            0.1362732261495181,
            0.11976089701566188,
            0.18345055388879883,
            0.1475394515531562,
            0.07651169210132579,
            0.18716373036888687,
            -0.009270773305155099,
            0.12867305811695898,
            0.20051967853076869,
            0.1626334367371029,
            0.1930919474503562,
            0.1617760692326445
        ]
    }
}