{
    "meta_data": {
        "type": "1d",
        "plot_properties": {
            "x_label": "Qubit Frequency [MHz]",
            "y_label": "Amplitude [a.u.]",
            "title": "Qubit Spectroscopy Experiment"
        },
        "experiment_properties": {
            "qubit": "q1",
            "repetitions": 1000
        },
        "qubit_parameters": {
            "qb_freq": 4723300000,
            "drive_amp": 0.5,
            "drive_len": 4e-05,
            "pi_amp": 0.1250089846812596,
            "pi_len": 4e-08,
            "res_freq": 5250000000.0,
            "res_amp": 0.35,
            "res_len": 2e-06,
            "qb_amp_spec": 1.0,
            "qb_lo": 4600000000.0,
            "res_lo": 5600000000.0,
            "flux_bias": -0.0183,
            "anharmnonicity": 190300000,
            "w125": 4628150000.0,
            "ro_delay": 1e-07,
            "ro_int_delay": 4e-08,
            "angle": -2.7369100144220284,
            "ge": [
                0.00011656060279059207,
                0.00029401170412310417
            ]
        }
    },
    "data": {
        "x_data": [
            4722800000.0,
            4722810000.0,
            4722820000.0,
            4722830000.0,
            4722840000.0,
            4722850000.0,
            4722860000.0,
            4722870000.0,
            4722880000.0,
            4722890000.0,
            4722900000.0,
            4722910000.0,
            4722920000.0,
            4722930000.0,
            4722940000.0,
            4722950000.0,
            4722960000.0,
            4722970000.0,
            4722980000.0,
            4722990000.0,
            4723000000.0,
            4723010000.0,
            4723020000.0,
            4723030000.0,
            4723040000.0,
            4723050000.0,
            4723060000.0,
            4723070000.0,
            4723080000.0,
            4723090000.0,
            4723100000.0,
            4723110000.0,
            4723120000.0,
            4723130000.0,
            4723140000.0,
            4723150000.0,
            4723160000.0,
            4723170000.0,
            4723180000.0,
            4723190000.0,
            4723200000.0,
            4723210000.0,
            4723220000.0,
            4723230000.0,
            4723240000.0,
            4723250000.0,
            4723260000.0,
            4723270000.0,
            4723280000.0,
            4723290000.0,
            4723300000.0,
            4723310000.0,
            4723320000.0,
            4723330000.0,
            4723340000.0,
            4723350000.0,
            4723360000.0,
            4723370000.0,
            4723380000.0,
            4723390000.0,
            4723400000.0,
            4723410000.0,
            4723420000.0,
            4723430000.0,
            4723440000.0,
            4723450000.0,
            4723460000.0,
            4723470000.0,
            4723480000.0,
            4723490000.0,
            4723500000.0,
            4723510000.0,
            4723520000.0,
            4723530000.0,
            4723540000.0,
            4723550000.0,
            4723560000.0,
            4723570000.0,
            4723580000.0,
            4723590000.0,
            4723600000.0,
            4723610000.0,
            4723620000.0,
            4723630000.0,
            4723640000.0,
            4723650000.0,
            4723660000.0,
            4723670000.0,
            4723680000.0,
            4723690000.0,
            4723700000.0,
            4723710000.0,
            4723720000.0,
            4723730000.0,
            4723740000.0,
            4723750000.0,
            4723760000.0,
            4723770000.0,
            4723780000.0,
            4723790000.0,
            4723800000.0
        ],
        "y_data": [
            -0.11802933899465923,
            -0.10752933085180229,
            -0.1312372643982537,
            -0.076635627838376,
            -0.06297151247290697,
            0.023791363823434695,
            -0.17278935936289566,
            -0.13230111465070574,
            -0.18386787503470986,
            -0.016572944313469378,
            -0.07032624597253492,
            -0.16458282436680613,
            -0.05038843363802596,
            -0.05576220237647056,
            -0.12338302232719002,
            -0.14815294034328463,
            -0.1194778926618066,
            0.03827321820839785,
            -0.07144779978498046,
            -0.046449344602729814,
            -0.14556332781403156,
            0.0212987007350694,
            -0.12172071522601659,
            0.011829084984434156,
            -0.03240746735340551,
            0.01624671243574465,
            -0.022317165706976186,
            0.09238782480396768,
            0.07973780902070277,
            0.023603066459856097,
            -0.012241872581219174,
            0.05423808600289305,
            0.09365868331789388,
            0.0428918304980148,
            0.06242350186902984,
            0.06223592473855514,
            0.21205937145881765,
            0.2144203346171787,
            0.17795744125912286,
            0.1370172688487523,
            0.2468375118405562,
            0.2514764475920812,
            0.21687071623165227,
            0.39783096889834557,
            0.3682574687059949,
            0.37494259466579066,
            0.24581059097189473,
            0.18804772167762898,
            0.2689746442807378,
            0.15720159726303753,
            0.2767772698987448,
            0.3198468455967048,
            0.32467827653359305,
            0.22258450095326393,
            0.26665004986155666,
            0.24502211995131742,
            0.27922457915042587,
            0.163879808226897,
            0.11696217072306563,
            0.22086752133625367,
            0.17292909555910432,
            0.09399400982541549,
            0.10408240437039988,
            0.1583646512859922,
            0.08399491508761651,
            0.19821646732301998,
            -0.002104287631527645,
            -0.024762541701378617,
            0.011538041061622593,
            0.01039136021153694,
            -0.07169513579328492,
            -0.03767822077194838,
            0.0409111371509905,
            -0.03797075860984512,
            -0.024974336859502625,
            0.04052496104913305,
            -0.02897992084749882,
            -0.04736076320482061,
            0.05127609514270031,
            0.023367869032840567,
            -0.12689980040767257,
            -0.13404983835222944,
            -0.0942523119702833,
            -0.10335921378102134,
            -0.060966039695482595,
            -0.0587569850708076,
            0.057760893950734395,
            -0.15730609931464704,
            -0.10948643201583758,
            -0.11289946241307286,
            -0.07899227490509507,
            -0.12289610684203868,
            -0.07149836166514507,
            -0.13689144641889828,
            -0.09681922237303561,
            -0.16018320463844005,
            -0.07231439790195382,
            -0.10110636974177745,
            -0.12802418852691647,
            -0.17319588849412548,
            -0.0402997093020939
        ]
    }
}