{
    "meta_data": {
        "type": "1d",
        "plot_properties": {
            "x_label": "Qubit Frequency [MHz]",
            "y_label": "Amplitude [a.u.]",
            "title": "Qubit Spectroscopy Experiment"
        },
        "experiment_properties": {
            "qubit": "q3",
            "repetitions": 1000
        },
        "qubit_parameters": {
            "qb_freq": 4533000000,
            "drive_amp": 0.5,
            "drive_len": 4e-05,
            "pi_amp": 0.12311032872520918,
            "pi_len": 4e-08,
            "res_freq": 6155000000.0,
            "res_amp": 0.4,
            "res_len": 2e-06,
            "qb_amp_spec": 1.0,
            "qb_lo": 4600000000.0,
            "res_lo": 5600000000.0,
            "flux_bias": -0.83678,
            "anharmnonicity": 209100000.0,
            "w125": 4428800000,
            "ro_delay": 2e-08,
            "ro_int_delay": 4e-08,
            "angle": -7.852623448891259,
            "ge": [
                -0.0003101590383918415,
                -0.00021195280752536226
            ]
        }
    },
    "data": {
        "x_data": [
            4428300000.0,
            4428310000.0,
            4428320000.0,
            4428330000.0,
            4428340000.0,
            4428350000.0,
            4428360000.0,
            4428370000.0,
            4428380000.0,
            4428390000.0,
            4428400000.0,
            4428410000.0,
            4428420000.0,
            4428430000.0,
            4428440000.0,
            4428450000.0,
            4428460000.0,
            4428470000.0,
            4428480000.0,
            4428490000.0,
            4428500000.0,
            4428510000.0,
            4428520000.0,
            4428530000.0,
            4428540000.0,
            4428550000.0,
            4428560000.0,
            4428570000.0,
            4428580000.0,
            4428590000.0,
            4428600000.0,
            4428610000.0,
            4428620000.0,
            4428630000.0,
            4428640000.0,
            4428650000.0,
            4428660000.0,
            4428670000.0,
            4428680000.0,
            4428690000.0,
            4428700000.0,
            4428710000.0,
            4428720000.0,
            4428730000.0,
            4428740000.0,
            4428750000.0,
            4428760000.0,
            4428770000.0,
            4428780000.0,
            4428790000.0,
            4428800000.0,
            4428810000.0,
            4428820000.0,
            4428830000.0,
            4428840000.0,
            4428850000.0,
            4428860000.0,
            4428870000.0,
            4428880000.0,
            4428890000.0,
            4428900000.0,
            4428910000.0,
            4428920000.0,
            4428930000.0,
            4428940000.0,
            4428950000.0,
            4428960000.0,
            4428970000.0,
            4428980000.0,
            4428990000.0,
            4429000000.0,
            4429010000.0,
            4429020000.0,
            4429030000.0,
            4429040000.0,
            4429050000.0,
            4429060000.0,
            4429070000.0,
            4429080000.0,
            4429090000.0,
            4429100000.0,
            4429110000.0,
            4429120000.0,
            4429130000.0,
            4429140000.0,
            4429150000.0,
            4429160000.0,
            4429170000.0,
            4429180000.0,
            4429190000.0,
            4429200000.0,
            4429210000.0,
            4429220000.0,
            4429230000.0,
            4429240000.0,
            4429250000.0,
            4429260000.0,
            4429270000.0,
            4429280000.0,
            4429290000.0,
            4429300000.0
        ],
        "y_data": [
            0.2769576661067172,
            0.014690552564675394,
            0.24584446129231055,
            0.012058786075424772,
            0.04536909537962314,
            0.1200226138297658,
            0.3617395333423259,
            0.2888592083642437,
            0.23866892895502245,
            0.1817995788592452,
            0.0734099585283804,
            0.12150503352117963,
            0.30140982333486,
            0.2529644578498793,
            0.2729667600417032,
            0.2610501961366062,
            0.2747250483077634,
            0.18472334656028624,
            0.05104564181473839,
            0.4264281993013703,
            0.047115540168042674,
            0.1961949653053308,
            -0.014598907382128799,
            0.12735098463295041,
            0.2047194184431278,
            0.15136353657448332,
            0.33596498207337994,
            0.21270603413042213,
            0.2802245994457146,
            0.33411613993758865,
            0.14990879298957316,
            0.18000896161850582,
            0.29692294193391083,
            0.30323590456833144,
            0.199399157186234,
            0.1203647725906105,
            0.24864959626627292,
            0.22993173295785715,
            0.2758359077417315,
            0.23340434046793107,
            0.3935537033982799,
            0.43461341704669737,
            0.23019327031495143,
            0.2598119379801369,
            0.5734565397333743,
            0.33138542688116257,
            0.43488556497068426,
            0.49833713513411476,
            0.5834427434988356,
            0.5294355594034976,
            0.6197967525820933,
            0.8196041548492204,
            0.8100582036485121,
            0.7825780765276102,
            0.9805720842128689,
            1.0257931579469928,
            0.9645506775357304,
            0.8240351360768298,
            1.1319143183935416,
            0.9028066051951223,
            0.8915058904831937,
            0.6650522279508543,
            0.86999018007324,
            0.7438611659117463,
            0.5905465916654001,
            0.6727835907011195,
            0.5145513601479746,
            0.5810972951877761,
            0.6410688103752608,
            0.2585624884188229,
            0.45854554211039816,
            0.25365373235772815,
            0.333101655766936,
            0.32154766762468023,
            0.217110065983919,
            0.22012678351124548,
            0.33420509307819735,
            0.29040240370605813,
            0.25682490140918124,
            0.3725241269566873,
            0.3681602736096351,
            0.1769875240978636,
            0.3097804640072683,
            0.21228941440986762,
            0.12362883941211746,
            0.20164362805213445,
            0.11101364046678797,
            0.1999120172348716,
            0.16103928519404978,
            0.2997343051620044,
            0.1930852719236028,
            0.27615260621066795,
            0.09692138704665171,
            0.3283841906031353,
            0.19653597403442724,
            0.26878322331638205,
            0.04393446536367481,
            0.2836979994434199,
            0.054076611790318405,
            0.2324804108519594,
            0.22121542931827617
        ]
    }
}