{
    "meta_data": {
        "type": "1d",
        "plot_properties": {
            "x_label": "Qubit Frequency [MHz]",
            "y_label": "Amplitude [a.u.]",
            "title": "Qubit Spectroscopy Experiment"
        },
        "experiment_properties": {
            "qubit": "q4",
            "repetitions": 1000
        },
        "qubit_parameters": {
            "qb_freq": 4323900000.0,
            "drive_amp": 0.2,
            "drive_len": 4e-05,
            "pi_amp": 0.10453792597888534,
            "pi_len": 4e-08,
            "res_freq": 5834500000.0,
            "res_amp": 0.4,
            "res_len": 2e-06,
            "qb_amp_spec": 1.0,
            "qb_lo": 4600000000.0,
            "res_lo": 5600000000.0,
            "flux_bias": -0.7765,
            "anharmnonicity": 208390000.0,
            "w125": 4326260000.0,
            "ro_delay": 2e-08,
            "ro_int_delay": 4e-08,
            "angle": -1.5830180388973587,
            "ge": [
                -0.0004302658396780563,
                -0.0002857599351221882
            ]
        }
    },
    "data": {
        "x_data": [
            4323650000.0,
            4323655000.0,
            4323660000.0,
            4323665000.0,
            4323670000.0,
            4323675000.0,
            4323680000.0,
            4323685000.0,
            4323690000.0,
            4323695000.0,
            4323700000.0,
            4323705000.0,
            4323710000.0,
            4323715000.0,
            4323720000.0,
            4323725000.0,
            4323730000.0,
            4323735000.0,
            4323740000.0,
            4323745000.0,
            4323750000.0,
            4323755000.0,
            4323760000.0,
            4323765000.0,
            4323770000.0,
            4323775000.0,
            4323780000.0,
            4323785000.0,
            4323790000.0,
            4323795000.0,
            4323800000.0,
            4323805000.0,
            4323810000.0,
            4323815000.0,
            4323820000.0,
            4323825000.0,
            4323830000.0,
            4323835000.0,
            4323840000.0,
            4323845000.0,
            4323850000.0,
            4323855000.0,
            4323860000.0,
            4323865000.0,
            4323870000.0,
            4323875000.0,
            4323880000.0,
            4323885000.0,
            4323890000.0,
            4323895000.0,
            4323900000.0,
            4323905000.0,
            4323910000.0,
            4323915000.0,
            4323920000.0,
            4323925000.0,
            4323930000.0,
            4323935000.0,
            4323940000.0,
            4323945000.0,
            4323950000.0,
            4323955000.0,
            4323960000.0,
            4323965000.0,
            4323970000.0,
            4323975000.0,
            4323980000.0,
            4323985000.0,
            4323990000.0,
            4323995000.0,
            4324000000.0,
            4324005000.0,
            4324010000.0,
            4324015000.0,
            4324020000.0,
            4324025000.0,
            4324030000.0,
            4324035000.0,
            4324040000.0,
            4324045000.0,
            4324050000.0,
            4324055000.0,
            4324060000.0,
            4324065000.0,
            4324070000.0,
            4324075000.0,
            4324080000.0,
            4324085000.0,
            4324090000.0,
            4324095000.0,
            4324100000.0,
            4324105000.0,
            4324110000.0,
            4324115000.0,
            4324120000.0,
            4324125000.0,
            4324130000.0,
            4324135000.0,
            4324140000.0,
            4324145000.0,
            4324150000.0
        ],
        "y_data": [
            0.03513181728792596,
            0.0893119706235138,
            0.024893267979673395,
            -0.01267126674594337,
            0.01861228794426482,
            0.017149970138655497,
            0.10430479153044049,
            0.11619082965450392,
            0.16806264859500772,
            0.1215405144293605,
            0.09128485910059583,
            0.1043142093724462,
            0.12488782876670507,
            0.21214681059732518,
            0.06155265554868061,
            0.13632949109891887,
            0.20508376471325973,
            0.03780568935647034,
            0.26356141546590245,
            0.11200631049860023,
            0.30583656605202436,
            0.39365769790372457,
            0.10049212398675553,
            0.15397158838756297,
            0.1320718416922942,
            0.2588776729464815,
            0.3384861849627186,
            0.21313944006597926,
            0.4512497251815192,
            0.3781259671487088,
            0.29152908493385676,
            0.435961900335309,
            0.24124534401561132,
            0.22981567137085004,
            0.3261999546533437,
            0.28373725345992995,
            0.3553129825736248,
            0.3577216896959776,
            0.39929643809063076,
            0.4011312512844322,
            0.47659572382836757,
            0.39445331702876635,
            0.5461340504783719,
            0.5227277786308443,
            0.3807505803472028,
            0.501232337677125,
            0.42295252620382146,
            0.4169656624137111,
            0.33084209937644526,
            0.5020656174638639,
            0.367574305781765,
            0.47523882980793575,
            0.6167693308891857,
            0.26119432801801096,
            0.5129175000087816,
            0.6659843883303639,
            0.43331156775136204,
            0.49252105539647306,
            0.5939683527592802,
            0.46949568247122875,
            0.5243730926662153,
            0.5565437096682447,
            0.4931305948701713,
            0.469086409925893,
            0.5447552904184794,
            0.43069376889594396,
            0.5597847064750258,
            0.3518043890884142,
            0.4529085049807068,
            0.6274169688732807,
            0.4522377802564707,
            0.44504029039524773,
            0.41201261392781,
            0.3768892232306587,
            0.12280998525528107,
            0.3159796880241441,
            0.3855577737755328,
            0.282528786342516,
            0.11586063262867562,
            0.3517000261603904,
            0.27120492989301515,
            0.39403816624554816,
            0.35157676284491385,
            0.17095624657023353,
            0.2694457512989851,
            0.14420724036497265,
            0.20124691623646615,
            0.24588682960149078,
            0.19959019018969676,
            0.02634332983618413,
            0.23895680235688901,
            0.11023362424643858,
            0.19645344785121288,
            0.15657599781991632,
            0.19948897445571212,
            0.23223012965166367,
            0.2389045857482018,
            0.1683449166625397,
            0.07500909555253117,
            0.17785707766673214,
            0.06107827179000247
        ]
    }
}