{
    "meta_data": {
        "type": "1d",
        "plot_properties": {
            "x_label": "Qubit Frequency [MHz]",
            "y_label": "Amplitude [a.u.]",
            "title": "Qubit Spectroscopy Experiment"
        },
        "experiment_properties": {
            "qubit": "q3",
            "repetitions": 1000
        },
        "qubit_parameters": {
            "qb_freq": 4533000000,
            "drive_amp": 0.5,
            "drive_len": 4e-05,
            "pi_amp": 0.12311032872520918,
            "pi_len": 4e-08,
            "res_freq": 6155000000.0,
            "res_amp": 0.4,
            "res_len": 2e-06,
            "qb_amp_spec": 1.0,
            "qb_lo": 4600000000.0,
            "res_lo": 5600000000.0,
            "flux_bias": -0.8327,
            "anharmnonicity": 209100000.0,
            "w125": 4428450000.0,
            "ro_delay": 2e-08,
            "ro_int_delay": 4e-08,
            "angle": -7.852623448891259,
            "ge": [
                -0.0003101590383918415,
                -0.00021195280752536226
            ]
        }
    },
    "data": {
        "x_data": [
            4528000000.0,
            4528100000.0,
            4528200000.0,
            4528300000.0,
            4528400000.0,
            4528500000.0,
            4528600000.0,
            4528700000.0,
            4528800000.0,
            4528900000.0,
            4529000000.0,
            4529100000.0,
            4529200000.0,
            4529300000.0,
            4529400000.0,
            4529500000.0,
            4529600000.0,
            4529700000.0,
            4529800000.0,
            4529900000.0,
            4530000000.0,
            4530100000.0,
            4530200000.0,
            4530300000.0,
            4530400000.0,
            4530500000.0,
            4530600000.0,
            4530700000.0,
            4530800000.0,
            4530900000.0,
            4531000000.0,
            4531100000.0,
            4531200000.0,
            4531300000.0,
            4531400000.0,
            4531500000.0,
            4531600000.0,
            4531700000.0,
            4531800000.0,
            4531900000.0,
            4532000000.0,
            4532100000.0,
            4532200000.0,
            4532300000.0,
            4532400000.0,
            4532500000.0,
            4532600000.0,
            4532700000.0,
            4532800000.0,
            4532900000.0,
            4533000000.0,
            4533100000.0,
            4533200000.0,
            4533300000.0,
            4533400000.0,
            4533500000.0,
            4533600000.0,
            4533700000.0,
            4533800000.0,
            4533900000.0,
            4534000000.0,
            4534100000.0,
            4534200000.0,
            4534300000.0,
            4534400000.0,
            4534500000.0,
            4534600000.0,
            4534700000.0,
            4534800000.0,
            4534900000.0,
            4535000000.0,
            4535100000.0,
            4535200000.0,
            4535300000.0,
            4535400000.0,
            4535500000.0,
            4535600000.0,
            4535700000.0,
            4535800000.0,
            4535900000.0,
            4536000000.0,
            4536100000.0,
            4536200000.0,
            4536300000.0,
            4536400000.0,
            4536500000.0,
            4536600000.0,
            4536700000.0,
            4536800000.0,
            4536900000.0,
            4537000000.0,
            4537100000.0,
            4537200000.0,
            4537300000.0,
            4537400000.0,
            4537500000.0,
            4537600000.0,
            4537700000.0,
            4537800000.0,
            4537900000.0,
            4538000000.0
        ],
        "y_data": [
            0.040339749003161396,
            0.006016384334877516,
            -0.00832580543715931,
            -0.013103403082919922,
            0.13075759648550495,
            0.013392324944444794,
            -0.04980205250237901,
            -0.09588766517181505,
            0.17624588170596878,
            0.01213705330459541,
            -0.13783046073320337,
            0.08223915843530721,
            0.13281541630822835,
            0.1969543855852694,
            0.0996900758089856,
            0.031086892195107473,
            0.2990270301572262,
            0.06961724081134844,
            0.01517934140084791,
            0.22276416453905457,
            0.17870544686601517,
            0.21717456776458166,
            0.10918708798743056,
            0.25452469064833816,
            0.017321277929293586,
            0.15960256881913423,
            0.19555808059994045,
            0.16764372916289585,
            0.089208429599012,
            -0.04868504084377552,
            -0.0943662307047127,
            0.07258239527136857,
            0.14785399037343167,
            0.19281532748510372,
            0.17150010891138084,
            0.16905631678951108,
            -0.028496239667766803,
            0.24853991652607954,
            0.05412170002134429,
            0.0302397605896639,
            0.21866282460344005,
            0.06371708957316974,
            0.13868288102761156,
            -0.060156632190803236,
            0.023959592696204735,
            0.20872770170019223,
            0.22400562826346998,
            0.0887328801694278,
            0.22908251088374457,
            0.1660147663848569,
            0.3011914214151555,
            0.2795087618757874,
            0.22350813028275987,
            0.4778249907851856,
            0.3201722303387214,
            0.6190155563585333,
            0.7218933142526714,
            0.8278911877340657,
            0.7098739625784661,
            0.7681774577452977,
            0.6893918580999256,
            0.6361802137748064,
            0.6220362808457925,
            0.34234722127781264,
            0.2767471835837209,
            0.2885862830215346,
            0.15112654647039284,
            0.17765698025037951,
            0.1782793371574489,
            0.22833771361023378,
            0.253561991468927,
            0.2916387433164126,
            0.15706389325595502,
            -0.059705969749629446,
            0.08977580348134809,
            0.21019216336160337,
            -0.0010974449291466708,
            0.258468837888262,
            -0.07162982084220086,
            0.23899152553199005,
            -0.056341241930055456,
            0.1413233881691184,
            0.07600977619043275,
            0.11639462120814793,
            0.015070203456433754,
            0.04257628197869184,
            0.2265369125267117,
            -0.05789440398537136,
            0.04117095414153473,
            -0.13357513503974508,
            0.33524054906068373,
            0.15557090409467383,
            0.2555091274141475,
            -0.023091365116099126,
            0.14389570712682498,
            -0.048593902711340245,
            0.10177561968474189,
            0.1239054299245014,
            0.10968712439438175,
            -0.03665188604878928,
            0.02755376452113789
        ]
    }
}