{
    "meta_data": {
        "type": "1d",
        "plot_properties": {
            "x_label": "Qubit Frequency [MHz]",
            "y_label": "Amplitude [a.u.]",
            "title": "Qubit Spectroscopy Experiment"
        },
        "experiment_properties": {
            "qubit": "q1",
            "repetitions": 1000
        },
        "qubit_parameters": {
            "qb_freq": 4723300000,
            "drive_amp": 0.5,
            "drive_len": 4e-05,
            "pi_amp": 0.1250089846812596,
            "pi_len": 4e-08,
            "res_freq": 5250000000.0,
            "res_amp": 0.35,
            "res_len": 2e-06,
            "qb_amp_spec": 1.0,
            "qb_lo": 4600000000.0,
            "res_lo": 5600000000.0,
            "flux_bias": -0.0183,
            "anharmnonicity": 190300000,
            "w125": 4628150000.0,
            "ro_delay": 1e-07,
            "ro_int_delay": 4e-08,
            "angle": -2.7369100144220284,
            "ge": [
                0.00011656060279059207,
                0.00029401170412310417
            ]
        }
    },
    "data": {
        "x_data": [
            4722800000.0,
            4722810000.0,
            4722820000.0,
            4722830000.0,
            4722840000.0,
            4722850000.0,
            4722860000.0,
            4722870000.0,
            4722880000.0,
            4722890000.0,
            4722900000.0,
            4722910000.0,
            4722920000.0,
            4722930000.0,
            4722940000.0,
            4722950000.0,
            4722960000.0,
            4722970000.0,
            4722980000.0,
            4722990000.0,
            4723000000.0,
            4723010000.0,
            4723020000.0,
            4723030000.0,
            4723040000.0,
            4723050000.0,
            4723060000.0,
            4723070000.0,
            4723080000.0,
            4723090000.0,
            4723100000.0,
            4723110000.0,
            4723120000.0,
            4723130000.0,
            4723140000.0,
            4723150000.0,
            4723160000.0,
            4723170000.0,
            4723180000.0,
            4723190000.0,
            4723200000.0,
            4723210000.0,
            4723220000.0,
            4723230000.0,
            4723240000.0,
            4723250000.0,
            4723260000.0,
            4723270000.0,
            4723280000.0,
            4723290000.0,
            4723300000.0,
            4723310000.0,
            4723320000.0,
            4723330000.0,
            4723340000.0,
            4723350000.0,
            4723360000.0,
            4723370000.0,
            4723380000.0,
            4723390000.0,
            4723400000.0,
            4723410000.0,
            4723420000.0,
            4723430000.0,
            4723440000.0,
            4723450000.0,
            4723460000.0,
            4723470000.0,
            4723480000.0,
            4723490000.0,
            4723500000.0,
            4723510000.0,
            4723520000.0,
            4723530000.0,
            4723540000.0,
            4723550000.0,
            4723560000.0,
            4723570000.0,
            4723580000.0,
            4723590000.0,
            4723600000.0,
            4723610000.0,
            4723620000.0,
            4723630000.0,
            4723640000.0,
            4723650000.0,
            4723660000.0,
            4723670000.0,
            4723680000.0,
            4723690000.0,
            4723700000.0,
            4723710000.0,
            4723720000.0,
            4723730000.0,
            4723740000.0,
            4723750000.0,
            4723760000.0,
            4723770000.0,
            4723780000.0,
            4723790000.0,
            4723800000.0
        ],
        "y_data": [
            -0.10121936862970755,
            -0.12112968511780513,
            -0.10592497218987763,
            -0.1341099255047264,
            -0.126335707396612,
            -0.21110494131286373,
            -0.1291950051464494,
            -0.11813792816064395,
            -0.11140426645012558,
            -0.05844877268615258,
            -0.12543251840540695,
            -0.06734333044532752,
            -0.12248177796536512,
            -0.07757093695158877,
            -0.0694476859209182,
            -0.14292731748916387,
            -0.05792826590811166,
            -0.16541186990881915,
            0.010791843554465741,
            -0.03890837474341024,
            -0.095736231736316,
            -0.13909789872764827,
            -0.051958139610908054,
            -0.08490789964705649,
            0.009398542380338718,
            -0.08946607528158616,
            -0.1305292252200044,
            -0.02623593355478457,
            -0.11567305090728192,
            -0.10644508094436125,
            0.07234684514246502,
            0.058605558695277706,
            0.03345411083898499,
            -0.03058310628760443,
            0.015585459599916012,
            0.0474734337991299,
            0.09420394602399151,
            0.11220388666019568,
            0.1259513439888021,
            0.09559305165075407,
            -0.01997907032872997,
            0.19602566567961477,
            0.07595500715729353,
            0.17230892140788406,
            0.20231329081967128,
            0.2855341467605938,
            0.2801614227392197,
            0.25565802622503353,
            0.2182807048277235,
            0.15175933473549497,
            0.2866167659086598,
            0.24309855397780358,
            0.2382330211406621,
            0.14870338036923458,
            0.2641569125565531,
            0.2663091009869851,
            0.12393574056416819,
            0.16196029944017776,
            0.1463699714340735,
            0.19504710922201135,
            0.018622938849854567,
            0.04478741882707782,
            -0.01112774020230288,
            0.03193877488403599,
            0.013716897828536878,
            0.07483141698051451,
            0.09939597000382155,
            -0.008386682742040718,
            0.10478176663509906,
            0.012455958440729635,
            -0.07679413370729243,
            -0.15196947148108345,
            -0.0736512487216878,
            -0.05510261706981217,
            -0.07454336318124735,
            -0.07274877503567578,
            -0.05928497696614698,
            -0.07020226656233286,
            -0.16008072570266563,
            -0.13637027513105154,
            -0.11790578186849794,
            -0.11694468386132979,
            -0.12769400903259653,
            0.025625349098852307,
            -0.12019626642695476,
            -0.08375281367664981,
            -0.18128952126514888,
            -0.17639401839134947,
            -0.04229450898306054,
            -0.09886162377611034,
            -0.11555558771131857,
            -0.1149964392900505,
            -0.13474837613955987,
            -0.1949654499698,
            -0.1974930219985647,
            -0.1413584538099431,
            -0.20404648745164158,
            -0.1057534585320372,
            -0.11108300154628005,
            -0.11837812969145053,
            -0.20995532077450452
        ]
    }
}