{
    "meta_data": {
        "type": "1d",
        "plot_properties": {
            "x_label": "Qubit Frequency [MHz]",
            "y_label": "Amplitude [a.u.]",
            "title": "Qubit Spectroscopy Experiment"
        },
        "experiment_properties": {
            "qubit": "q3",
            "repetitions": 1000
        },
        "qubit_parameters": {
            "qb_freq": 4533000000,
            "drive_amp": 0.5,
            "drive_len": 4e-05,
            "pi_amp": 0.12311032872520918,
            "pi_len": 4e-08,
            "res_freq": 6155000000.0,
            "res_amp": 0.4,
            "res_len": 2e-06,
            "qb_amp_spec": 1.0,
            "qb_lo": 4600000000.0,
            "res_lo": 5600000000.0,
            "flux_bias": -0.83678,
            "anharmnonicity": 209100000.0,
            "w125": 4428450000.0,
            "ro_delay": 2e-08,
            "ro_int_delay": 4e-08,
            "angle": -7.852623448891259,
            "ge": [
                -0.0003101590383918415,
                -0.00021195280752536226
            ]
        }
    },
    "data": {
        "x_data": [
            4418450000.0,
            4418650000.0,
            4418850000.0,
            4419050000.0,
            4419250000.0,
            4419450000.0,
            4419650000.0,
            4419850000.0,
            4420050000.0,
            4420250000.0,
            4420450000.0,
            4420650000.0,
            4420850000.0,
            4421050000.0,
            4421250000.0,
            4421450000.0,
            4421650000.0,
            4421850000.0,
            4422050000.0,
            4422250000.0,
            4422450000.0,
            4422650000.0,
            4422850000.0,
            4423050000.0,
            4423250000.0,
            4423450000.0,
            4423650000.0,
            4423850000.0,
            4424050000.0,
            4424250000.0,
            4424450000.0,
            4424650000.0,
            4424850000.0,
            4425050000.0,
            4425250000.0,
            4425450000.0,
            4425650000.0,
            4425850000.0,
            4426050000.0,
            4426250000.0,
            4426450000.0,
            4426650000.0,
            4426850000.0,
            4427050000.0,
            4427250000.0,
            4427450000.0,
            4427650000.0,
            4427850000.0,
            4428050000.0,
            4428250000.0,
            4428450000.0,
            4428650000.0,
            4428850000.0,
            4429050000.0,
            4429250000.0,
            4429450000.0,
            4429650000.0,
            4429850000.0,
            4430050000.0,
            4430250000.0,
            4430450000.0,
            4430650000.0,
            4430850000.0,
            4431050000.0,
            4431250000.0,
            4431450000.0,
            4431650000.0,
            4431850000.0,
            4432050000.0,
            4432250000.0,
            4432450000.0,
            4432650000.0,
            4432850000.0,
            4433050000.0,
            4433250000.0,
            4433450000.0,
            4433650000.0,
            4433850000.0,
            4434050000.0,
            4434250000.0,
            4434450000.0,
            4434650000.0,
            4434850000.0,
            4435050000.0,
            4435250000.0,
            4435450000.0,
            4435650000.0,
            4435850000.0,
            4436050000.0,
            4436250000.0,
            4436450000.0,
            4436650000.0,
            4436850000.0,
            4437050000.0,
            4437250000.0,
            4437450000.0,
            4437650000.0,
            4437850000.0,
            4438050000.0,
            4438250000.0,
            4438450000.0
        ],
        "y_data": [
            0.030093417508560767,
            -0.012819868543219612,
            0.1834151720901167,
            0.008425474813828228,
            0.1767518121112488,
            0.09418380325260353,
            0.012347517333931015,
            0.043992273808873855,
            0.1808714237841577,
            0.002314498577445122,
            -0.11059184986874088,
            0.08549218454106089,
            0.11360914294122022,
            0.18473419891467535,
            0.027046473804331724,
            -0.10303270351658803,
            0.0027066135119207615,
            0.1668235421369123,
            0.16502967754625117,
            -0.09140023238578054,
            0.09504629350122262,
            0.07667884740081554,
            0.10819107076493986,
            -0.114250485802064,
            0.23830818406464296,
            0.18062235115473052,
            0.15221500391605933,
            0.13254666162860199,
            0.13675904778048903,
            0.20262466609398017,
            0.27248063360779734,
            0.25234837645851993,
            0.12479241263009118,
            0.13677387010748845,
            0.11167725604710792,
            0.09864804772725903,
            0.1171055168608243,
            0.17293233612127037,
            -0.01297346113952497,
            0.13792250044718968,
            0.2070403181312823,
            0.211374737104113,
            0.1251941696115714,
            0.15980313052030756,
            0.2782229010353155,
            0.12441527756121036,
            0.2332989204343748,
            0.3386581564222645,
            0.20822709883924712,
            0.44173383210897016,
            0.43628770162385405,
            0.6428191676004559,
            0.9777356696082649,
            0.7655275695228946,
            0.26677702409680076,
            0.32441273576003143,
            0.19137016224680883,
            0.09007096779415971,
            0.12462198189771242,
            0.12284360403595475,
            0.1290356934704866,
            0.13309434524133248,
            0.027292388127390987,
            0.2198616166018968,
            0.1111284128133231,
            0.1809071973744774,
            0.0979740010370556,
            -0.07825149268390731,
            0.12674379321303905,
            -0.011938528459156088,
            0.2467727999341095,
            0.09910276644479545,
            0.23944803881961624,
            0.10356904453723569,
            0.14483106651038655,
            0.05108007975174779,
            0.00022894579733317928,
            0.14800317805361213,
            0.0827874954907349,
            -0.10195073666106272,
            0.03418255025786374,
            -0.055044828058526195,
            0.001860635362977964,
            0.11827658960090147,
            0.03284682639701712,
            0.06509309262817212,
            -0.02277300427250378,
            0.1011013031240747,
            0.18610207092329073,
            -0.05900098110933939,
            0.21035051567834837,
            0.2422134411898543,
            -0.018342499770383824,
            0.26972185265322945,
            0.0869183259665054,
            0.26344059431870787,
            0.2506487007694469,
            -0.02718791450850524,
            0.05420526123227946,
            0.08052941671492243,
            0.18733282750280592
        ]
    }
}