{
    "meta_data": {
        "type": "1d",
        "plot_properties": {
            "x_label": "Qubit Frequency [MHz]",
            "y_label": "Amplitude [a.u.]",
            "title": "Qubit Spectroscopy Experiment"
        },
        "experiment_properties": {
            "qubit": "q3",
            "repetitions": 1000
        },
        "qubit_parameters": {
            "qb_freq": 4533000000,
            "drive_amp": 0.5,
            "drive_len": 4e-05,
            "pi_amp": 0.12311032872520918,
            "pi_len": 4e-08,
            "res_freq": 6155000000.0,
            "res_amp": 0.4,
            "res_len": 2e-06,
            "qb_amp_spec": 1.0,
            "qb_lo": 4600000000.0,
            "res_lo": 5600000000.0,
            "flux_bias": -0.83678,
            "anharmnonicity": 209100000.0,
            "w125": 4428890000.0,
            "ro_delay": 2e-08,
            "ro_int_delay": 4e-08,
            "angle": -7.852623448891259,
            "ge": [
                -0.0003101590383918415,
                -0.00021195280752536226
            ]
        }
    },
    "data": {
        "x_data": [
            4428390000.0,
            4428400000.0,
            4428410000.0,
            4428420000.0,
            4428430000.0,
            4428440000.0,
            4428450000.0,
            4428460000.0,
            4428470000.0,
            4428480000.0,
            4428490000.0,
            4428500000.0,
            4428510000.0,
            4428520000.0,
            4428530000.0,
            4428540000.0,
            4428550000.0,
            4428560000.0,
            4428570000.0,
            4428580000.0,
            4428590000.0,
            4428600000.0,
            4428610000.0,
            4428620000.0,
            4428630000.0,
            4428640000.0,
            4428650000.0,
            4428660000.0,
            4428670000.0,
            4428680000.0,
            4428690000.0,
            4428700000.0,
            4428710000.0,
            4428720000.0,
            4428730000.0,
            4428740000.0,
            4428750000.0,
            4428760000.0,
            4428770000.0,
            4428780000.0,
            4428790000.0,
            4428800000.0,
            4428810000.0,
            4428820000.0,
            4428830000.0,
            4428840000.0,
            4428850000.0,
            4428860000.0,
            4428870000.0,
            4428880000.0,
            4428890000.0,
            4428900000.0,
            4428910000.0,
            4428920000.0,
            4428930000.0,
            4428940000.0,
            4428950000.0,
            4428960000.0,
            4428970000.0,
            4428980000.0,
            4428990000.0,
            4429000000.0,
            4429010000.0,
            4429020000.0,
            4429030000.0,
            4429040000.0,
            4429050000.0,
            4429060000.0,
            4429070000.0,
            4429080000.0,
            4429090000.0,
            4429100000.0,
            4429110000.0,
            4429120000.0,
            4429130000.0,
            4429140000.0,
            4429150000.0,
            4429160000.0,
            4429170000.0,
            4429180000.0,
            4429190000.0,
            4429200000.0,
            4429210000.0,
            4429220000.0,
            4429230000.0,
            4429240000.0,
            4429250000.0,
            4429260000.0,
            4429270000.0,
            4429280000.0,
            4429290000.0,
            4429300000.0,
            4429310000.0,
            4429320000.0,
            4429330000.0,
            4429340000.0,
            4429350000.0,
            4429360000.0,
            4429370000.0,
            4429380000.0,
            4429390000.0
        ],
        "y_data": [
            0.16954508165241874,
            0.10043898826459448,
            0.031760462844772186,
            0.006435661663045381,
            0.13366005126940594,
            -0.15472408326991546,
            0.1263199760335144,
            0.17512066297148246,
            0.13429114951368304,
            0.20172095210458277,
            0.14235954280102905,
            0.034887972471767045,
            0.08072280082068758,
            0.28387677287186375,
            0.24411747868500738,
            0.0804546372532693,
            0.0026820724234705015,
            0.10383874787318864,
            0.17215217759759038,
            -0.06032226484551868,
            0.19133754696285643,
            0.1418307946425449,
            -0.009046254778236779,
            0.0894819179709625,
            0.1796015168087723,
            -0.064372001301752,
            0.12007389469750132,
            -0.14121402605911526,
            0.03106692178078224,
            0.011863771787670285,
            0.2775224577259853,
            0.07424013692608068,
            0.1736475339475088,
            0.17317984021424468,
            0.15329068566656914,
            0.19852057197274353,
            0.03262095029837423,
            0.14106040967634884,
            0.22740458031552407,
            0.16794943143785562,
            0.3136730118775133,
            0.2878297299440369,
            0.41910460739723693,
            0.20723435636469445,
            0.20571205406541523,
            0.4429990499138081,
            0.612595078427233,
            0.4229339631120141,
            0.5451870846575751,
            0.5154403620873903,
            0.48046764387634555,
            0.2470083365734176,
            0.48348195311801007,
            0.34788472277850546,
            0.25139219937696855,
            0.16443296449780206,
            0.13876795460906458,
            0.145993646550257,
            0.3138535702867408,
            0.25751727668756336,
            0.15778572619687253,
            0.20011864143217545,
            0.27643297353964524,
            0.18960822730473498,
            0.01856955622539663,
            0.004050773222089259,
            0.23430927024431725,
            -0.07994551479224778,
            0.17321169109353288,
            0.15173285361931732,
            0.042147710558331275,
            0.025124039910909415,
            0.14304857483643102,
            0.24721660054201686,
            0.10799448999558425,
            0.07471118006687902,
            0.13996865967403355,
            0.14910964147581102,
            0.1728027887093146,
            0.06434221641972082,
            -0.09509155209809814,
            -0.0016182120453849286,
            0.0951026217685723,
            0.00988670282432547,
            0.01732195397535375,
            0.0033229408004795792,
            0.1814544337145868,
            0.18513812513412256,
            0.05856808852360845,
            0.06755136254698249,
            0.05323657421633229,
            0.011211710635915648,
            0.117400831177777,
            0.037264033271763135,
            0.09433744722019004,
            0.3059986006994766,
            0.20068541940764956,
            0.2014715280955923,
            0.1895041052522163,
            0.28695611199096177,
            0.1341744195788596
        ]
    }
}