{
    "meta_data": {
        "type": "1d",
        "plot_properties": {
            "x_label": "Qubit Frequency [MHz]",
            "y_label": "Amplitude [a.u.]",
            "title": "Qubit Spectroscopy Experiment"
        },
        "experiment_properties": {
            "qubit": "q4",
            "repetitions": 1000
        },
        "qubit_parameters": {
            "qb_freq": 4323900000.0,
            "drive_amp": 0.2,
            "drive_len": 4e-05,
            "pi_amp": 0.10453792597888534,
            "pi_len": 4e-08,
            "res_freq": 5834500000.0,
            "res_amp": 0.4,
            "res_len": 2e-06,
            "qb_amp_spec": 1.0,
            "qb_lo": 4600000000.0,
            "res_lo": 5600000000.0,
            "flux_bias": -0.777,
            "anharmnonicity": 208390000.0,
            "w125": 4326260000.0,
            "ro_delay": 2e-08,
            "ro_int_delay": 4e-08,
            "angle": -1.5830180388973587,
            "ge": [
                -0.0004302658396780563,
                -0.0002857599351221882
            ]
        }
    },
    "data": {
        "x_data": [
            4323400000.0,
            4323410000.0,
            4323420000.0,
            4323430000.0,
            4323440000.0,
            4323450000.0,
            4323460000.0,
            4323470000.0,
            4323480000.0,
            4323490000.0,
            4323500000.0,
            4323510000.0,
            4323520000.0,
            4323530000.0,
            4323540000.0,
            4323550000.0,
            4323560000.0,
            4323570000.0,
            4323580000.0,
            4323590000.0,
            4323600000.0,
            4323610000.0,
            4323620000.0,
            4323630000.0,
            4323640000.0,
            4323650000.0,
            4323660000.0,
            4323670000.0,
            4323680000.0,
            4323690000.0,
            4323700000.0,
            4323710000.0,
            4323720000.0,
            4323730000.0,
            4323740000.0,
            4323750000.0,
            4323760000.0,
            4323770000.0,
            4323780000.0,
            4323790000.0,
            4323800000.0,
            4323810000.0,
            4323820000.0,
            4323830000.0,
            4323840000.0,
            4323850000.0,
            4323860000.0,
            4323870000.0,
            4323880000.0,
            4323890000.0,
            4323900000.0,
            4323910000.0,
            4323920000.0,
            4323930000.0,
            4323940000.0,
            4323950000.0,
            4323960000.0,
            4323970000.0,
            4323980000.0,
            4323990000.0,
            4324000000.0,
            4324010000.0,
            4324020000.0,
            4324030000.0,
            4324040000.0,
            4324050000.0,
            4324060000.0,
            4324070000.0,
            4324080000.0,
            4324090000.0,
            4324100000.0,
            4324110000.0,
            4324120000.0,
            4324130000.0,
            4324140000.0,
            4324150000.0,
            4324160000.0,
            4324170000.0,
            4324180000.0,
            4324190000.0,
            4324200000.0,
            4324210000.0,
            4324220000.0,
            4324230000.0,
            4324240000.0,
            4324250000.0,
            4324260000.0,
            4324270000.0,
            4324280000.0,
            4324290000.0,
            4324300000.0,
            4324310000.0,
            4324320000.0,
            4324330000.0,
            4324340000.0,
            4324350000.0,
            4324360000.0,
            4324370000.0,
            4324380000.0,
            4324390000.0,
            4324400000.0
        ],
        "y_data": [
            0.5808874468779346,
            0.6433865589921987,
            0.5760457534812262,
            0.6299456440904917,
            0.4462428220192154,
            0.7442431758399378,
            0.5465537086243887,
            0.578563842005044,
            0.4515414660191584,
            0.7091858184965509,
            0.37576321762438636,
            0.4448556924061767,
            0.4561843937004575,
            0.651767779239815,
            0.6128647285987592,
            0.6231976769704586,
            0.7012844892480621,
            0.47300989212210715,
            0.5723447612854969,
            0.607671641514817,
            0.46174140692321136,
            0.5869689354953002,
            0.4655372683296994,
            0.49887599612102373,
            0.5122146577062121,
            0.676528657678177,
            0.5315974903149593,
            0.650038121707575,
            0.5468348795263608,
            0.5521793582343438,
            0.5709852041831102,
            0.636487102960216,
            0.7733753955459075,
            0.7245811204148643,
            0.6623120406742574,
            0.7052739382326293,
            0.5774302884396908,
            0.5633308800917498,
            0.5778510353724047,
            0.9459930903356353,
            0.6355790995423103,
            0.39417120443569226,
            0.5047152750838474,
            0.4802434180765909,
            0.5926078832918119,
            0.5325343640362961,
            0.6608857575654318,
            0.7045570855401487,
            0.631032431497535,
            0.4235714239364994,
            0.5628754660788903,
            0.7026606448780403,
            0.687254693890354,
            0.5360611857379505,
            0.541700795930131,
            0.7196590122770464,
            0.5575179628938755,
            0.5335987393813072,
            0.6511780706728546,
            0.6026841424027306,
            0.4745240713657113,
            0.5823341455519379,
            0.6425946009647924,
            0.5832292767088223,
            0.5457572665088037,
            0.48242023039024007,
            0.5711726537785536,
            0.5415551610504599,
            0.6367901082481664,
            0.5538175595460176,
            0.586819768924877,
            0.7248244821630678,
            0.7681377082397393,
            0.5209351367199846,
            0.6191519169061545,
            0.6175597523262171,
            0.5717043540805284,
            0.5221274726641656,
            0.5572554498578215,
            0.5412547685712866,
            0.5637870561156497,
            0.4872353567398562,
            0.6881363504390668,
            0.4884520281606189,
            0.7209390204541669,
            0.7100398508649569,
            0.5379980939808584,
            0.5608707155787956,
            0.5978507920261024,
            0.6485434680077018,
            0.5793234096755764,
            0.5553010521348903,
            0.6550056856426286,
            0.5703970815487175,
            0.5188820006135606,
            0.7524248925667089,
            0.4545362801938616,
            0.6716511087992544,
            0.6181065992850234,
            0.6923433808068815,
            0.3962685962999742
        ]
    }
}