{
    "meta_data": {
        "type": "1d",
        "plot_properties": {
            "x_label": "Qubit Frequency [MHz]",
            "y_label": "Amplitude [a.u.]",
            "title": "Qubit Spectroscopy Experiment"
        },
        "experiment_properties": {
            "qubit": "q3",
            "repetitions": 1000
        },
        "qubit_parameters": {
            "qb_freq": 4533000000,
            "drive_amp": 0.5,
            "drive_len": 4e-05,
            "pi_amp": 0.12311032872520918,
            "pi_len": 4e-08,
            "res_freq": 6155000000.0,
            "res_amp": 0.4,
            "res_len": 2e-06,
            "qb_amp_spec": 1.0,
            "qb_lo": 4600000000.0,
            "res_lo": 5600000000.0,
            "flux_bias": -0.83678,
            "anharmnonicity": 209100000.0,
            "w125": 4428450000.0,
            "ro_delay": 2e-08,
            "ro_int_delay": 4e-08,
            "angle": -7.852623448891259,
            "ge": [
                -0.0003101590383918415,
                -0.00021195280752536226
            ]
        }
    },
    "data": {
        "x_data": [
            4425950000.0,
            4426000000.0,
            4426050000.0,
            4426100000.0,
            4426150000.0,
            4426200000.0,
            4426250000.0,
            4426300000.0,
            4426350000.0,
            4426400000.0,
            4426450000.0,
            4426500000.0,
            4426550000.0,
            4426600000.0,
            4426650000.0,
            4426700000.0,
            4426750000.0,
            4426800000.0,
            4426850000.0,
            4426900000.0,
            4426950000.0,
            4427000000.0,
            4427050000.0,
            4427100000.0,
            4427150000.0,
            4427200000.0,
            4427250000.0,
            4427300000.0,
            4427350000.0,
            4427400000.0,
            4427450000.0,
            4427500000.0,
            4427550000.0,
            4427600000.0,
            4427650000.0,
            4427700000.0,
            4427750000.0,
            4427800000.0,
            4427850000.0,
            4427900000.0,
            4427950000.0,
            4428000000.0,
            4428050000.0,
            4428100000.0,
            4428150000.0,
            4428200000.0,
            4428250000.0,
            4428300000.0,
            4428350000.0,
            4428400000.0,
            4428450000.0,
            4428500000.0,
            4428550000.0,
            4428600000.0,
            4428650000.0,
            4428700000.0,
            4428750000.0,
            4428800000.0,
            4428850000.0,
            4428900000.0,
            4428950000.0,
            4429000000.0,
            4429050000.0,
            4429100000.0,
            4429150000.0,
            4429200000.0,
            4429250000.0,
            4429300000.0,
            4429350000.0,
            4429400000.0,
            4429450000.0,
            4429500000.0,
            4429550000.0,
            4429600000.0,
            4429650000.0,
            4429700000.0,
            4429750000.0,
            4429800000.0,
            4429850000.0,
            4429900000.0,
            4429950000.0,
            4430000000.0,
            4430050000.0,
            4430100000.0,
            4430150000.0,
            4430200000.0,
            4430250000.0,
            4430300000.0,
            4430350000.0,
            4430400000.0,
            4430450000.0,
            4430500000.0,
            4430550000.0,
            4430600000.0,
            4430650000.0,
            4430700000.0,
            4430750000.0,
            4430800000.0,
            4430850000.0,
            4430900000.0,
            4430950000.0
        ],
        "y_data": [
            0.07103787455049913,
            0.030089578361479408,
            0.03353418920825568,
            0.19998522405037006,
            0.0034860665366725913,
            0.05162407970114225,
            0.006124075664013223,
            0.14268683197329554,
            0.1161521973924083,
            0.22159330207875527,
            0.1574561725785311,
            0.32171266601531007,
            0.19677719781703823,
            0.0827071871093252,
            0.1551928142049129,
            0.17690249709303843,
            0.17466419694543506,
            0.1189025212641916,
            0.23775710515270082,
            0.1818242555678777,
            0.0504801885333683,
            -0.11030847629238794,
            0.14116022065095032,
            0.4514263065327417,
            0.2970436123884766,
            0.11611999718840743,
            0.07594215309072506,
            0.05849827769227204,
            0.20348110754547657,
            0.16059230299146005,
            0.17385101148260199,
            0.19250450931548774,
            0.15255458589343926,
            0.05830006674092654,
            0.060890317015569906,
            0.13538115905699183,
            0.08317742200863253,
            0.1680699888756032,
            0.07645688853360104,
            0.15908365312387004,
            0.04163866705341097,
            0.2550501414555202,
            0.3401261784559365,
            0.33122358542699876,
            0.3521022933200908,
            0.4692735266277388,
            0.38773085908878857,
            0.21002227100025134,
            0.4779807019331272,
            0.3339627994030368,
            0.4998242200228118,
            0.6283600739161891,
            0.7251975931431934,
            0.6192789184235358,
            0.7499531080610229,
            0.7872944772784646,
            0.8843232113732665,
            1.029688568909976,
            1.0582122433326264,
            0.960127338299911,
            1.038742481869739,
            0.9732741258930991,
            0.7439584638032718,
            0.7529558169824441,
            0.5704808774490244,
            0.3147101672219815,
            0.3395230816696114,
            0.2696437970737369,
            0.3468795820164755,
            0.6082032112931223,
            0.23885230799006302,
            0.22888792263514846,
            0.23263581856686633,
            0.31971801163498803,
            0.1283715970549746,
            0.12742410514469657,
            0.24736293608866566,
            0.05206582203305016,
            0.3452518665331434,
            0.1077626116764471,
            0.07491358702447178,
            0.09484992164174356,
            -0.0026934506329754416,
            0.04789095746494423,
            -0.0941737534732985,
            0.09858490557317211,
            0.10233349809946304,
            -0.030720495592043384,
            0.154085382262826,
            0.14877755080112928,
            0.16294230690773606,
            0.1008277380376774,
            0.05286401667108099,
            0.0858771670868565,
            0.0670221643760751,
            0.20133545379112397,
            0.08315855299457599,
            -0.10106232514890583,
            0.19277784905319847,
            0.1310103781214338,
            0.13623775667718288
        ]
    }
}