{
    "meta_data": {
        "type": "1d",
        "plot_properties": {
            "x_label": "Qubit Frequency [MHz]",
            "y_label": "Amplitude [a.u.]",
            "title": "Qubit Spectroscopy Experiment"
        },
        "experiment_properties": {
            "qubit": "q3",
            "repetitions": 1000
        },
        "qubit_parameters": {
            "qb_freq": 4533000000,
            "drive_amp": 0.5,
            "drive_len": 4e-05,
            "pi_amp": 0.12311032872520918,
            "pi_len": 4e-08,
            "res_freq": 6155000000.0,
            "res_amp": 0.4,
            "res_len": 2e-06,
            "qb_amp_spec": 1.0,
            "qb_lo": 4600000000.0,
            "res_lo": 5600000000.0,
            "flux_bias": -0.83678,
            "anharmnonicity": 209100000.0,
            "w125": 4429000000,
            "ro_delay": 2e-08,
            "ro_int_delay": 4e-08,
            "angle": -7.852623448891259,
            "ge": [
                -0.0003101590383918415,
                -0.00021195280752536226
            ]
        }
    },
    "data": {
        "x_data": [
            4426500000.0,
            4426550000.0,
            4426600000.0,
            4426650000.0,
            4426700000.0,
            4426750000.0,
            4426800000.0,
            4426850000.0,
            4426900000.0,
            4426950000.0,
            4427000000.0,
            4427050000.0,
            4427100000.0,
            4427150000.0,
            4427200000.0,
            4427250000.0,
            4427300000.0,
            4427350000.0,
            4427400000.0,
            4427450000.0,
            4427500000.0,
            4427550000.0,
            4427600000.0,
            4427650000.0,
            4427700000.0,
            4427750000.0,
            4427800000.0,
            4427850000.0,
            4427900000.0,
            4427950000.0,
            4428000000.0,
            4428050000.0,
            4428100000.0,
            4428150000.0,
            4428200000.0,
            4428250000.0,
            4428300000.0,
            4428350000.0,
            4428400000.0,
            4428450000.0,
            4428500000.0,
            4428550000.0,
            4428600000.0,
            4428650000.0,
            4428700000.0,
            4428750000.0,
            4428800000.0,
            4428850000.0,
            4428900000.0,
            4428950000.0,
            4429000000.0,
            4429050000.0,
            4429100000.0,
            4429150000.0,
            4429200000.0,
            4429250000.0,
            4429300000.0,
            4429350000.0,
            4429400000.0,
            4429450000.0,
            4429500000.0,
            4429550000.0,
            4429600000.0,
            4429650000.0,
            4429700000.0,
            4429750000.0,
            4429800000.0,
            4429850000.0,
            4429900000.0,
            4429950000.0,
            4430000000.0,
            4430050000.0,
            4430100000.0,
            4430150000.0,
            4430200000.0,
            4430250000.0,
            4430300000.0,
            4430350000.0,
            4430400000.0,
            4430450000.0,
            4430500000.0,
            4430550000.0,
            4430600000.0,
            4430650000.0,
            4430700000.0,
            4430750000.0,
            4430800000.0,
            4430850000.0,
            4430900000.0,
            4430950000.0,
            4431000000.0,
            4431050000.0,
            4431100000.0,
            4431150000.0,
            4431200000.0,
            4431250000.0,
            4431300000.0,
            4431350000.0,
            4431400000.0,
            4431450000.0,
            4431500000.0
        ],
        "y_data": [
            0.11847551495553081,
            0.19184796858801367,
            0.1458404368412347,
            0.2242282618068444,
            0.18713385625649856,
            0.07416446360413517,
            0.14750934729742807,
            0.014862935405739323,
            0.28881072483400616,
            0.14802113060401223,
            0.07408043799681797,
            0.12215103012195257,
            0.037492324505572466,
            0.15963843008310816,
            0.05588466855359625,
            0.10859075714131303,
            0.07872298396908095,
            0.14999605224780316,
            0.2446705069658337,
            0.17452848566468668,
            0.0878206200536908,
            0.2181164759590695,
            0.14344571114240587,
            0.14279491235426783,
            0.16138915786647764,
            0.12155339307539159,
            0.1877541233798493,
            0.34609306304323345,
            0.2512842381773691,
            0.17081017616618202,
            0.34834708759753447,
            0.08816949338346243,
            0.14383962270182246,
            0.42881164660665116,
            0.37660172856573887,
            0.18117028682921454,
            0.3414434422181251,
            0.19107874940742547,
            0.24820264077674964,
            0.3505677194491603,
            0.3020774821774851,
            0.40493183600086347,
            0.4460589097280294,
            0.5571162502804234,
            0.6832780537032752,
            0.808573355122923,
            0.8515444914018776,
            0.9491475228578193,
            1.0035697204649867,
            0.9257936082769839,
            0.8417794505912468,
            0.8430423881961505,
            0.7580294091009202,
            0.5323260850909556,
            0.5602821931602037,
            0.24399416980143981,
            0.3861855534147426,
            0.2671618477340996,
            0.16986308152714527,
            0.42265881510520514,
            0.46484891886374924,
            0.11512347652736118,
            0.30638593536500025,
            0.27245047387108573,
            0.3333392623264008,
            0.0920349000934785,
            0.18476698680613288,
            0.279715092914313,
            0.27945303020024953,
            0.1986471460149442,
            0.0910553956556134,
            0.08645958864487854,
            0.3483390257311394,
            0.13883911068301794,
            0.11317276308611837,
            0.14978706565651537,
            0.07168949527913604,
            -0.05780771940054001,
            0.08732154120742076,
            0.11535625829609678,
            0.14870421110525067,
            0.14779870186081254,
            0.09299022030205925,
            0.18881793699450325,
            0.19957269074399658,
            0.08026399363411842,
            0.22591346723343167,
            0.12454038169981811,
            0.1123034404571014,
            0.1544216059283172,
            0.07985407957813571,
            0.16748072329302552,
            0.03410269668353003,
            0.14263291952606214,
            0.10792441819813921,
            0.09246018101204143,
            0.1502001736362875,
            0.14956013473423216,
            0.029831945906705893,
            0.09128711232645224,
            -0.03499682255020287
        ]
    }
}