{
    "meta_data": {
        "type": "1d",
        "plot_properties": {
            "x_label": "Qubit Frequency [MHz]",
            "y_label": "Amplitude [a.u.]",
            "title": "Qubit Spectroscopy Experiment"
        },
        "experiment_properties": {
            "qubit": "q1",
            "repetitions": 1000
        },
        "qubit_parameters": {
            "qb_freq": 4723300000,
            "drive_amp": 0.5,
            "drive_len": 4e-05,
            "pi_amp": 0.1250089846812596,
            "pi_len": 4e-08,
            "res_freq": 5250000000.0,
            "res_amp": 0.35,
            "res_len": 2e-06,
            "qb_amp_spec": 1.0,
            "qb_lo": 4600000000.0,
            "res_lo": 5600000000.0,
            "flux_bias": -0.0184,
            "anharmnonicity": 190300000,
            "w125": 4628150000.0,
            "ro_delay": 1e-07,
            "ro_int_delay": 4e-08,
            "angle": -2.7369100144220284,
            "ge": [
                0.00011656060279059207,
                0.00029401170412310417
            ]
        }
    },
    "data": {
        "x_data": [
            4722800000.0,
            4722810000.0,
            4722820000.0,
            4722830000.0,
            4722840000.0,
            4722850000.0,
            4722860000.0,
            4722870000.0,
            4722880000.0,
            4722890000.0,
            4722900000.0,
            4722910000.0,
            4722920000.0,
            4722930000.0,
            4722940000.0,
            4722950000.0,
            4722960000.0,
            4722970000.0,
            4722980000.0,
            4722990000.0,
            4723000000.0,
            4723010000.0,
            4723020000.0,
            4723030000.0,
            4723040000.0,
            4723050000.0,
            4723060000.0,
            4723070000.0,
            4723080000.0,
            4723090000.0,
            4723100000.0,
            4723110000.0,
            4723120000.0,
            4723130000.0,
            4723140000.0,
            4723150000.0,
            4723160000.0,
            4723170000.0,
            4723180000.0,
            4723190000.0,
            4723200000.0,
            4723210000.0,
            4723220000.0,
            4723230000.0,
            4723240000.0,
            4723250000.0,
            4723260000.0,
            4723270000.0,
            4723280000.0,
            4723290000.0,
            4723300000.0,
            4723310000.0,
            4723320000.0,
            4723330000.0,
            4723340000.0,
            4723350000.0,
            4723360000.0,
            4723370000.0,
            4723380000.0,
            4723390000.0,
            4723400000.0,
            4723410000.0,
            4723420000.0,
            4723430000.0,
            4723440000.0,
            4723450000.0,
            4723460000.0,
            4723470000.0,
            4723480000.0,
            4723490000.0,
            4723500000.0,
            4723510000.0,
            4723520000.0,
            4723530000.0,
            4723540000.0,
            4723550000.0,
            4723560000.0,
            4723570000.0,
            4723580000.0,
            4723590000.0,
            4723600000.0,
            4723610000.0,
            4723620000.0,
            4723630000.0,
            4723640000.0,
            4723650000.0,
            4723660000.0,
            4723670000.0,
            4723680000.0,
            4723690000.0,
            4723700000.0,
            4723710000.0,
            4723720000.0,
            4723730000.0,
            4723740000.0,
            4723750000.0,
            4723760000.0,
            4723770000.0,
            4723780000.0,
            4723790000.0,
            4723800000.0
        ],
        "y_data": [
            -0.11364630054862203,
            -0.13338048592654392,
            -0.12532782077260282,
            -0.08672663265975665,
            -0.12619479227357996,
            -0.13281402524392222,
            -0.02382732356497901,
            -0.0705011796004081,
            -0.16210015811392117,
            -0.10549749716371004,
            -0.12657887666687612,
            -0.007173506560184896,
            -0.1122941068684275,
            -0.10539052890127887,
            0.04331825663734126,
            -0.01349512859808947,
            0.032258443144811584,
            -0.059337497501283754,
            -0.10671769827181797,
            -0.1569018574921268,
            -0.00910590827760165,
            -0.11558102634454365,
            0.005505525140410333,
            -0.11003987164208326,
            -0.009239644571939386,
            -0.005326027907103199,
            -0.047549303173234074,
            0.06778269498480452,
            0.021109410207947762,
            0.1332654354925247,
            -0.008412029261242434,
            0.0373356911562956,
            -0.054508055544971935,
            0.10368400477556133,
            0.06733805452935396,
            0.16586642037375401,
            0.1990072343709181,
            0.16499680448007592,
            0.17717609182766147,
            0.18841828312579695,
            0.29048879138617384,
            0.25263934922887393,
            0.3061809531508195,
            0.23565064088898097,
            0.3087525988966941,
            0.1944210799547274,
            0.29299959790456315,
            0.28336172963576717,
            0.2604965188579694,
            0.2080646789116306,
            0.25646072753546106,
            0.1853463422381234,
            0.2853160798884161,
            0.13568534859321862,
            0.16569242608147616,
            0.23258771656162655,
            0.22375166788631107,
            0.05675270027998089,
            0.05710621798035327,
            0.10440554074310515,
            0.08991050760862328,
            0.04383850147797441,
            0.0964855398733874,
            -0.004268607061847484,
            0.00851138160825287,
            -0.032741622155388145,
            0.03600140171292053,
            -0.1297438765994669,
            -0.030718316406314578,
            -0.07341811608925973,
            -0.02853754723097478,
            -0.016177123532212363,
            -0.0035692076482829647,
            -0.07203047860081872,
            -0.025844314006942797,
            -0.019968301327548378,
            -0.1192557697400447,
            -0.09515358172980186,
            -0.08761445036024716,
            -0.10009655706282083,
            -0.0984392597514891,
            -0.18223596707749612,
            -0.06780042638463271,
            -0.16258898904005845,
            -0.13638225260756717,
            -0.07183449180118234,
            -0.0964268458222948,
            -0.18004397932389002,
            -0.10657361336498927,
            -0.1524411612384212,
            -0.11921927211704639,
            -0.10653138571904544,
            -0.0068794259071657945,
            -0.11954878027829954,
            -0.18551488059405874,
            -0.09119953307387052,
            -0.0061864384635750645,
            -0.20257931613783192,
            -0.1755011840777562,
            -0.045372557068383945,
            -0.07078559472517464
        ]
    }
}