{
    "meta_data": {
        "type": "1d",
        "plot_properties": {
            "x_label": "Qubit Frequency [MHz]",
            "y_label": "Amplitude [a.u.]",
            "title": "Qubit Spectroscopy Experiment"
        },
        "experiment_properties": {
            "qubit": "q4",
            "repetitions": 1000
        },
        "qubit_parameters": {
            "qb_freq": 4323900000.0,
            "drive_amp": 0.2,
            "drive_len": 4e-05,
            "pi_amp": 0.10453792597888534,
            "pi_len": 4e-08,
            "res_freq": 5834500000.0,
            "res_amp": 0.4,
            "res_len": 2e-06,
            "qb_amp_spec": 1.0,
            "qb_lo": 4600000000.0,
            "res_lo": 5600000000.0,
            "flux_bias": -0.777,
            "anharmnonicity": 208390000.0,
            "w125": 4326260000.0,
            "ro_delay": 2e-08,
            "ro_int_delay": 4e-08,
            "angle": -1.5830180388973587,
            "ge": [
                -0.0004302658396780563,
                -0.0002857599351221882
            ]
        }
    },
    "data": {
        "x_data": [
            4322900000.0,
            4322920000.0,
            4322940000.0,
            4322960000.0,
            4322980000.0,
            4323000000.0,
            4323020000.0,
            4323040000.0,
            4323060000.0,
            4323080000.0,
            4323100000.0,
            4323120000.0,
            4323140000.0,
            4323160000.0,
            4323180000.0,
            4323200000.0,
            4323220000.0,
            4323240000.0,
            4323260000.0,
            4323280000.0,
            4323300000.0,
            4323320000.0,
            4323340000.0,
            4323360000.0,
            4323380000.0,
            4323400000.0,
            4323420000.0,
            4323440000.0,
            4323460000.0,
            4323480000.0,
            4323500000.0,
            4323520000.0,
            4323540000.0,
            4323560000.0,
            4323580000.0,
            4323600000.0,
            4323620000.0,
            4323640000.0,
            4323660000.0,
            4323680000.0,
            4323700000.0,
            4323720000.0,
            4323740000.0,
            4323760000.0,
            4323780000.0,
            4323800000.0,
            4323820000.0,
            4323840000.0,
            4323860000.0,
            4323880000.0,
            4323900000.0,
            4323920000.0,
            4323940000.0,
            4323960000.0,
            4323980000.0,
            4324000000.0,
            4324020000.0,
            4324040000.0,
            4324060000.0,
            4324080000.0,
            4324100000.0,
            4324120000.0,
            4324140000.0,
            4324160000.0,
            4324180000.0,
            4324200000.0,
            4324220000.0,
            4324240000.0,
            4324260000.0,
            4324280000.0,
            4324300000.0,
            4324320000.0,
            4324340000.0,
            4324360000.0,
            4324380000.0,
            4324400000.0,
            4324420000.0,
            4324440000.0,
            4324460000.0,
            4324480000.0,
            4324500000.0,
            4324520000.0,
            4324540000.0,
            4324560000.0,
            4324580000.0,
            4324600000.0,
            4324620000.0,
            4324640000.0,
            4324660000.0,
            4324680000.0,
            4324700000.0,
            4324720000.0,
            4324740000.0,
            4324760000.0,
            4324780000.0,
            4324800000.0,
            4324820000.0,
            4324840000.0,
            4324860000.0,
            4324880000.0,
            4324900000.0
        ],
        "y_data": [
            0.019329236993669695,
            0.07758660185228733,
            0.1259128774527609,
            -0.019874006430324446,
            0.035624689938785876,
            -0.012344343993576225,
            0.219614395900119,
            0.02185956703632206,
            0.09857678060973248,
            0.03276088207995083,
            -0.03774656155266861,
            0.008563437490676735,
            0.02877398259719575,
            0.13047710619789515,
            0.05397031892422738,
            0.013724143993086118,
            0.18921816512845469,
            0.059733310666951374,
            0.1721229562274392,
            0.031452928532775544,
            0.12413340851100534,
            0.04169769169892324,
            0.07273164843939818,
            0.17483400531108884,
            -0.020430692501747644,
            0.10999601039824898,
            0.024798569139128562,
            0.05866656317272782,
            0.2738567930159361,
            0.0476324775970785,
            0.03492637641166482,
            0.21936930065826055,
            0.2731794894877723,
            0.21457662733400687,
            0.15202213326281352,
            0.2082828504473441,
            0.044979838032853645,
            0.018051295602754674,
            0.35961327666895065,
            0.19847169018269778,
            0.20027413117382872,
            0.44977496429887126,
            0.36897324679867133,
            0.4064462396531222,
            0.3847187810007091,
            0.6703302988177993,
            0.6018180900898675,
            0.5307883463085676,
            0.4267542867953502,
            0.4288808329134202,
            0.6063379467040461,
            0.44924530983594396,
            0.37375600327307873,
            0.29190168971276037,
            0.24456107888382347,
            0.021083088958297816,
            0.39804701788385527,
            0.14045593588991767,
            0.20695660584225276,
            0.09059250108309382,
            0.11111426695272891,
            0.22439273811020594,
            0.10183148383989518,
            -0.021872112492064607,
            0.1668589271724949,
            0.1303486028346003,
            0.09461555675614608,
            0.12761709908441254,
            0.352630389505181,
            0.022155162616430895,
            0.30948164749147056,
            -0.05585518695044198,
            0.07519393187370516,
            0.18770252610072027,
            0.13104519636734593,
            0.10303618558937813,
            0.07055308261592083,
            0.08429654569205268,
            -0.03314777837654681,
            0.19420243418885683,
            0.13847591234550363,
            0.05592053187058546,
            0.05084895878172333,
            0.10403320651322608,
            0.16206716854078485,
            0.2514474843712002,
            -0.005283255039512412,
            0.06045946343186317,
            0.20601872526087947,
            0.14825927712864415,
            0.279844719990662,
            -0.013010156842127994,
            0.13524129092247614,
            0.009503420701169316,
            0.07202380162815913,
            0.1470598750100051,
            0.11736952155128375,
            0.19425804237508698,
            -0.02476231470031612,
            0.05145249666205573,
            -0.034569605326736495
        ]
    }
}