{
    "meta_data": {
        "type": "1d",
        "plot_properties": {
            "x_label": "Qubit Frequency [MHz]",
            "y_label": "Amplitude [a.u.]",
            "title": "Qubit Spectroscopy Experiment"
        },
        "experiment_properties": {
            "qubit": "q3",
            "repetitions": 1000
        },
        "qubit_parameters": {
            "qb_freq": 4533000000,
            "drive_amp": 0.5,
            "drive_len": 4e-05,
            "pi_amp": 0.12311032872520918,
            "pi_len": 4e-08,
            "res_freq": 6155000000.0,
            "res_amp": 0.4,
            "res_len": 2e-06,
            "qb_amp_spec": 1.0,
            "qb_lo": 4600000000.0,
            "res_lo": 5600000000.0,
            "flux_bias": -0.83678,
            "anharmnonicity": 209100000.0,
            "w125": 4428450000.0,
            "ro_delay": 2e-08,
            "ro_int_delay": 4e-08,
            "angle": -7.852623448891259,
            "ge": [
                -0.0003101590383918415,
                -0.00021195280752536226
            ]
        }
    },
    "data": {
        "x_data": [
            4418450000.0,
            4418650000.0,
            4418850000.0,
            4419050000.0,
            4419250000.0,
            4419450000.0,
            4419650000.0,
            4419850000.0,
            4420050000.0,
            4420250000.0,
            4420450000.0,
            4420650000.0,
            4420850000.0,
            4421050000.0,
            4421250000.0,
            4421450000.0,
            4421650000.0,
            4421850000.0,
            4422050000.0,
            4422250000.0,
            4422450000.0,
            4422650000.0,
            4422850000.0,
            4423050000.0,
            4423250000.0,
            4423450000.0,
            4423650000.0,
            4423850000.0,
            4424050000.0,
            4424250000.0,
            4424450000.0,
            4424650000.0,
            4424850000.0,
            4425050000.0,
            4425250000.0,
            4425450000.0,
            4425650000.0,
            4425850000.0,
            4426050000.0,
            4426250000.0,
            4426450000.0,
            4426650000.0,
            4426850000.0,
            4427050000.0,
            4427250000.0,
            4427450000.0,
            4427650000.0,
            4427850000.0,
            4428050000.0,
            4428250000.0,
            4428450000.0,
            4428650000.0,
            4428850000.0,
            4429050000.0,
            4429250000.0,
            4429450000.0,
            4429650000.0,
            4429850000.0,
            4430050000.0,
            4430250000.0,
            4430450000.0,
            4430650000.0,
            4430850000.0,
            4431050000.0,
            4431250000.0,
            4431450000.0,
            4431650000.0,
            4431850000.0,
            4432050000.0,
            4432250000.0,
            4432450000.0,
            4432650000.0,
            4432850000.0,
            4433050000.0,
            4433250000.0,
            4433450000.0,
            4433650000.0,
            4433850000.0,
            4434050000.0,
            4434250000.0,
            4434450000.0,
            4434650000.0,
            4434850000.0,
            4435050000.0,
            4435250000.0,
            4435450000.0,
            4435650000.0,
            4435850000.0,
            4436050000.0,
            4436250000.0,
            4436450000.0,
            4436650000.0,
            4436850000.0,
            4437050000.0,
            4437250000.0,
            4437450000.0,
            4437650000.0,
            4437850000.0,
            4438050000.0,
            4438250000.0,
            4438450000.0
        ],
        "y_data": [
            0.09207262990218633,
            0.12536675314310716,
            0.09997212263638278,
            -0.002301680913509012,
            0.04792174667108819,
            0.11555169999291097,
            0.09276490723265833,
            0.19269064596090238,
            -0.05399696899390918,
            -0.021578257591202826,
            0.1309766867803778,
            -0.05148098857780984,
            0.042089911702437734,
            0.15299050820166357,
            0.07923163362751193,
            -0.16855645965276464,
            0.07509373035374782,
            -0.04908365732759918,
            0.17501336137913318,
            0.09597664863704593,
            0.09402964214745362,
            0.1094538597356035,
            0.054673473473008334,
            -0.07470147207783123,
            0.08676628820764393,
            0.21155138307656546,
            0.10823162051450975,
            -0.037761379691628134,
            -0.11114062529243456,
            0.08430524492459988,
            0.2617716393407373,
            0.10821955990758732,
            0.05943628920384382,
            0.09275525559634824,
            -0.07474653770549304,
            0.019894666094598706,
            0.12314627472037379,
            -0.07868875133039288,
            0.10779765921932631,
            0.06340938107844207,
            0.11204800874801353,
            0.1289378818661491,
            0.11562477735278016,
            0.046321635374466284,
            -0.05168841074234771,
            0.2512036592405447,
            0.10218879889935767,
            0.004641174452456964,
            0.11666866712973725,
            0.07985378641935749,
            0.2724415243089518,
            0.0957638742699579,
            0.6043579017132585,
            0.38136536075747013,
            0.05498986028950536,
            0.30947503091782186,
            0.14638291620070548,
            0.06371771972755245,
            -0.01778866187816625,
            0.17158297489764374,
            0.14537103621153388,
            0.1281786232345088,
            0.027807887289980765,
            0.26799865987657767,
            0.22189174593415772,
            0.15412021815602708,
            0.22991728461378458,
            0.1790503159756557,
            0.1736091383669967,
            0.11229011680161197,
            0.023439758482432918,
            0.15800475416125742,
            0.10775907938715237,
            0.125826540493721,
            -0.0019343050181538895,
            0.06659323267179558,
            0.01922157765002736,
            0.23785755929574248,
            0.21467470902642016,
            -0.11542704020031895,
            0.07746097104723874,
            0.009487162342391033,
            0.02704055035313543,
            0.08980581595372022,
            -0.08383798252329402,
            0.010287690606488748,
            -0.014408264447928294,
            0.07773684099178531,
            0.147705618469196,
            0.1687873182675359,
            0.22805192421376458,
            0.35441885590221206,
            0.03595824037418966,
            0.2198914023556816,
            -0.03142389857212076,
            0.010804878171854052,
            0.291745320916172,
            0.07210555950490345,
            0.3052728635411892,
            0.2175344681110982,
            0.2878296532295901
        ]
    }
}