{
    "meta_data": {
        "type": "1d",
        "plot_properties": {
            "x_label": "Qubit Frequency [MHz]",
            "y_label": "Amplitude [a.u.]",
            "title": "Qubit Spectroscopy Experiment"
        },
        "experiment_properties": {
            "qubit": "q4",
            "repetitions": 1000
        },
        "qubit_parameters": {
            "qb_freq": 4323900000.0,
            "drive_amp": 0.2,
            "drive_len": 4e-05,
            "pi_amp": 0.10453792597888534,
            "pi_len": 4e-08,
            "res_freq": 5834500000.0,
            "res_amp": 0.4,
            "res_len": 2e-06,
            "qb_amp_spec": 1.0,
            "qb_lo": 4600000000.0,
            "res_lo": 5600000000.0,
            "flux_bias": -0.777,
            "anharmnonicity": 208390000.0,
            "w125": 4326260000.0,
            "ro_delay": 2e-08,
            "ro_int_delay": 4e-08,
            "angle": -1.5830180388973587,
            "ge": [
                -0.0004302658396780563,
                -0.0002857599351221882
            ]
        }
    },
    "data": {
        "x_data": [
            4323400000.0,
            4323410000.0,
            4323420000.0,
            4323430000.0,
            4323440000.0,
            4323450000.0,
            4323460000.0,
            4323470000.0,
            4323480000.0,
            4323490000.0,
            4323500000.0,
            4323510000.0,
            4323520000.0,
            4323530000.0,
            4323540000.0,
            4323550000.0,
            4323560000.0,
            4323570000.0,
            4323580000.0,
            4323590000.0,
            4323600000.0,
            4323610000.0,
            4323620000.0,
            4323630000.0,
            4323640000.0,
            4323650000.0,
            4323660000.0,
            4323670000.0,
            4323680000.0,
            4323690000.0,
            4323700000.0,
            4323710000.0,
            4323720000.0,
            4323730000.0,
            4323740000.0,
            4323750000.0,
            4323760000.0,
            4323770000.0,
            4323780000.0,
            4323790000.0,
            4323800000.0,
            4323810000.0,
            4323820000.0,
            4323830000.0,
            4323840000.0,
            4323850000.0,
            4323860000.0,
            4323870000.0,
            4323880000.0,
            4323890000.0,
            4323900000.0,
            4323910000.0,
            4323920000.0,
            4323930000.0,
            4323940000.0,
            4323950000.0,
            4323960000.0,
            4323970000.0,
            4323980000.0,
            4323990000.0,
            4324000000.0,
            4324010000.0,
            4324020000.0,
            4324030000.0,
            4324040000.0,
            4324050000.0,
            4324060000.0,
            4324070000.0,
            4324080000.0,
            4324090000.0,
            4324100000.0,
            4324110000.0,
            4324120000.0,
            4324130000.0,
            4324140000.0,
            4324150000.0,
            4324160000.0,
            4324170000.0,
            4324180000.0,
            4324190000.0,
            4324200000.0,
            4324210000.0,
            4324220000.0,
            4324230000.0,
            4324240000.0,
            4324250000.0,
            4324260000.0,
            4324270000.0,
            4324280000.0,
            4324290000.0,
            4324300000.0,
            4324310000.0,
            4324320000.0,
            4324330000.0,
            4324340000.0,
            4324350000.0,
            4324360000.0,
            4324370000.0,
            4324380000.0,
            4324390000.0,
            4324400000.0
        ],
        "y_data": [
            0.06863338874703426,
            0.09608212171430834,
            0.14083559892990907,
            0.016217849094606156,
            0.06481151190193425,
            0.06628441640093652,
            -0.027109060596319543,
            0.08737114526215567,
            -0.1313506552360547,
            0.014547995696986745,
            -0.06814632308410032,
            0.07463737055424209,
            0.09250958959108196,
            0.06630166568688696,
            0.20344047184583963,
            -0.03289507186864287,
            0.1940469341289948,
            0.16865068185486165,
            0.1764533053043251,
            0.09794737392089052,
            0.10462430643693597,
            -0.1650583425353877,
            0.17329480445512238,
            0.07040053703624946,
            0.03832606422863159,
            0.10851655595584728,
            0.12074085715784767,
            0.15516587939977602,
            0.2963314833250925,
            0.1692006541295648,
            0.20524271453721324,
            0.10750909543420081,
            0.2506685173053742,
            0.38314998646613974,
            0.20907681474694495,
            0.48429638163560806,
            0.40908391270607,
            0.5452429537440188,
            0.4242795025629481,
            0.5637771820911033,
            0.4431149822226629,
            0.38742940276234594,
            0.609992128519689,
            0.3848135622334066,
            0.2755878423704179,
            0.4871811259456036,
            0.42103945396416237,
            0.6497250925065292,
            0.46995417013032986,
            0.2260398545321055,
            0.5004738355186701,
            0.3034632833659334,
            0.3848591399896481,
            0.2730308368209463,
            0.22336576321664625,
            0.13983304749099265,
            0.3526871255794684,
            0.0861404006100096,
            0.21899389035673128,
            0.13110435765697814,
            0.24413528135869353,
            0.04811755697436866,
            0.17894975820741463,
            0.027117915687648868,
            0.10909469982990612,
            0.1738608855594239,
            0.03816141770882678,
            -0.04912503981002827,
            0.10357489481024765,
            0.012172652741584328,
            0.2535484586649045,
            0.148014356911924,
            -0.030905681220893693,
            0.004933143347937998,
            0.026598436422843194,
            -0.02075095126508018,
            0.09238634675727017,
            -0.012416370096351352,
            0.16524989221741124,
            0.10879418911566638,
            0.11378751200302566,
            -0.10765289577874704,
            -0.028111338791203914,
            -0.04922605584777809,
            -0.126353902135284,
            0.10128805312972836,
            0.11820491979388265,
            0.05220974152556952,
            0.10454479940598435,
            0.09144192181840631,
            0.063651830248811,
            -0.10744391297090118,
            0.10732143729816737,
            0.07044961529525297,
            0.12941672757053188,
            0.08125097655476235,
            0.0782640627168781,
            0.0011959930999423242,
            0.036639700746974695,
            -0.1622692680830597,
            -0.03177146261718664
        ]
    }
}