{
    "meta_data": {
        "type": "1d",
        "plot_properties": {
            "x_label": "Qubit Frequency [MHz]",
            "y_label": "Amplitude [a.u.]",
            "title": "Qubit Spectroscopy Experiment"
        },
        "experiment_properties": {
            "qubit": "q3",
            "repetitions": 1000
        },
        "qubit_parameters": {
            "qb_freq": 4533000000,
            "drive_amp": 0.5,
            "drive_len": 4e-05,
            "pi_amp": 0.12311032872520918,
            "pi_len": 4e-08,
            "res_freq": 6155000000.0,
            "res_amp": 0.4,
            "res_len": 2e-06,
            "qb_amp_spec": 1.0,
            "qb_lo": 4600000000.0,
            "res_lo": 5600000000.0,
            "flux_bias": -0.8365,
            "anharmnonicity": 209100000.0,
            "w125": 4428450000.0,
            "ro_delay": 2e-08,
            "ro_int_delay": 4e-08,
            "angle": -7.852623448891259,
            "ge": [
                -0.0003101590383918415,
                -0.00021195280752536226
            ]
        }
    },
    "data": {
        "x_data": [
            4532750000.0,
            4532755000.0,
            4532760000.0,
            4532765000.0,
            4532770000.0,
            4532775000.0,
            4532780000.0,
            4532785000.0,
            4532790000.0,
            4532795000.0,
            4532800000.0,
            4532805000.0,
            4532810000.0,
            4532815000.0,
            4532820000.0,
            4532825000.0,
            4532830000.0,
            4532835000.0,
            4532840000.0,
            4532845000.0,
            4532850000.0,
            4532855000.0,
            4532860000.0,
            4532865000.0,
            4532870000.0,
            4532875000.0,
            4532880000.0,
            4532885000.0,
            4532890000.0,
            4532895000.0,
            4532900000.0,
            4532905000.0,
            4532910000.0,
            4532915000.0,
            4532920000.0,
            4532925000.0,
            4532930000.0,
            4532935000.0,
            4532940000.0,
            4532945000.0,
            4532950000.0,
            4532955000.0,
            4532960000.0,
            4532965000.0,
            4532970000.0,
            4532975000.0,
            4532980000.0,
            4532985000.0,
            4532990000.0,
            4532995000.0,
            4533000000.0,
            4533005000.0,
            4533010000.0,
            4533015000.0,
            4533020000.0,
            4533025000.0,
            4533030000.0,
            4533035000.0,
            4533040000.0,
            4533045000.0,
            4533050000.0,
            4533055000.0,
            4533060000.0,
            4533065000.0,
            4533070000.0,
            4533075000.0,
            4533080000.0,
            4533085000.0,
            4533090000.0,
            4533095000.0,
            4533100000.0,
            4533105000.0,
            4533110000.0,
            4533115000.0,
            4533120000.0,
            4533125000.0,
            4533130000.0,
            4533135000.0,
            4533140000.0,
            4533145000.0,
            4533150000.0,
            4533155000.0,
            4533160000.0,
            4533165000.0,
            4533170000.0,
            4533175000.0,
            4533180000.0,
            4533185000.0,
            4533190000.0,
            4533195000.0,
            4533200000.0,
            4533205000.0,
            4533210000.0,
            4533215000.0,
            4533220000.0,
            4533225000.0,
            4533230000.0,
            4533235000.0,
            4533240000.0,
            4533245000.0,
            4533250000.0
        ],
        "y_data": [
            0.16279640150994798,
            -0.02050136416340771,
            0.07003105223519812,
            0.3197564784503438,
            0.17644523241480609,
            -0.031753049439617216,
            0.044087513424399365,
            0.038651755143430694,
            0.19513156540072815,
            0.09110801697131311,
            0.13323036611966907,
            0.13162434781066085,
            0.11234467652698846,
            0.237384868164244,
            0.2039685257958665,
            0.21225750188504183,
            0.25847998682618134,
            0.21627620460783253,
            0.21182734548941842,
            0.2763143914988973,
            0.21005191017464706,
            0.2622050841833072,
            0.32060869101797185,
            0.2352025853165013,
            0.2590931030671903,
            -0.015072973894062605,
            0.2329268519437197,
            0.053279802806978825,
            0.24140718742523054,
            0.0811293558798311,
            0.26544250163898353,
            0.20020353418671857,
            0.3402531867567008,
            0.2639395341200437,
            -0.00033733901384184567,
            0.1978414374708511,
            0.4940831930404966,
            0.07944085447184249,
            0.27131821247642307,
            0.17687560319990972,
            0.16711551800553762,
            0.26411089433013635,
            0.030888896318192607,
            0.3437667919739172,
            0.30858665159833454,
            0.3397655945289049,
            0.4099826192704914,
            0.30968674018701314,
            0.3586037604735137,
            0.2779809888775367,
            0.3157964020035481,
            0.3262510447283268,
            0.4850100884550309,
            0.5660779798734162,
            0.33356921388001787,
            0.6663913238225981,
            0.41578329721462404,
            0.42993294947960986,
            0.5308382001801734,
            0.6412523859910703,
            0.45392091786576705,
            0.44510718208437905,
            0.35135693096248743,
            0.5842597318063776,
            0.4724698128109421,
            0.7260287400607817,
            0.6903373979015186,
            0.4616339191502336,
            0.5326088059095623,
            0.4031686469145777,
            0.28258995652556185,
            0.4672179527574286,
            0.39966763588065773,
            0.30282488637227795,
            0.34979657829770533,
            0.2960451122207283,
            0.5153157346742717,
            0.32485933781513965,
            0.46864126807745754,
            0.34529328959449385,
            0.43889905042615723,
            0.2784946866205327,
            0.16285102699056445,
            0.43635530759980135,
            0.2652448379630204,
            0.2472299235125559,
            0.1799346506629371,
            0.3105603047139559,
            0.05453397784121228,
            0.21634459964665928,
            0.3584938019585015,
            0.21652058258710852,
            0.38354398870979334,
            0.3078100493372141,
            0.22833791567060696,
            0.26197507029920214,
            0.35233240652200565,
            0.4145412334736438,
            0.1717418669553162,
            0.35380776368968175,
            0.4185812004820955
        ]
    }
}