{
    "meta_data": {
        "type": "1d",
        "plot_properties": {
            "x_label": "Qubit Frequency [MHz]",
            "y_label": "Amplitude [a.u.]",
            "title": "Qubit Spectroscopy Experiment"
        },
        "experiment_properties": {
            "qubit": "q1",
            "repetitions": 1000
        },
        "qubit_parameters": {
            "qb_freq": 4723300000,
            "drive_amp": 0.5,
            "drive_len": 4e-05,
            "pi_amp": 0.1250089846812596,
            "pi_len": 4e-08,
            "res_freq": 5250000000.0,
            "res_amp": 0.35,
            "res_len": 2e-06,
            "qb_amp_spec": 1.0,
            "qb_lo": 4600000000.0,
            "res_lo": 5600000000.0,
            "flux_bias": -0.0157,
            "anharmnonicity": 190300000,
            "w125": 4628150000.0,
            "ro_delay": 1e-07,
            "ro_int_delay": 4e-08,
            "angle": -2.7369100144220284,
            "ge": [
                0.00011656060279059207,
                0.00029401170412310417
            ]
        }
    },
    "data": {
        "x_data": [
            4722800000.0,
            4722810000.0,
            4722820000.0,
            4722830000.0,
            4722840000.0,
            4722850000.0,
            4722860000.0,
            4722870000.0,
            4722880000.0,
            4722890000.0,
            4722900000.0,
            4722910000.0,
            4722920000.0,
            4722930000.0,
            4722940000.0,
            4722950000.0,
            4722960000.0,
            4722970000.0,
            4722980000.0,
            4722990000.0,
            4723000000.0,
            4723010000.0,
            4723020000.0,
            4723030000.0,
            4723040000.0,
            4723050000.0,
            4723060000.0,
            4723070000.0,
            4723080000.0,
            4723090000.0,
            4723100000.0,
            4723110000.0,
            4723120000.0,
            4723130000.0,
            4723140000.0,
            4723150000.0,
            4723160000.0,
            4723170000.0,
            4723180000.0,
            4723190000.0,
            4723200000.0,
            4723210000.0,
            4723220000.0,
            4723230000.0,
            4723240000.0,
            4723250000.0,
            4723260000.0,
            4723270000.0,
            4723280000.0,
            4723290000.0,
            4723300000.0,
            4723310000.0,
            4723320000.0,
            4723330000.0,
            4723340000.0,
            4723350000.0,
            4723360000.0,
            4723370000.0,
            4723380000.0,
            4723390000.0,
            4723400000.0,
            4723410000.0,
            4723420000.0,
            4723430000.0,
            4723440000.0,
            4723450000.0,
            4723460000.0,
            4723470000.0,
            4723480000.0,
            4723490000.0,
            4723500000.0,
            4723510000.0,
            4723520000.0,
            4723530000.0,
            4723540000.0,
            4723550000.0,
            4723560000.0,
            4723570000.0,
            4723580000.0,
            4723590000.0,
            4723600000.0,
            4723610000.0,
            4723620000.0,
            4723630000.0,
            4723640000.0,
            4723650000.0,
            4723660000.0,
            4723670000.0,
            4723680000.0,
            4723690000.0,
            4723700000.0,
            4723710000.0,
            4723720000.0,
            4723730000.0,
            4723740000.0,
            4723750000.0,
            4723760000.0,
            4723770000.0,
            4723780000.0,
            4723790000.0,
            4723800000.0
        ],
        "y_data": [
            -0.07060768653458288,
            -0.13962969421191565,
            -0.056156009537597466,
            -0.11598814113900785,
            -0.06035734113202563,
            -0.056405693505820205,
            -0.08819661781058172,
            -0.04982455518061632,
            -0.06699242832833205,
            -0.09610153965259696,
            0.03200199467146426,
            -0.0989745862733152,
            -0.11940732346415944,
            -0.06262830055010936,
            -0.0001441015953879502,
            0.006663903713311332,
            -0.059005020842432844,
            -0.08037083480293823,
            -0.0695270017810055,
            -0.015351907355891046,
            -0.012691455731111927,
            -0.11590255091137662,
            -0.08241768345589373,
            0.01781442601641975,
            0.050448700450775166,
            -0.05523672030396276,
            -0.009208767420640848,
            -0.003783912548146143,
            -0.12032347058611148,
            0.025530028142919135,
            -0.1290155814337793,
            -0.059364141577282446,
            -0.14799736544403053,
            0.08287702726166918,
            -0.10647795769019788,
            0.0384179915064457,
            0.07405496513415892,
            -0.01970123131127086,
            -0.11404706061269071,
            -0.0922497690253111,
            -0.06777589259162807,
            -0.05079330547497697,
            0.06970539516231357,
            -0.06087508221494809,
            0.06448456906066388,
            -0.024345476317980827,
            -0.16204732939482996,
            -0.08954731719662094,
            0.0562672426982596,
            -0.0689196364069306,
            -0.08127498435766171,
            0.0690644676837433,
            0.036714857423180154,
            -0.1097157428639751,
            0.06842524715762897,
            -0.04866541316062533,
            0.06254298437117407,
            0.08987961339917232,
            -0.0005506102568348084,
            0.03199218016868034,
            0.09265505782036863,
            -0.08245987433204226,
            0.05120238155895031,
            0.009806491507993145,
            -0.04237349846383077,
            0.09453878542649287,
            0.0027359843562445255,
            0.08202036987780803,
            0.06596766548653787,
            0.06007915524651309,
            0.008172248858313063,
            0.008705537120455478,
            0.1443962488062836,
            0.164795143759862,
            0.12374045201157244,
            0.18063699232860356,
            0.14594259610333038,
            0.20174288553406136,
            0.16195537873179877,
            0.21774508225218475,
            0.2517150274611941,
            0.2628365304353417,
            0.15044962533167128,
            0.19990122105747735,
            0.2597416876512486,
            0.2036854345777701,
            0.25317074100353315,
            0.22178659070925674,
            0.1817056802730926,
            0.44258944914786097,
            0.21748552312996933,
            0.3488105126689251,
            0.3989390945331765,
            0.365947527997915,
            0.3411875461660919,
            0.3382270916768305,
            0.3802652264747978,
            0.35723711564801036,
            0.3782847579163158,
            0.33857891569219895,
            0.4395804683846282
        ]
    }
}