{
    "meta_data": {
        "type": "1d",
        "plot_properties": {
            "x_label": "Qubit Frequency [MHz]",
            "y_label": "Amplitude [a.u.]",
            "title": "Qubit Spectroscopy Experiment"
        },
        "experiment_properties": {
            "qubit": "q4",
            "repetitions": 1000
        },
        "qubit_parameters": {
            "qb_freq": 4323900000.0,
            "drive_amp": 0.2,
            "drive_len": 4e-05,
            "pi_amp": 0.10453792597888534,
            "pi_len": 4e-08,
            "res_freq": 5834500000.0,
            "res_amp": 0.4,
            "res_len": 2e-06,
            "qb_amp_spec": 1.0,
            "qb_lo": 4600000000.0,
            "res_lo": 5600000000.0,
            "flux_bias": -0.777,
            "anharmnonicity": 208390000.0,
            "w125": 4326260000.0,
            "ro_delay": 2e-08,
            "ro_int_delay": 4e-08,
            "angle": -1.5830180388973587,
            "ge": [
                -0.0004302658396780563,
                -0.0002857599351221882
            ]
        }
    },
    "data": {
        "x_data": [
            4318900000.0,
            4319000000.0,
            4319100000.0,
            4319200000.0,
            4319300000.0,
            4319400000.0,
            4319500000.0,
            4319600000.0,
            4319700000.0,
            4319800000.0,
            4319900000.0,
            4320000000.0,
            4320100000.0,
            4320200000.0,
            4320300000.0,
            4320400000.0,
            4320500000.0,
            4320600000.0,
            4320700000.0,
            4320800000.0,
            4320900000.0,
            4321000000.0,
            4321100000.0,
            4321200000.0,
            4321300000.0,
            4321400000.0,
            4321500000.0,
            4321600000.0,
            4321700000.0,
            4321800000.0,
            4321900000.0,
            4322000000.0,
            4322100000.0,
            4322200000.0,
            4322300000.0,
            4322400000.0,
            4322500000.0,
            4322600000.0,
            4322700000.0,
            4322800000.0,
            4322900000.0,
            4323000000.0,
            4323100000.0,
            4323200000.0,
            4323300000.0,
            4323400000.0,
            4323500000.0,
            4323600000.0,
            4323700000.0,
            4323800000.0,
            4323900000.0,
            4324000000.0,
            4324100000.0,
            4324200000.0,
            4324300000.0,
            4324400000.0,
            4324500000.0,
            4324600000.0,
            4324700000.0,
            4324800000.0,
            4324900000.0,
            4325000000.0,
            4325100000.0,
            4325200000.0,
            4325300000.0,
            4325400000.0,
            4325500000.0,
            4325600000.0,
            4325700000.0,
            4325800000.0,
            4325900000.0,
            4326000000.0,
            4326100000.0,
            4326200000.0,
            4326300000.0,
            4326400000.0,
            4326500000.0,
            4326600000.0,
            4326700000.0,
            4326800000.0,
            4326900000.0,
            4327000000.0,
            4327100000.0,
            4327200000.0,
            4327300000.0,
            4327400000.0,
            4327500000.0,
            4327600000.0,
            4327700000.0,
            4327800000.0,
            4327900000.0,
            4328000000.0,
            4328100000.0,
            4328200000.0,
            4328300000.0,
            4328400000.0,
            4328500000.0,
            4328600000.0,
            4328700000.0,
            4328800000.0,
            4328900000.0
        ],
        "y_data": [
            0.04026125620110304,
            -0.014816498659475359,
            -0.024916107799589172,
            0.03321543539738426,
            0.06129005034513413,
            -0.007136277364569656,
            -0.009743666879194587,
            -0.027928223395390493,
            0.1025817104746664,
            0.09154516989215929,
            -0.07209931703225704,
            0.05652129308882011,
            0.16043794471531678,
            0.1921275893793997,
            0.014092830257062738,
            0.03859045040605665,
            -0.03728186236313424,
            -0.0205137014319384,
            0.09101768508925531,
            0.07250957458910855,
            0.027204529390896598,
            0.0043678200652447555,
            0.1082280931156082,
            0.023139415549552903,
            0.11266217065439191,
            -0.03608675161882543,
            0.14487175681722206,
            0.10811103108973193,
            0.009518780553514485,
            0.2099917093141709,
            0.1546723001314704,
            0.17259266178761262,
            0.12756628826273878,
            0.14190753992271168,
            0.10514527946681625,
            0.13549422645263517,
            0.19519767553530293,
            0.08522875611064067,
            -0.022237638062723244,
            0.28622501189618604,
            0.22445864671201052,
            0.15547787846616554,
            0.1820166417756848,
            0.27460419830133986,
            0.16707718258872115,
            0.36237155414485134,
            0.5275711110262528,
            0.5047808140846953,
            0.6110823386922657,
            0.6541033444741374,
            0.4835653668026978,
            0.4510350573151313,
            0.36760568881310995,
            0.39348707585812753,
            0.32661598242422185,
            0.23842253626086865,
            0.0429498112960599,
            0.1494358696547513,
            0.06727767800825435,
            -0.02880257916148123,
            -0.05371681173979384,
            0.059177069606251534,
            0.16852499378953303,
            0.2511853041622043,
            0.14586054690465522,
            0.06968642888689171,
            0.0008810809821848637,
            0.17224480956647098,
            -0.1834896616871782,
            0.036941215062804345,
            0.055460358198052916,
            0.09292236263917936,
            -0.001024235223296153,
            -0.04130369053275761,
            -0.025700023514998085,
            0.07260556563652401,
            0.09278372457560091,
            0.030213494068719773,
            0.09241634169031226,
            0.14871694459015675,
            -0.039557457282053315,
            0.015835015585956187,
            -0.018003462971761468,
            0.07519994044945662,
            0.24166206676662583,
            0.025648480968910856,
            0.23995374181956905,
            0.02897552497470307,
            0.1793574001329132,
            0.06038556930813269,
            -0.05447856303512103,
            0.05637565681267188,
            0.007858859366990366,
            -0.05545464424936152,
            0.052820035096937036,
            -0.028489641196943576,
            -0.02789442632051884,
            0.23263054527332178,
            0.1618625962733205,
            -0.01221616507847636,
            0.03843891494486842
        ]
    }
}