{
    "meta_data": {
        "type": "1d",
        "plot_properties": {
            "x_label": "Qubit Frequency [MHz]",
            "y_label": "Amplitude [a.u.]",
            "title": "Qubit Spectroscopy Experiment"
        },
        "experiment_properties": {
            "qubit": "q3",
            "repetitions": 1000
        },
        "qubit_parameters": {
            "qb_freq": 4533000000,
            "drive_amp": 0.5,
            "drive_len": 4e-05,
            "pi_amp": 0.12311032872520918,
            "pi_len": 4e-08,
            "res_freq": 6155000000.0,
            "res_amp": 0.4,
            "res_len": 2e-06,
            "qb_amp_spec": 1.0,
            "qb_lo": 4600000000.0,
            "res_lo": 5600000000.0,
            "flux_bias": -0.83678,
            "anharmnonicity": 209100000.0,
            "w125": 4429450000.0,
            "ro_delay": 2e-08,
            "ro_int_delay": 4e-08,
            "angle": -7.852623448891259,
            "ge": [
                -0.0003101590383918415,
                -0.00021195280752536226
            ]
        }
    },
    "data": {
        "x_data": [
            4426950000.0,
            4427000000.0,
            4427050000.0,
            4427100000.0,
            4427150000.0,
            4427200000.0,
            4427250000.0,
            4427300000.0,
            4427350000.0,
            4427400000.0,
            4427450000.0,
            4427500000.0,
            4427550000.0,
            4427600000.0,
            4427650000.0,
            4427700000.0,
            4427750000.0,
            4427800000.0,
            4427850000.0,
            4427900000.0,
            4427950000.0,
            4428000000.0,
            4428050000.0,
            4428100000.0,
            4428150000.0,
            4428200000.0,
            4428250000.0,
            4428300000.0,
            4428350000.0,
            4428400000.0,
            4428450000.0,
            4428500000.0,
            4428550000.0,
            4428600000.0,
            4428650000.0,
            4428700000.0,
            4428750000.0,
            4428800000.0,
            4428850000.0,
            4428900000.0,
            4428950000.0,
            4429000000.0,
            4429050000.0,
            4429100000.0,
            4429150000.0,
            4429200000.0,
            4429250000.0,
            4429300000.0,
            4429350000.0,
            4429400000.0,
            4429450000.0,
            4429500000.0,
            4429550000.0,
            4429600000.0,
            4429650000.0,
            4429700000.0,
            4429750000.0,
            4429800000.0,
            4429850000.0,
            4429900000.0,
            4429950000.0,
            4430000000.0,
            4430050000.0,
            4430100000.0,
            4430150000.0,
            4430200000.0,
            4430250000.0,
            4430300000.0,
            4430350000.0,
            4430400000.0,
            4430450000.0,
            4430500000.0,
            4430550000.0,
            4430600000.0,
            4430650000.0,
            4430700000.0,
            4430750000.0,
            4430800000.0,
            4430850000.0,
            4430900000.0,
            4430950000.0,
            4431000000.0,
            4431050000.0,
            4431100000.0,
            4431150000.0,
            4431200000.0,
            4431250000.0,
            4431300000.0,
            4431350000.0,
            4431400000.0,
            4431450000.0,
            4431500000.0,
            4431550000.0,
            4431600000.0,
            4431650000.0,
            4431700000.0,
            4431750000.0,
            4431800000.0,
            4431850000.0,
            4431900000.0,
            4431950000.0
        ],
        "y_data": [
            0.21373320837743007,
            0.0680451631653476,
            0.14145256091319697,
            0.12731676998977692,
            0.18822854058639601,
            0.1868155700724983,
            0.21645400198193349,
            0.22683415292423412,
            -0.021392057245399405,
            0.2050528762788396,
            0.03979253526641554,
            0.06628143228328318,
            0.19487106711341456,
            0.30604511020261527,
            0.24472358925316295,
            0.10029119377355959,
            0.21657382994748806,
            0.29129609618592156,
            0.37693455556211763,
            0.3153057918842199,
            0.25951471676122667,
            0.2631802932971136,
            0.38730458225232084,
            0.09473709112963716,
            0.3707388961660183,
            0.35246878836921103,
            0.3015532923640189,
            0.20482800842720916,
            0.15329921603904803,
            0.41079587733806777,
            0.4253660583356318,
            0.35651043008142985,
            0.4367546576655204,
            0.6064992121970244,
            0.886259377837577,
            0.7547713458698083,
            0.7629836088823065,
            0.8828704363358515,
            0.9226867923719532,
            0.9687222906442122,
            0.7610623572133015,
            0.721364707193973,
            0.799417696203634,
            0.48348723682551814,
            0.5637983498177191,
            0.25547056881543634,
            0.5162634053566079,
            0.39878095934790475,
            0.24001552023916736,
            0.17460834677347473,
            0.19481367991272114,
            0.16349210290754929,
            0.21684170309592968,
            0.15286289782948378,
            0.1569733941822581,
            0.17271696647705698,
            0.07180698139921898,
            0.22725930027746594,
            0.10125647932574156,
            0.15225355772011775,
            0.26439716661664936,
            0.2325463695221564,
            -0.07170665789490305,
            0.22430023571159372,
            0.02336216729932244,
            0.00946044996112259,
            0.18280675118420872,
            0.14048937336413947,
            0.11937103556805437,
            0.08726098268630196,
            0.16668364923387494,
            0.15262028770723113,
            0.16203510309596886,
            0.032498964739009914,
            -0.012194039622491779,
            0.15704417353348196,
            -0.15378173191250832,
            -0.059249034532547255,
            0.08168939257331187,
            0.15462940207578244,
            0.13096030482128118,
            0.23643247474878998,
            0.2614119526987501,
            0.029136391773444112,
            0.06716064696620595,
            0.1438693906468965,
            0.1378679866134912,
            0.22071056538079367,
            0.031232716768746394,
            0.1336053990757236,
            0.1357578447983998,
            0.14477612800742992,
            -0.010227995621041224,
            -0.01536318053576381,
            0.27609426829879785,
            -0.005657203684444181,
            -0.06405789537013938,
            0.026194328361844377,
            0.10919542177914054,
            0.11760262441979759,
            0.021089552505784287
        ]
    }
}