{
    "meta_data": {
        "type": "1d",
        "plot_properties": {
            "x_label": "Qubit Frequency [MHz]",
            "y_label": "Amplitude [a.u.]",
            "title": "Qubit Spectroscopy Experiment"
        },
        "experiment_properties": {
            "qubit": "q3",
            "repetitions": 1000
        },
        "qubit_parameters": {
            "qb_freq": 4533000000,
            "drive_amp": 0.5,
            "drive_len": 4e-05,
            "pi_amp": 0.12311032872520918,
            "pi_len": 4e-08,
            "res_freq": 6155000000.0,
            "res_amp": 0.4,
            "res_len": 2e-06,
            "qb_amp_spec": 1.0,
            "qb_lo": 4600000000.0,
            "res_lo": 5600000000.0,
            "flux_bias": -0.84,
            "anharmnonicity": 209100000.0,
            "w125": 4428450000.0,
            "ro_delay": 2e-08,
            "ro_int_delay": 4e-08,
            "angle": -7.852623448891259,
            "ge": [
                -0.0003101590383918415,
                -0.00021195280752536226
            ]
        }
    },
    "data": {
        "x_data": [
            4532000000.0,
            4532020000.0,
            4532040000.0,
            4532060000.0,
            4532080000.0,
            4532100000.0,
            4532120000.0,
            4532140000.0,
            4532160000.0,
            4532180000.0,
            4532200000.0,
            4532220000.0,
            4532240000.0,
            4532260000.0,
            4532280000.0,
            4532300000.0,
            4532320000.0,
            4532340000.0,
            4532360000.0,
            4532380000.0,
            4532400000.0,
            4532420000.0,
            4532440000.0,
            4532460000.0,
            4532480000.0,
            4532500000.0,
            4532520000.0,
            4532540000.0,
            4532560000.0,
            4532580000.0,
            4532600000.0,
            4532620000.0,
            4532640000.0,
            4532660000.0,
            4532680000.0,
            4532700000.0,
            4532720000.0,
            4532740000.0,
            4532760000.0,
            4532780000.0,
            4532800000.0,
            4532820000.0,
            4532840000.0,
            4532860000.0,
            4532880000.0,
            4532900000.0,
            4532920000.0,
            4532940000.0,
            4532960000.0,
            4532980000.0,
            4533000000.0,
            4533020000.0,
            4533040000.0,
            4533060000.0,
            4533080000.0,
            4533100000.0,
            4533120000.0,
            4533140000.0,
            4533160000.0,
            4533180000.0,
            4533200000.0,
            4533220000.0,
            4533240000.0,
            4533260000.0,
            4533280000.0,
            4533300000.0,
            4533320000.0,
            4533340000.0,
            4533360000.0,
            4533380000.0,
            4533400000.0,
            4533420000.0,
            4533440000.0,
            4533460000.0,
            4533480000.0,
            4533500000.0,
            4533520000.0,
            4533540000.0,
            4533560000.0,
            4533580000.0,
            4533600000.0,
            4533620000.0,
            4533640000.0,
            4533660000.0,
            4533680000.0,
            4533700000.0,
            4533720000.0,
            4533740000.0,
            4533760000.0,
            4533780000.0,
            4533800000.0,
            4533820000.0,
            4533840000.0,
            4533860000.0,
            4533880000.0,
            4533900000.0,
            4533920000.0,
            4533940000.0,
            4533960000.0,
            4533980000.0,
            4534000000.0
        ],
        "y_data": [
            0.1937823589758959,
            0.3433200837514947,
            0.39479502191320753,
            0.34128694063740384,
            0.33295260370693786,
            0.5112081007292855,
            0.4085422075880826,
            0.31712024539943173,
            0.3758092286054653,
            0.3619912752235231,
            0.5058129326099615,
            0.534442077067549,
            0.6933629622484166,
            0.5021164538511118,
            0.5601460572101972,
            0.5165388972085253,
            0.6671625279894915,
            0.5011564047448592,
            0.7188259747799092,
            0.2694141222400881,
            0.4029220394216979,
            0.5398832368674972,
            0.3100066791563668,
            0.4549916755077368,
            0.4799831531040327,
            0.3411985690196983,
            0.2191478914190523,
            0.21869081715703587,
            0.37232552489865406,
            0.3673965799240515,
            0.17873109072463547,
            0.2435316344297574,
            0.12105755130478688,
            0.23620670892716425,
            0.1795345046848352,
            0.255836819337259,
            0.11702787773118518,
            0.22800755518067528,
            0.2191577307317762,
            0.09824033647181372,
            -0.02497373078009452,
            0.23755038163758663,
            0.0439444128985647,
            0.21744942398251318,
            0.2152976180035252,
            0.2789064829202583,
            0.15974590085820953,
            0.19892539342238447,
            0.1132496350712917,
            0.0047166237956161655,
            0.1943290795483421,
            0.0953844768098533,
            0.24078286197066545,
            0.12438232322680175,
            0.39523326894314303,
            -0.032523586464805535,
            -0.054577251451783174,
            0.0650458132407661,
            0.03032446772264496,
            -0.06308266091316729,
            0.10492895262736612,
            0.010171191499955516,
            0.2871039948406002,
            0.11130649512679702,
            -0.05820013365834796,
            0.2074246705226952,
            0.1294351380593627,
            0.06150588948877003,
            0.10690736820322866,
            0.15052175717158933,
            -0.07900970813606455,
            0.10683925878872524,
            0.05845724573760933,
            0.10046264439710748,
            0.04954026738003737,
            0.20677516286609138,
            0.024402972744556863,
            0.11802701353291932,
            0.03204616456758832,
            0.127491765916677,
            0.3707205751122945,
            0.0739404190629044,
            0.0537862729531869,
            0.24892629431587246,
            0.18994445987458125,
            -0.059999576485195626,
            0.03455195840110282,
            0.22912557988094398,
            0.05050964756580508,
            0.16520080761300454,
            -0.032851573601545864,
            -0.022167572490210494,
            0.17628496360679746,
            0.06415044605713613,
            0.21998461588787727,
            0.008155465989989973,
            0.1953289934537483,
            0.13988766771210825,
            0.06763360111866423,
            -0.051989901257200634,
            -0.02968920342313521
        ]
    }
}