{
    "meta_data": {
        "type": "1d",
        "plot_properties": {
            "x_label": "Qubit Frequency [MHz]",
            "y_label": "Amplitude [a.u.]",
            "title": "Qubit Spectroscopy Experiment"
        },
        "experiment_properties": {
            "qubit": "q4",
            "repetitions": 1000
        },
        "qubit_parameters": {
            "qb_freq": 4323900000.0,
            "drive_amp": 0.2,
            "drive_len": 4e-05,
            "pi_amp": 0.10453792597888534,
            "pi_len": 4e-08,
            "res_freq": 5834500000.0,
            "res_amp": 0.4,
            "res_len": 2e-06,
            "qb_amp_spec": 1.0,
            "qb_lo": 4600000000.0,
            "res_lo": 5600000000.0,
            "flux_bias": -0.777,
            "anharmnonicity": 208390000.0,
            "w125": 4326260000.0,
            "ro_delay": 2e-08,
            "ro_int_delay": 4e-08,
            "angle": -1.5830180388973587,
            "ge": [
                -0.0004302658396780563,
                -0.0002857599351221882
            ]
        }
    },
    "data": {
        "x_data": [
            4318900000.0,
            4319000000.0,
            4319100000.0,
            4319200000.0,
            4319300000.0,
            4319400000.0,
            4319500000.0,
            4319600000.0,
            4319700000.0,
            4319800000.0,
            4319900000.0,
            4320000000.0,
            4320100000.0,
            4320200000.0,
            4320300000.0,
            4320400000.0,
            4320500000.0,
            4320600000.0,
            4320700000.0,
            4320800000.0,
            4320900000.0,
            4321000000.0,
            4321100000.0,
            4321200000.0,
            4321300000.0,
            4321400000.0,
            4321500000.0,
            4321600000.0,
            4321700000.0,
            4321800000.0,
            4321900000.0,
            4322000000.0,
            4322100000.0,
            4322200000.0,
            4322300000.0,
            4322400000.0,
            4322500000.0,
            4322600000.0,
            4322700000.0,
            4322800000.0,
            4322900000.0,
            4323000000.0,
            4323100000.0,
            4323200000.0,
            4323300000.0,
            4323400000.0,
            4323500000.0,
            4323600000.0,
            4323700000.0,
            4323800000.0,
            4323900000.0,
            4324000000.0,
            4324100000.0,
            4324200000.0,
            4324300000.0,
            4324400000.0,
            4324500000.0,
            4324600000.0,
            4324700000.0,
            4324800000.0,
            4324900000.0,
            4325000000.0,
            4325100000.0,
            4325200000.0,
            4325300000.0,
            4325400000.0,
            4325500000.0,
            4325600000.0,
            4325700000.0,
            4325800000.0,
            4325900000.0,
            4326000000.0,
            4326100000.0,
            4326200000.0,
            4326300000.0,
            4326400000.0,
            4326500000.0,
            4326600000.0,
            4326700000.0,
            4326800000.0,
            4326900000.0,
            4327000000.0,
            4327100000.0,
            4327200000.0,
            4327300000.0,
            4327400000.0,
            4327500000.0,
            4327600000.0,
            4327700000.0,
            4327800000.0,
            4327900000.0,
            4328000000.0,
            4328100000.0,
            4328200000.0,
            4328300000.0,
            4328400000.0,
            4328500000.0,
            4328600000.0,
            4328700000.0,
            4328800000.0,
            4328900000.0
        ],
        "y_data": [
            0.10424515776603417,
            0.06599206856122246,
            -0.01575725412184013,
            0.02974982035891721,
            -0.06458202924516669,
            0.19547372462452406,
            0.14220479963811003,
            0.14325713409150617,
            -0.1011293090237894,
            -0.0027474214803503445,
            0.023228528481434984,
            0.08337187857762145,
            0.23954689262760817,
            0.057490223408987545,
            0.20819520428197857,
            0.046923602978645396,
            0.2567010337960008,
            -0.014271819964214857,
            0.2533812812629832,
            0.17271442016619692,
            0.2963637307758026,
            0.1951031987346276,
            0.38087887889384636,
            0.0969032181687615,
            0.26532684329524914,
            0.3023156165368516,
            0.5385358601141488,
            0.29047561514452497,
            0.3400343111697435,
            0.330015753098834,
            0.37866442686565766,
            0.4707421528527377,
            0.4091535201103939,
            0.3919954301700693,
            0.30020612931834506,
            0.4623696210205539,
            0.4788185640293981,
            0.501551630543751,
            0.5274977480293381,
            0.19883108428761395,
            0.4097636521559027,
            0.5564090618054206,
            0.519729537966669,
            0.38534422867678647,
            0.5328862469560304,
            0.5455750085499698,
            0.7730146929418868,
            0.7534697223518166,
            0.6978637527962692,
            0.5666762668251134,
            0.5506091211388621,
            0.6852268717255122,
            0.6976446850958251,
            0.6109012942720887,
            0.5577094548252209,
            0.4575995403693791,
            0.6091861740671436,
            0.5210725347118401,
            0.6010000798499507,
            0.5596637855172485,
            0.3193282810690801,
            0.2763364486261841,
            0.4327748233738645,
            0.33692426249228175,
            0.34258254684261413,
            0.2509385764385388,
            0.2773418297933307,
            0.32074962949309443,
            0.27947695260866035,
            0.2891104428074548,
            0.32156270691016975,
            0.11658634224483354,
            0.26928391356025255,
            0.24555165553104405,
            0.22901100540123592,
            0.059241916885409716,
            0.13210870077609807,
            0.2669779177989289,
            0.0717172148417712,
            0.20771957626214535,
            0.06710000468395551,
            0.024535431412289557,
            0.25615483852653864,
            -0.12165541886839441,
            0.11104950299670778,
            0.10599222797205314,
            0.1689525899772521,
            0.18838765781438216,
            0.14763804914106932,
            0.1308784560627773,
            0.05399410837823741,
            0.06792826413528343,
            0.17885195173968385,
            0.1777095947822785,
            -0.07946977455522303,
            -0.0293330570804436,
            0.1262890111294624,
            0.26687758231105113,
            -0.07909387455570072,
            0.0452970184950205,
            0.10304905179899818
        ]
    }
}