{
    "meta_data": {
        "type": "1d",
        "plot_properties": {
            "x_label": "Qubit Frequency [MHz]",
            "y_label": "Amplitude [a.u.]",
            "title": "Qubit Spectroscopy Experiment"
        },
        "experiment_properties": {
            "qubit": "q3",
            "repetitions": 1000
        },
        "qubit_parameters": {
            "qb_freq": 4533000000,
            "drive_amp": 0.5,
            "drive_len": 4e-05,
            "pi_amp": 0.12311032872520918,
            "pi_len": 4e-08,
            "res_freq": 6155000000.0,
            "res_amp": 0.4,
            "res_len": 2e-06,
            "qb_amp_spec": 1.0,
            "qb_lo": 4600000000.0,
            "res_lo": 5600000000.0,
            "flux_bias": -0.837,
            "anharmnonicity": 209100000.0,
            "w125": 4428450000.0,
            "ro_delay": 2e-08,
            "ro_int_delay": 4e-08,
            "angle": -7.852623448891259,
            "ge": [
                -0.0003101590383918415,
                -0.00021195280752536226
            ]
        }
    },
    "data": {
        "x_data": [
            4532750000.0,
            4532755000.0,
            4532760000.0,
            4532765000.0,
            4532770000.0,
            4532775000.0,
            4532780000.0,
            4532785000.0,
            4532790000.0,
            4532795000.0,
            4532800000.0,
            4532805000.0,
            4532810000.0,
            4532815000.0,
            4532820000.0,
            4532825000.0,
            4532830000.0,
            4532835000.0,
            4532840000.0,
            4532845000.0,
            4532850000.0,
            4532855000.0,
            4532860000.0,
            4532865000.0,
            4532870000.0,
            4532875000.0,
            4532880000.0,
            4532885000.0,
            4532890000.0,
            4532895000.0,
            4532900000.0,
            4532905000.0,
            4532910000.0,
            4532915000.0,
            4532920000.0,
            4532925000.0,
            4532930000.0,
            4532935000.0,
            4532940000.0,
            4532945000.0,
            4532950000.0,
            4532955000.0,
            4532960000.0,
            4532965000.0,
            4532970000.0,
            4532975000.0,
            4532980000.0,
            4532985000.0,
            4532990000.0,
            4532995000.0,
            4533000000.0,
            4533005000.0,
            4533010000.0,
            4533015000.0,
            4533020000.0,
            4533025000.0,
            4533030000.0,
            4533035000.0,
            4533040000.0,
            4533045000.0,
            4533050000.0,
            4533055000.0,
            4533060000.0,
            4533065000.0,
            4533070000.0,
            4533075000.0,
            4533080000.0,
            4533085000.0,
            4533090000.0,
            4533095000.0,
            4533100000.0,
            4533105000.0,
            4533110000.0,
            4533115000.0,
            4533120000.0,
            4533125000.0,
            4533130000.0,
            4533135000.0,
            4533140000.0,
            4533145000.0,
            4533150000.0,
            4533155000.0,
            4533160000.0,
            4533165000.0,
            4533170000.0,
            4533175000.0,
            4533180000.0,
            4533185000.0,
            4533190000.0,
            4533195000.0,
            4533200000.0,
            4533205000.0,
            4533210000.0,
            4533215000.0,
            4533220000.0,
            4533225000.0,
            4533230000.0,
            4533235000.0,
            4533240000.0,
            4533245000.0,
            4533250000.0
        ],
        "y_data": [
            0.18346038840686998,
            0.13503534745557935,
            0.22498990475088235,
            0.34119713336362667,
            0.17057837593139247,
            0.29002755431671506,
            0.3522990062848767,
            0.2492310767024238,
            0.5000410650502213,
            0.3024348680710249,
            0.3420087941268337,
            0.5083431654743144,
            0.2805136834536844,
            0.4408603840235987,
            0.5503540033250653,
            0.21183914718508395,
            0.22601941673365952,
            0.2703188225580848,
            0.3141318238587352,
            0.3672646447749461,
            0.24667652467355525,
            0.5923765949249528,
            0.4273525330380873,
            0.3583110428035877,
            0.39588913362455697,
            0.46692755364466026,
            0.5700616282038238,
            0.5776471972032189,
            0.5055303357673804,
            0.5997823425217675,
            0.6811556567553434,
            0.412250051729183,
            0.6635369779010569,
            0.5840397462813116,
            0.4191488873867718,
            0.5191888313226061,
            0.6933402643615355,
            0.6687417318596194,
            0.49242606715620785,
            0.5460917137407287,
            0.8011453117051208,
            0.43532092698946817,
            0.6951379139881941,
            0.7049339282566307,
            0.7337197537519485,
            0.5296327929305995,
            0.6299450012319918,
            0.6858969143567898,
            0.7842949122794521,
            0.5625889814998907,
            0.7266741832216181,
            0.4295422914346686,
            0.6155424556841592,
            0.5597261264393327,
            0.6964682034524412,
            0.479462248312761,
            0.5552353312317065,
            0.5121264206013514,
            0.551996736346265,
            0.5618221041647741,
            0.4325829192111128,
            0.5715138450066501,
            0.5246296061804206,
            0.3544600967667519,
            0.40056519833037074,
            0.3776814453591486,
            0.42189632008284994,
            0.29861109881184006,
            0.2925056398510568,
            0.41783393533223695,
            0.3224287186596679,
            0.45659368411701023,
            0.5921135643759516,
            0.3296385033124022,
            0.42576562142093033,
            0.3766806862249285,
            0.38987617995723906,
            0.5655836244452145,
            0.38936183014144715,
            0.20700339656406547,
            0.31562785419986317,
            0.17455139177649429,
            0.3759054983864164,
            0.2763812426594865,
            0.2382928014482037,
            0.38399558542333434,
            0.46094172195895977,
            0.3246456216412301,
            0.2978138768033996,
            0.5648482068826989,
            0.43211164113232187,
            0.3239408576646762,
            0.2527835487460388,
            0.3716855455872851,
            0.24574541609227404,
            0.3221368578627119,
            0.2755281410262182,
            0.35325862592721796,
            0.22604266258087377,
            0.2520187714688973,
            0.15966718978116973
        ]
    }
}