{
    "meta_data": {
        "type": "1d",
        "plot_properties": {
            "x_label": "Qubit Frequency [MHz]",
            "y_label": "Amplitude [a.u.]",
            "title": "Qubit Spectroscopy Experiment"
        },
        "experiment_properties": {
            "qubit": "q3",
            "repetitions": 1000
        },
        "qubit_parameters": {
            "qb_freq": 4533000000,
            "drive_amp": 0.5,
            "drive_len": 4e-05,
            "pi_amp": 0.12311032872520918,
            "pi_len": 4e-08,
            "res_freq": 6155000000.0,
            "res_amp": 0.4,
            "res_len": 2e-06,
            "qb_amp_spec": 1.0,
            "qb_lo": 4600000000.0,
            "res_lo": 5600000000.0,
            "flux_bias": -0.8335,
            "anharmnonicity": 209100000.0,
            "w125": 4428450000.0,
            "ro_delay": 2e-08,
            "ro_int_delay": 4e-08,
            "angle": -7.852623448891259,
            "ge": [
                -0.0003101590383918415,
                -0.00021195280752536226
            ]
        }
    },
    "data": {
        "x_data": [
            4528000000.0,
            4528100000.0,
            4528200000.0,
            4528300000.0,
            4528400000.0,
            4528500000.0,
            4528600000.0,
            4528700000.0,
            4528800000.0,
            4528900000.0,
            4529000000.0,
            4529100000.0,
            4529200000.0,
            4529300000.0,
            4529400000.0,
            4529500000.0,
            4529600000.0,
            4529700000.0,
            4529800000.0,
            4529900000.0,
            4530000000.0,
            4530100000.0,
            4530200000.0,
            4530300000.0,
            4530400000.0,
            4530500000.0,
            4530600000.0,
            4530700000.0,
            4530800000.0,
            4530900000.0,
            4531000000.0,
            4531100000.0,
            4531200000.0,
            4531300000.0,
            4531400000.0,
            4531500000.0,
            4531600000.0,
            4531700000.0,
            4531800000.0,
            4531900000.0,
            4532000000.0,
            4532100000.0,
            4532200000.0,
            4532300000.0,
            4532400000.0,
            4532500000.0,
            4532600000.0,
            4532700000.0,
            4532800000.0,
            4532900000.0,
            4533000000.0,
            4533100000.0,
            4533200000.0,
            4533300000.0,
            4533400000.0,
            4533500000.0,
            4533600000.0,
            4533700000.0,
            4533800000.0,
            4533900000.0,
            4534000000.0,
            4534100000.0,
            4534200000.0,
            4534300000.0,
            4534400000.0,
            4534500000.0,
            4534600000.0,
            4534700000.0,
            4534800000.0,
            4534900000.0,
            4535000000.0,
            4535100000.0,
            4535200000.0,
            4535300000.0,
            4535400000.0,
            4535500000.0,
            4535600000.0,
            4535700000.0,
            4535800000.0,
            4535900000.0,
            4536000000.0,
            4536100000.0,
            4536200000.0,
            4536300000.0,
            4536400000.0,
            4536500000.0,
            4536600000.0,
            4536700000.0,
            4536800000.0,
            4536900000.0,
            4537000000.0,
            4537100000.0,
            4537200000.0,
            4537300000.0,
            4537400000.0,
            4537500000.0,
            4537600000.0,
            4537700000.0,
            4537800000.0,
            4537900000.0,
            4538000000.0
        ],
        "y_data": [
            0.05754005192402677,
            0.1132520584258634,
            -0.0017063589993543194,
            -0.12138598895209758,
            0.1039206795870843,
            0.08284547517353777,
            -0.22962419345907834,
            0.04412002459588867,
            -0.012975630377491972,
            0.24250909044756033,
            -0.03243867042194847,
            0.1424243904816519,
            0.0784759744103071,
            0.13302046169482346,
            0.15414543118083515,
            -0.1204528008613542,
            0.17530008367806937,
            -0.011311308404133864,
            0.20537613931256188,
            -0.033870638720580534,
            -0.014306285605260602,
            0.06793630605060404,
            -0.10918480623079196,
            -0.0810365798441478,
            0.06707093284568505,
            0.04116575194312621,
            0.041265249895387504,
            0.22700911391866302,
            0.15168107616253018,
            0.14511488256470786,
            -0.13745598669668843,
            0.05882950258962809,
            0.13197991995549926,
            0.07824423513610416,
            0.12151541462968277,
            0.032496603714926194,
            0.2556107877548719,
            0.0924214682994868,
            0.03991207966249792,
            0.1512065527886692,
            0.16383302875764538,
            0.12243746542666409,
            -0.0030986988067256936,
            0.18477524525329686,
            0.46901440303590963,
            0.256959346901561,
            0.41507557425227387,
            0.32215022603997856,
            0.059387029624785946,
            0.11554919033458695,
            0.1455251445755019,
            0.40367737671220744,
            0.5005300299186504,
            0.6070733150322457,
            0.4339137162236178,
            0.6311356142375331,
            0.6930931678140584,
            0.8144471480991983,
            0.7286364284880628,
            0.8182616677879676,
            0.6275661828216211,
            0.35403142260382847,
            0.43974258193221494,
            0.3606324356560419,
            0.4059043820274534,
            -0.02380630608593182,
            0.14675701282954162,
            0.1396372238119492,
            0.043895639634301445,
            0.20420402544785227,
            0.0843215556488534,
            0.11232479995086986,
            0.27541336799473326,
            0.0942404644058559,
            0.08666285384534322,
            -0.06986776877360536,
            -0.052813540433280154,
            0.05845926702628644,
            0.03852144332681072,
            0.10781648850625894,
            0.04818919035561894,
            0.06920836240039448,
            -0.017323157246431086,
            0.0047705650107671815,
            0.056852899392566096,
            -0.0023871949180797524,
            0.12416831526401474,
            0.12060991839930264,
            -0.06852969964253516,
            -0.063840981162738,
            0.36404768404839016,
            0.05668794004410979,
            0.12340655313860398,
            0.021294203360940216,
            0.1398874540075784,
            0.18077784996804308,
            0.0326224407504795,
            -0.12601260982719112,
            0.05728791551138984,
            0.009699550397444046,
            0.014297707473055771
        ]
    }
}