{
    "meta_data": {
        "type": "1d",
        "plot_properties": {
            "x_label": "Qubit Frequency [MHz]",
            "y_label": "Amplitude [a.u.]",
            "title": "Qubit Spectroscopy Experiment"
        },
        "experiment_properties": {
            "qubit": "q3",
            "repetitions": 1000
        },
        "qubit_parameters": {
            "qb_freq": 4533000000,
            "drive_amp": 0.5,
            "drive_len": 4e-05,
            "pi_amp": 0.11609000000000003,
            "pi_len": 4e-08,
            "res_freq": 6116000000.0,
            "res_amp": 0.2,
            "res_len": 2e-06,
            "qb_amp_spec": 1.0,
            "qb_lo": 4600000000.0,
            "res_lo": 5600000000.0,
            "flux_bias": -0.8327,
            "anharmnonicity": 209100000.0,
            "w125": 4428450000.0,
            "ro_delay": 2e-08,
            "ro_int_delay": 4e-08,
            "angle": -4.877229440159746,
            "ge": [
                -0.00010248448978693157,
                -2.1326262666341262e-05
            ]
        }
    },
    "data": {
        "x_data": [
            4528000000.0,
            4528100000.0,
            4528200000.0,
            4528300000.0,
            4528400000.0,
            4528500000.0,
            4528600000.0,
            4528700000.0,
            4528800000.0,
            4528900000.0,
            4529000000.0,
            4529100000.0,
            4529200000.0,
            4529300000.0,
            4529400000.0,
            4529500000.0,
            4529600000.0,
            4529700000.0,
            4529800000.0,
            4529900000.0,
            4530000000.0,
            4530100000.0,
            4530200000.0,
            4530300000.0,
            4530400000.0,
            4530500000.0,
            4530600000.0,
            4530700000.0,
            4530800000.0,
            4530900000.0,
            4531000000.0,
            4531100000.0,
            4531200000.0,
            4531300000.0,
            4531400000.0,
            4531500000.0,
            4531600000.0,
            4531700000.0,
            4531800000.0,
            4531900000.0,
            4532000000.0,
            4532100000.0,
            4532200000.0,
            4532300000.0,
            4532400000.0,
            4532500000.0,
            4532600000.0,
            4532700000.0,
            4532800000.0,
            4532900000.0,
            4533000000.0,
            4533100000.0,
            4533200000.0,
            4533300000.0,
            4533400000.0,
            4533500000.0,
            4533600000.0,
            4533700000.0,
            4533800000.0,
            4533900000.0,
            4534000000.0,
            4534100000.0,
            4534200000.0,
            4534300000.0,
            4534400000.0,
            4534500000.0,
            4534600000.0,
            4534700000.0,
            4534800000.0,
            4534900000.0,
            4535000000.0,
            4535100000.0,
            4535200000.0,
            4535300000.0,
            4535400000.0,
            4535500000.0,
            4535600000.0,
            4535700000.0,
            4535800000.0,
            4535900000.0,
            4536000000.0,
            4536100000.0,
            4536200000.0,
            4536300000.0,
            4536400000.0,
            4536500000.0,
            4536600000.0,
            4536700000.0,
            4536800000.0,
            4536900000.0,
            4537000000.0,
            4537100000.0,
            4537200000.0,
            4537300000.0,
            4537400000.0,
            4537500000.0,
            4537600000.0,
            4537700000.0,
            4537800000.0,
            4537900000.0,
            4538000000.0
        ],
        "y_data": [
            0.9072770489080041,
            0.815124006569265,
            0.762229902716793,
            0.8856996071349139,
            0.9255581678830908,
            0.9520713745583078,
            1.083560727521732,
            0.8176988773378562,
            0.9725299252486271,
            0.9203789249597975,
            0.9581025895643328,
            0.8531425499355713,
            0.8272726042670003,
            0.8110557675794974,
            0.9841351873797436,
            1.050410521225213,
            0.8326946638048713,
            1.1185897835578806,
            0.7088093473999798,
            0.8387515385685133,
            0.9344658210800921,
            0.8250484397834783,
            1.0021063196741398,
            0.7413446378576791,
            0.9990619140475355,
            0.97424990728062,
            1.209247989816961,
            1.2029631568797374,
            0.9317094737706243,
            1.0326693793963224,
            1.0872170345313126,
            0.8005557166868588,
            1.00096910398201,
            0.9857626197326521,
            1.0767855552568435,
            1.0354070946003855,
            1.0986708751663117,
            0.8885336556284338,
            1.016036856956151,
            1.012705570780283,
            1.0133796336077994,
            1.022858331826397,
            0.9922085557328629,
            1.040445219217165,
            1.1366449832819523,
            0.9305313312665379,
            1.0696253473842101,
            0.9016893592359836,
            0.9822571449208374,
            0.9303827858116016,
            1.2623495366351418,
            1.0614636804226745,
            1.037187742867036,
            1.124603699217642,
            1.0298004943359758,
            1.1300219867487649,
            0.9128556927260034,
            1.1675902779942575,
            0.8886816946680495,
            1.1318695348828467,
            1.068317429116424,
            1.0776581469800675,
            1.0011494251334323,
            1.076548891049669,
            1.1921004164733846,
            0.9903918177079544,
            1.0715547449980534,
            1.1139312018903715,
            1.0857566206033251,
            0.8895098668883836,
            1.0489150444597237,
            1.1155491333614183,
            1.0087362734089627,
            0.8619205085942437,
            1.082827123182291,
            0.9412075102580524,
            0.8781409606395658,
            0.9420782520320207,
            1.0113060634477435,
            1.0212652039312553,
            0.964330525787156,
            0.8837154603060073,
            1.0253419061073348,
            1.0015246772281794,
            0.9941713858749853,
            0.7728088565974355,
            0.9204474136949358,
            1.1092298708130508,
            0.9108980237102314,
            0.9490742760793989,
            0.8741245989678315,
            0.8616364344644152,
            0.9118783351937326,
            0.889779768848714,
            0.8942423976251241,
            0.9619207455841813,
            0.9407154187831089,
            0.8784829028729203,
            0.8886763296494424,
            1.1400130910732433,
            0.9941331585633537
        ]
    }
}