{
    "meta_data": {
        "type": "1d",
        "plot_properties": {
            "x_label": "Qubit Frequency [MHz]",
            "y_label": "Amplitude [a.u.]",
            "title": "Qubit Spectroscopy Experiment"
        },
        "experiment_properties": {
            "qubit": "q1",
            "repetitions": 1000
        },
        "qubit_parameters": {
            "qb_freq": 4723300000,
            "drive_amp": 0.5,
            "drive_len": 4e-05,
            "pi_amp": 0.1250089846812596,
            "pi_len": 4e-08,
            "res_freq": 5250000000.0,
            "res_amp": 0.35,
            "res_len": 2e-06,
            "qb_amp_spec": 1.0,
            "qb_lo": 4600000000.0,
            "res_lo": 5600000000.0,
            "flux_bias": -0.0157,
            "anharmnonicity": 190300000,
            "w125": 4628150000.0,
            "ro_delay": 1e-07,
            "ro_int_delay": 4e-08,
            "angle": -2.7369100144220284,
            "ge": [
                0.00011656060279059207,
                0.00029401170412310417
            ]
        }
    },
    "data": {
        "x_data": [
            4673300000.0,
            4674300000.0,
            4675300000.0,
            4676300000.0,
            4677300000.0,
            4678300000.0,
            4679300000.0,
            4680300000.0,
            4681300000.0,
            4682300000.0,
            4683300000.0,
            4684300000.0,
            4685300000.0,
            4686300000.0,
            4687300000.0,
            4688300000.0,
            4689300000.0,
            4690300000.0,
            4691300000.0,
            4692300000.0,
            4693300000.0,
            4694300000.0,
            4695300000.0,
            4696300000.0,
            4697300000.0,
            4698300000.0,
            4699300000.0,
            4700300000.0,
            4701300000.0,
            4702300000.0,
            4703300000.0,
            4704300000.0,
            4705300000.0,
            4706300000.0,
            4707300000.0,
            4708300000.0,
            4709300000.0,
            4710300000.0,
            4711300000.0,
            4712300000.0,
            4713300000.0,
            4714300000.0,
            4715300000.0,
            4716300000.0,
            4717300000.0,
            4718300000.0,
            4719300000.0,
            4720300000.0,
            4721300000.0,
            4722300000.0,
            4723300000.0,
            4724300000.0,
            4725300000.0,
            4726300000.0,
            4727300000.0,
            4728300000.0,
            4729300000.0,
            4730300000.0,
            4731300000.0,
            4732300000.0,
            4733300000.0,
            4734300000.0,
            4735300000.0,
            4736300000.0,
            4737300000.0,
            4738300000.0,
            4739300000.0,
            4740300000.0,
            4741300000.0,
            4742300000.0,
            4743300000.0,
            4744300000.0,
            4745300000.0,
            4746300000.0,
            4747300000.0,
            4748300000.0,
            4749300000.0,
            4750300000.0,
            4751300000.0,
            4752300000.0,
            4753300000.0,
            4754300000.0,
            4755300000.0,
            4756300000.0,
            4757300000.0,
            4758300000.0,
            4759300000.0,
            4760300000.0,
            4761300000.0,
            4762300000.0,
            4763300000.0,
            4764300000.0,
            4765300000.0,
            4766300000.0,
            4767300000.0,
            4768300000.0,
            4769300000.0,
            4770300000.0,
            4771300000.0,
            4772300000.0,
            4773300000.0
        ],
        "y_data": [
            -0.06305386203064132,
            0.0653719637189734,
            0.14452868451126388,
            0.09988852377696532,
            -0.04015953943078921,
            -0.019472831368474573,
            0.010424705487961062,
            0.003832231830914112,
            0.06295402064535331,
            0.09607138650614919,
            0.11431862713900252,
            0.045912799351724605,
            0.2268039846963273,
            0.14522628030950854,
            0.028770017988133924,
            0.21315565911491308,
            0.18454304427142984,
            0.21932836348186263,
            0.20696021395631717,
            0.23214857717080845,
            0.07986179563323599,
            0.11037177057921733,
            0.1294750359280107,
            0.19969030382559994,
            0.33142135927217875,
            0.35127943497883984,
            0.22637735196382103,
            0.31735543002788924,
            0.31525211358331817,
            0.23619744754741107,
            0.2660386803704948,
            0.3592010692614229,
            0.3915972141618903,
            0.3254857021941113,
            0.3375930223336884,
            0.3383480343568252,
            0.3412209323820819,
            0.3509968757810607,
            0.3359458427811844,
            0.2512585789735423,
            0.48823238853718287,
            0.2937194356382622,
            0.3252732148540676,
            0.3467879756739222,
            0.3528087552071735,
            0.40801275948152604,
            0.2974123027521445,
            0.34849801262288227,
            0.4926083012243334,
            0.4385887214263343,
            0.47626664689323345,
            0.40741058054393836,
            0.4383547449839647,
            0.47309250454906543,
            0.45367305686771875,
            0.45712194008978946,
            0.49575186436626584,
            0.39435886611914966,
            0.39784545278606237,
            0.3801158649128087,
            0.32381839894961795,
            0.3338921314439602,
            0.3434803005960357,
            0.321414137651479,
            0.35565803034476695,
            0.25674089328491545,
            0.33954367248353423,
            0.2815592757865625,
            0.27562506789331365,
            0.2522945637862797,
            0.2359891258081975,
            0.20535256724073875,
            0.08560291433834566,
            0.10311162226054649,
            0.10825728142385664,
            0.1297159728547232,
            0.10533005432023254,
            0.06772678404709935,
            -0.008577081290931965,
            0.051778480855850524,
            0.10813625648566025,
            0.02073524152914018,
            -0.02371258285014803,
            0.0273393734857168,
            -0.03422429743443151,
            -0.006856269275669546,
            0.02337083639322804,
            -0.05228977473423771,
            -0.07264366042581162,
            -0.022489123255850615,
            -0.11280075105457123,
            -0.1256430338230265,
            -0.12004118507691174,
            -0.09984190613967253,
            -0.02451352982436276,
            -0.03335259172754234,
            -0.03114916705131847,
            -0.0927189254574738,
            -0.18122492317900202,
            -0.08254587774603309,
            -0.2242832420126201
        ]
    }
}