{
    "meta_data": {
        "type": "1d",
        "plot_properties": {
            "x_label": "Qubit Frequency [MHz]",
            "y_label": "Amplitude [a.u.]",
            "title": "Qubit Spectroscopy Experiment"
        },
        "experiment_properties": {
            "qubit": "q1",
            "repetitions": 1000
        },
        "qubit_parameters": {
            "qb_freq": 4723300000,
            "drive_amp": 0.5,
            "drive_len": 4e-05,
            "pi_amp": 0.1250089846812596,
            "pi_len": 4e-08,
            "res_freq": 5250000000.0,
            "res_amp": 0.35,
            "res_len": 2e-06,
            "qb_amp_spec": 1.0,
            "qb_lo": 4600000000.0,
            "res_lo": 5600000000.0,
            "flux_bias": -0.0185,
            "anharmnonicity": 190300000,
            "w125": 4628150000.0,
            "ro_delay": 1e-07,
            "ro_int_delay": 4e-08,
            "angle": -2.7369100144220284,
            "ge": [
                0.00011656060279059207,
                0.00029401170412310417
            ]
        }
    },
    "data": {
        "x_data": [
            4722800000.0,
            4722810000.0,
            4722820000.0,
            4722830000.0,
            4722840000.0,
            4722850000.0,
            4722860000.0,
            4722870000.0,
            4722880000.0,
            4722890000.0,
            4722900000.0,
            4722910000.0,
            4722920000.0,
            4722930000.0,
            4722940000.0,
            4722950000.0,
            4722960000.0,
            4722970000.0,
            4722980000.0,
            4722990000.0,
            4723000000.0,
            4723010000.0,
            4723020000.0,
            4723030000.0,
            4723040000.0,
            4723050000.0,
            4723060000.0,
            4723070000.0,
            4723080000.0,
            4723090000.0,
            4723100000.0,
            4723110000.0,
            4723120000.0,
            4723130000.0,
            4723140000.0,
            4723150000.0,
            4723160000.0,
            4723170000.0,
            4723180000.0,
            4723190000.0,
            4723200000.0,
            4723210000.0,
            4723220000.0,
            4723230000.0,
            4723240000.0,
            4723250000.0,
            4723260000.0,
            4723270000.0,
            4723280000.0,
            4723290000.0,
            4723300000.0,
            4723310000.0,
            4723320000.0,
            4723330000.0,
            4723340000.0,
            4723350000.0,
            4723360000.0,
            4723370000.0,
            4723380000.0,
            4723390000.0,
            4723400000.0,
            4723410000.0,
            4723420000.0,
            4723430000.0,
            4723440000.0,
            4723450000.0,
            4723460000.0,
            4723470000.0,
            4723480000.0,
            4723490000.0,
            4723500000.0,
            4723510000.0,
            4723520000.0,
            4723530000.0,
            4723540000.0,
            4723550000.0,
            4723560000.0,
            4723570000.0,
            4723580000.0,
            4723590000.0,
            4723600000.0,
            4723610000.0,
            4723620000.0,
            4723630000.0,
            4723640000.0,
            4723650000.0,
            4723660000.0,
            4723670000.0,
            4723680000.0,
            4723690000.0,
            4723700000.0,
            4723710000.0,
            4723720000.0,
            4723730000.0,
            4723740000.0,
            4723750000.0,
            4723760000.0,
            4723770000.0,
            4723780000.0,
            4723790000.0,
            4723800000.0
        ],
        "y_data": [
            0.06683781624806304,
            0.0324760176049881,
            0.02734408343114537,
            0.11862764950338607,
            0.1025564097236555,
            0.04282876764558914,
            0.17597120135905936,
            0.16707233395243357,
            0.09265595545825801,
            0.160363942568036,
            0.19113783215116026,
            0.16188959680987144,
            0.14133060730477756,
            0.07452567954424613,
            0.1483736724380626,
            0.2769685846599581,
            0.1616405072234943,
            0.1555270151153556,
            0.16703094822108094,
            0.2858792487266836,
            0.31302753679804685,
            0.23193792832052967,
            0.2730052840412037,
            0.22005587435160737,
            0.23986867317280516,
            0.3381768080340861,
            0.2900174424128153,
            0.38013986156354596,
            0.3643828367427853,
            0.36884381009670086,
            0.4520461105584499,
            0.29143163489579216,
            0.4300979468149137,
            0.39303326875212696,
            0.3596327891140621,
            0.5427556940609751,
            0.40206239713882996,
            0.448126644842671,
            0.3888226840576657,
            0.3267926114074416,
            0.453452670086807,
            0.43554136285263245,
            0.40922400657587393,
            0.4664714008680036,
            0.35362798245570204,
            0.3617324304744536,
            0.4515933576247603,
            0.45730386566481995,
            0.334682584242783,
            0.43790474334073176,
            0.2785573294263332,
            0.3364120424669211,
            0.345319732349998,
            0.3435703532363499,
            0.3901441905006589,
            0.46212842140812793,
            0.2677233977142269,
            0.2596067879909132,
            0.2885436324451391,
            0.27854898988513166,
            0.33052151898583615,
            0.2736585623802935,
            0.18176696263347175,
            0.3660034908682178,
            0.2608053680803162,
            0.25819045300398774,
            0.1807980830762224,
            0.10846809744402962,
            0.21834163844365231,
            0.07803189332137661,
            0.22217216484786753,
            0.1859422089011617,
            0.16876593935173623,
            0.09625534920365322,
            0.11998004181628906,
            0.11373007501173812,
            0.12342800048649666,
            0.02539280250872859,
            0.12994534435406943,
            0.12231221005516141,
            0.0591912382296682,
            0.0974400754197701,
            0.05761036371576697,
            -0.023716250731996454,
            0.057728436456378034,
            -0.006190149938479775,
            0.10012603883829477,
            0.10340090274946395,
            0.08655954993283102,
            0.08568693256246045,
            0.011382663657866872,
            -0.04081416271043266,
            -0.0603292709944815,
            0.08826076516348011,
            -0.0457817851784026,
            -0.05325140381855243,
            -0.01601185050468098,
            -0.00964297927981905,
            -0.053509863637609456,
            -0.10713641147274322,
            -0.13088029185340364
        ]
    }
}