{
    "meta_data": {
        "type": "1d",
        "plot_properties": {
            "x_label": "Qubit Frequency [MHz]",
            "y_label": "Amplitude [a.u.]",
            "title": "Qubit Spectroscopy Experiment"
        },
        "experiment_properties": {
            "qubit": "q4",
            "repetitions": 1000
        },
        "qubit_parameters": {
            "qb_freq": 4323900000.0,
            "drive_amp": 0.2,
            "drive_len": 4e-05,
            "pi_amp": 0.10453792597888534,
            "pi_len": 4e-08,
            "res_freq": 5834500000.0,
            "res_amp": 0.4,
            "res_len": 2e-06,
            "qb_amp_spec": 1.0,
            "qb_lo": 4600000000.0,
            "res_lo": 5600000000.0,
            "flux_bias": -0.7765,
            "anharmnonicity": 208390000.0,
            "w125": 4326260000.0,
            "ro_delay": 2e-08,
            "ro_int_delay": 4e-08,
            "angle": -1.5830180388973587,
            "ge": [
                -0.0004302658396780563,
                -0.0002857599351221882
            ]
        }
    },
    "data": {
        "x_data": [
            4323400000.0,
            4323410000.0,
            4323420000.0,
            4323430000.0,
            4323440000.0,
            4323450000.0,
            4323460000.0,
            4323470000.0,
            4323480000.0,
            4323490000.0,
            4323500000.0,
            4323510000.0,
            4323520000.0,
            4323530000.0,
            4323540000.0,
            4323550000.0,
            4323560000.0,
            4323570000.0,
            4323580000.0,
            4323590000.0,
            4323600000.0,
            4323610000.0,
            4323620000.0,
            4323630000.0,
            4323640000.0,
            4323650000.0,
            4323660000.0,
            4323670000.0,
            4323680000.0,
            4323690000.0,
            4323700000.0,
            4323710000.0,
            4323720000.0,
            4323730000.0,
            4323740000.0,
            4323750000.0,
            4323760000.0,
            4323770000.0,
            4323780000.0,
            4323790000.0,
            4323800000.0,
            4323810000.0,
            4323820000.0,
            4323830000.0,
            4323840000.0,
            4323850000.0,
            4323860000.0,
            4323870000.0,
            4323880000.0,
            4323890000.0,
            4323900000.0,
            4323910000.0,
            4323920000.0,
            4323930000.0,
            4323940000.0,
            4323950000.0,
            4323960000.0,
            4323970000.0,
            4323980000.0,
            4323990000.0,
            4324000000.0,
            4324010000.0,
            4324020000.0,
            4324030000.0,
            4324040000.0,
            4324050000.0,
            4324060000.0,
            4324070000.0,
            4324080000.0,
            4324090000.0,
            4324100000.0,
            4324110000.0,
            4324120000.0,
            4324130000.0,
            4324140000.0,
            4324150000.0,
            4324160000.0,
            4324170000.0,
            4324180000.0,
            4324190000.0,
            4324200000.0,
            4324210000.0,
            4324220000.0,
            4324230000.0,
            4324240000.0,
            4324250000.0,
            4324260000.0,
            4324270000.0,
            4324280000.0,
            4324290000.0,
            4324300000.0,
            4324310000.0,
            4324320000.0,
            4324330000.0,
            4324340000.0,
            4324350000.0,
            4324360000.0,
            4324370000.0,
            4324380000.0,
            4324390000.0,
            4324400000.0
        ],
        "y_data": [
            0.09637612763791034,
            0.017505379628725448,
            0.07605521428606304,
            0.10867855847888482,
            -0.04796627890084988,
            -0.1578125704071459,
            -0.040744780804194344,
            -0.1534249341129844,
            -0.1092059771522484,
            0.014154000146351485,
            -0.0048568090834856656,
            -0.09495320954394046,
            0.1861600467818613,
            0.18745314181199343,
            0.04380088871878321,
            0.0014071078629281093,
            0.023982190915526086,
            -0.033890072555524564,
            -0.006726240946224421,
            -0.008497002852852072,
            0.12799409531851,
            -0.0015438006041934883,
            0.014706279866824884,
            -0.00047768338666419357,
            -0.05259184045760875,
            -0.09511758747463697,
            -0.010520233866265103,
            0.1071665205002684,
            -0.025184870070959403,
            0.015667789307333837,
            0.05355747139734765,
            0.16583929914530374,
            0.054934643197210184,
            -0.06247746833260838,
            0.06165011103515078,
            0.11769177448400851,
            0.023126776500218833,
            -0.04197223954556954,
            0.3747493328422853,
            0.2172572560245715,
            0.28281527782248955,
            0.31947876405197817,
            0.2928272370732985,
            0.2993896924427017,
            0.4845860370673466,
            0.2340882365500813,
            0.38259794181932266,
            0.3530250525719015,
            0.4132405800558888,
            0.46361595501279296,
            0.5990429338599573,
            0.7075665510877819,
            0.36603410411716325,
            0.48701151076004345,
            0.48245555614211577,
            0.23588116054932803,
            0.3013291669451479,
            0.2270471395631213,
            0.3102571228988896,
            0.3341095175312011,
            0.48731645528928413,
            0.11937139437743237,
            0.3093413443616182,
            0.2863240817102595,
            0.055295379316682415,
            -0.016835550016731444,
            0.02443987746222673,
            0.08818646774902095,
            0.06862581565136487,
            0.03266066715460147,
            0.21779070192300334,
            0.1571692892817918,
            0.1132588392635464,
            0.12861398082603642,
            0.1914516176249598,
            0.10757723979594756,
            0.019638925821335092,
            -0.013258772137428888,
            -0.031638809854740615,
            0.22557329570047888,
            -0.10105381127878052,
            0.02319069931149355,
            -0.0903225303638616,
            -0.004181637975954209,
            -0.008226680716487644,
            -0.11409000568521953,
            -0.02113197400833857,
            -0.12460437924986947,
            0.058601499905100995,
            0.12619141134035203,
            -0.0026253442394795637,
            -0.012277492769684855,
            -0.17986164333672683,
            -0.05542873308104452,
            0.05783867099489432,
            -0.11787173427729854,
            -0.16519809638422173,
            -0.15888433590931786,
            0.04620195292160801,
            -0.0662274014670863,
            0.044523486983815835
        ]
    }
}