{
    "meta_data": {
        "type": "1d",
        "plot_properties": {
            "x_label": "Qubit Frequency [MHz]",
            "y_label": "Amplitude [a.u.]",
            "title": "Qubit Spectroscopy Experiment"
        },
        "experiment_properties": {
            "qubit": "q3",
            "repetitions": 1000
        },
        "qubit_parameters": {
            "qb_freq": 4533000000,
            "drive_amp": 0.5,
            "drive_len": 4e-05,
            "pi_amp": 0.12311032872520918,
            "pi_len": 4e-08,
            "res_freq": 6155000000.0,
            "res_amp": 0.4,
            "res_len": 2e-06,
            "qb_amp_spec": 1.0,
            "qb_lo": 4600000000.0,
            "res_lo": 5600000000.0,
            "flux_bias": -0.837,
            "anharmnonicity": 209100000.0,
            "w125": 4428450000.0,
            "ro_delay": 2e-08,
            "ro_int_delay": 4e-08,
            "angle": -7.852623448891259,
            "ge": [
                -0.0003101590383918415,
                -0.00021195280752536226
            ]
        }
    },
    "data": {
        "x_data": [
            4532750000.0,
            4532755000.0,
            4532760000.0,
            4532765000.0,
            4532770000.0,
            4532775000.0,
            4532780000.0,
            4532785000.0,
            4532790000.0,
            4532795000.0,
            4532800000.0,
            4532805000.0,
            4532810000.0,
            4532815000.0,
            4532820000.0,
            4532825000.0,
            4532830000.0,
            4532835000.0,
            4532840000.0,
            4532845000.0,
            4532850000.0,
            4532855000.0,
            4532860000.0,
            4532865000.0,
            4532870000.0,
            4532875000.0,
            4532880000.0,
            4532885000.0,
            4532890000.0,
            4532895000.0,
            4532900000.0,
            4532905000.0,
            4532910000.0,
            4532915000.0,
            4532920000.0,
            4532925000.0,
            4532930000.0,
            4532935000.0,
            4532940000.0,
            4532945000.0,
            4532950000.0,
            4532955000.0,
            4532960000.0,
            4532965000.0,
            4532970000.0,
            4532975000.0,
            4532980000.0,
            4532985000.0,
            4532990000.0,
            4532995000.0,
            4533000000.0,
            4533005000.0,
            4533010000.0,
            4533015000.0,
            4533020000.0,
            4533025000.0,
            4533030000.0,
            4533035000.0,
            4533040000.0,
            4533045000.0,
            4533050000.0,
            4533055000.0,
            4533060000.0,
            4533065000.0,
            4533070000.0,
            4533075000.0,
            4533080000.0,
            4533085000.0,
            4533090000.0,
            4533095000.0,
            4533100000.0,
            4533105000.0,
            4533110000.0,
            4533115000.0,
            4533120000.0,
            4533125000.0,
            4533130000.0,
            4533135000.0,
            4533140000.0,
            4533145000.0,
            4533150000.0,
            4533155000.0,
            4533160000.0,
            4533165000.0,
            4533170000.0,
            4533175000.0,
            4533180000.0,
            4533185000.0,
            4533190000.0,
            4533195000.0,
            4533200000.0,
            4533205000.0,
            4533210000.0,
            4533215000.0,
            4533220000.0,
            4533225000.0,
            4533230000.0,
            4533235000.0,
            4533240000.0,
            4533245000.0,
            4533250000.0
        ],
        "y_data": [
            0.20908487799890504,
            0.29780481559434774,
            0.31198680299856685,
            0.3213483532182143,
            0.0851137131339188,
            0.22706716689116016,
            0.14329111851849333,
            0.35516175312326864,
            0.42624240855591583,
            0.2513053517739381,
            0.3944626668476652,
            0.18823552160103418,
            0.4455356507621779,
            0.33277909069768763,
            0.4543641239367132,
            0.35647497978770565,
            0.3078287313598067,
            0.4027956338772995,
            0.43998474478184646,
            0.1269330614517546,
            0.5034456213665773,
            0.47071642536510755,
            0.5144155605086228,
            0.35944130825273835,
            0.4670085113590648,
            0.6748533081125667,
            0.42526950361530774,
            0.4445761071493325,
            0.4407641998614495,
            0.5242367788975123,
            0.48151312410816804,
            0.6709877637275172,
            0.485415975687519,
            0.5423798379814805,
            0.6946104501117397,
            0.6930094593387842,
            0.6984800651571107,
            0.5974976965741744,
            0.5699645988128613,
            0.7539771944940824,
            0.5539089268062188,
            0.7465746072584863,
            0.4918475244723905,
            0.6564088139947292,
            0.800090951776107,
            0.7577809179943967,
            0.6075060988976646,
            0.7065978563834993,
            0.7326468905724003,
            0.6498133552054386,
            0.49815915282340156,
            0.5529155048608535,
            0.44617453278298047,
            0.55810361383936,
            0.44936330985477485,
            0.7297257256829391,
            0.6783247792899011,
            0.49693225182977774,
            0.6556715182981736,
            0.3895005634234302,
            0.2291070684110048,
            0.5426588367795269,
            0.4214339895113417,
            0.3737924516966114,
            0.24088063590273023,
            0.5013762484851894,
            0.43319628134932064,
            0.3654049475449647,
            0.37610276410618837,
            0.33450426435094216,
            0.401632431902451,
            0.40729498000591746,
            0.45330469468967133,
            0.4728263123786438,
            0.3337977510110261,
            0.22350810151484224,
            0.3762144500661491,
            0.31254883221280766,
            0.23191550553092208,
            0.11909265185548087,
            0.23930892676005308,
            0.08480284633282323,
            0.25262159564495706,
            0.26666959304882276,
            0.27531319262651044,
            0.3360609888333712,
            0.22450381119459645,
            0.21276898723819446,
            0.3034333559096661,
            0.3624036530461518,
            0.42221535080795186,
            0.04276296658443926,
            0.42835051332846996,
            0.24737299253067135,
            0.4305524309648337,
            0.3182825048825077,
            0.39722587395182074,
            0.353565213158115,
            0.21375765562767315,
            0.23009793343646678,
            0.2611704035646913
        ]
    }
}