{
    "meta_data": {
        "type": "1d",
        "plot_properties": {
            "x_label": "Qubit Frequency [MHz]",
            "y_label": "Amplitude [a.u.]",
            "title": "Qubit Spectroscopy Experiment"
        },
        "experiment_properties": {
            "qubit": "q4",
            "repetitions": 1000
        },
        "qubit_parameters": {
            "qb_freq": 4323900000.0,
            "drive_amp": 0.2,
            "drive_len": 4e-05,
            "pi_amp": 0.10453792597888534,
            "pi_len": 4e-08,
            "res_freq": 5834500000.0,
            "res_amp": 0.4,
            "res_len": 2e-06,
            "qb_amp_spec": 1.0,
            "qb_lo": 4600000000.0,
            "res_lo": 5600000000.0,
            "flux_bias": -0.775,
            "anharmnonicity": 208390000.0,
            "w125": 4326260000.0,
            "ro_delay": 2e-08,
            "ro_int_delay": 4e-08,
            "angle": -1.5830180388973587,
            "ge": [
                -0.0004302658396780563,
                -0.0002857599351221882
            ]
        }
    },
    "data": {
        "x_data": [
            4323400000.0,
            4323410000.0,
            4323420000.0,
            4323430000.0,
            4323440000.0,
            4323450000.0,
            4323460000.0,
            4323470000.0,
            4323480000.0,
            4323490000.0,
            4323500000.0,
            4323510000.0,
            4323520000.0,
            4323530000.0,
            4323540000.0,
            4323550000.0,
            4323560000.0,
            4323570000.0,
            4323580000.0,
            4323590000.0,
            4323600000.0,
            4323610000.0,
            4323620000.0,
            4323630000.0,
            4323640000.0,
            4323650000.0,
            4323660000.0,
            4323670000.0,
            4323680000.0,
            4323690000.0,
            4323700000.0,
            4323710000.0,
            4323720000.0,
            4323730000.0,
            4323740000.0,
            4323750000.0,
            4323760000.0,
            4323770000.0,
            4323780000.0,
            4323790000.0,
            4323800000.0,
            4323810000.0,
            4323820000.0,
            4323830000.0,
            4323840000.0,
            4323850000.0,
            4323860000.0,
            4323870000.0,
            4323880000.0,
            4323890000.0,
            4323900000.0,
            4323910000.0,
            4323920000.0,
            4323930000.0,
            4323940000.0,
            4323950000.0,
            4323960000.0,
            4323970000.0,
            4323980000.0,
            4323990000.0,
            4324000000.0,
            4324010000.0,
            4324020000.0,
            4324030000.0,
            4324040000.0,
            4324050000.0,
            4324060000.0,
            4324070000.0,
            4324080000.0,
            4324090000.0,
            4324100000.0,
            4324110000.0,
            4324120000.0,
            4324130000.0,
            4324140000.0,
            4324150000.0,
            4324160000.0,
            4324170000.0,
            4324180000.0,
            4324190000.0,
            4324200000.0,
            4324210000.0,
            4324220000.0,
            4324230000.0,
            4324240000.0,
            4324250000.0,
            4324260000.0,
            4324270000.0,
            4324280000.0,
            4324290000.0,
            4324300000.0,
            4324310000.0,
            4324320000.0,
            4324330000.0,
            4324340000.0,
            4324350000.0,
            4324360000.0,
            4324370000.0,
            4324380000.0,
            4324390000.0,
            4324400000.0
        ],
        "y_data": [
            0.08122220726317966,
            0.06508155567385016,
            0.06290640423704316,
            -0.20373960281101847,
            0.17074937570135446,
            0.048554905227628224,
            -0.0937495788924434,
            0.003948164712182241,
            0.12355947408461607,
            -0.011407272903466862,
            0.06312695220328296,
            -0.005606430578151521,
            0.1415829357879321,
            0.014174562807123923,
            0.16070243237008255,
            0.032433451940880445,
            0.12503344921611223,
            0.06434138041622514,
            0.031905432287221716,
            0.19442649382967597,
            -0.010703086258879068,
            -0.01931749119460782,
            0.12495126094900234,
            0.19243360454113426,
            0.13856812452570857,
            -0.024340703348237104,
            0.043506046305358516,
            -0.06319367445616132,
            0.11723603509196928,
            -0.007911358499935933,
            -0.005245931394305102,
            0.18790519357333066,
            0.03379603520928525,
            0.05712955664788117,
            0.011945734512006756,
            0.02611772895006609,
            0.1429906192173878,
            -0.03549593657645727,
            -0.07818935907226256,
            0.00876615570195765,
            0.05041259411388087,
            0.09770693918882623,
            0.016083039240430926,
            0.007143079168972738,
            -0.09844698687191536,
            0.12959801032281182,
            0.1138297768499379,
            0.02269005898914589,
            0.1463881383053164,
            0.0825451850426882,
            0.020097986967059046,
            0.009447867443040702,
            -0.013804519137720659,
            0.08251560765631909,
            0.18835636229560673,
            -0.010370606923869805,
            0.09391260785581938,
            0.03693692834339819,
            0.09189252450193788,
            0.20446465378506776,
            0.24305115237868144,
            0.08643140271122826,
            0.1421232905243951,
            -0.0007000784267018047,
            -0.05213068925105995,
            0.039860894576561744,
            0.010728666957221402,
            0.2638707616911696,
            0.15238921357804988,
            0.1921179425151389,
            -0.0037437953697778475,
            0.08173014417871804,
            0.3996875210553908,
            0.08897241487321345,
            0.20892435342139537,
            0.09914961461211522,
            0.26496045097776355,
            0.252236640134427,
            0.3318767893408527,
            0.3171898276557103,
            0.3521818591937633,
            0.40994366644142377,
            0.4722904433785755,
            0.3333804535768916,
            0.3105620720830548,
            0.5622739572798796,
            0.5396136248822246,
            0.3192819143032399,
            0.626879917270807,
            0.5443816834344634,
            0.3680298263923817,
            0.3917916813586405,
            0.5468088356927129,
            0.4693572524827479,
            0.5030429368878583,
            0.44872564111573643,
            0.4999088357531867,
            0.29499259268828076,
            0.3391438344712523,
            0.4582028576063195,
            0.24908855560840304
        ]
    }
}