{
    "meta_data": {
        "type": "1d",
        "plot_properties": {
            "x_label": "Rabi Amplitude [s]",
            "y_label": "State",
            "title": "Power Rabi Experiment"
        },
        "experiment_properties": {
            "qubit": "q1",
            "repetitions": 1000
        },
        "qubit_parameters": {
            "qb_freq": 4723300000,
            "drive_amp": 1,
            "drive_len": 4e-05,
            "pi_amp": 0.22682103323907832,
            "pi_len": 4e-08,
            "res_freq": 5250000000.0,
            "res_amp": 0.35,
            "res_len": 2e-06,
            "qb_amp_spec": 1.0,
            "qb_lo": 4600000000.0,
            "res_lo": 5600000000.0,
            "flux_bias": -0.0157,
            "anharmnonicity": 190300000,
            "w125": 4628150000.0,
            "ro_delay": 1e-07,
            "ro_int_delay": 4e-08,
            "angle": -2.7369100144220284,
            "ge": [
                0.00011656060279059207,
                0.00029401170412310417
            ]
        }
    },
    "data": {
        "x_data": [
            0.0,
            0.006873364643608435,
            0.01374672928721687,
            0.0206200939308253,
            0.02749345857443374,
            0.03436682321804217,
            0.0412401878616506,
            0.04811355250525904,
            0.05498691714886748,
            0.06186028179247591,
            0.06873364643608434,
            0.07560701107969278,
            0.0824803757233012,
            0.08935374036690966,
            0.09622710501051808,
            0.10310046965412652,
            0.10997383429773495,
            0.11684719894134339,
            0.12372056358495181,
            0.13059392822856025,
            0.1374672928721687,
            0.14434065751577713,
            0.15121402215938556,
            0.158087386802994,
            0.1649607514466024,
            0.17183411609021085,
            0.1787074807338193,
            0.18558084537742775,
            0.19245421002103616,
            0.1993275746646446,
            0.20620093930825303,
            0.21307430395186147,
            0.2199476685954699,
            0.22682103323907835,
            0.23369439788268678,
            0.24056776252629522,
            0.24744112716990363,
            0.25431449181351207,
            0.2611878564571205,
            0.26806122110072894,
            0.2749345857443374,
            0.2818079503879458,
            0.28868131503155425,
            0.2955546796751627,
            0.3024280443187711,
            0.30930140896237956,
            0.316174773605988,
            0.32304813824959644,
            0.3299215028932048,
            0.33679486753681326,
            0.3436682321804217,
            0.3505415968240302,
            0.3574149614676386,
            0.364288326111247,
            0.3711616907548555,
            0.3780350553984639,
            0.3849084200420723,
            0.39178178468568076,
            0.3986551493292892,
            0.40552851397289763,
            0.41240187861650607,
            0.4192752432601145,
            0.42614860790372294,
            0.4330219725473314,
            0.4398953371909398,
            0.4467687018345482,
            0.4536420664781567,
            0.46051543112176513,
            0.46738879576537357,
            0.474262160408982,
            0.48113552505259044,
            0.4880088896961989,
            0.49488225433980726,
            0.5017556189834158,
            0.5086289836270241,
            0.5155023482706327,
            0.522375712914241,
            0.5292490775578494,
            0.5361224422014579,
            0.5429958068450663,
            0.5498691714886748,
            0.5567425361322832,
            0.5636159007758916,
            0.5704892654195001,
            0.5773626300631085,
            0.5842359947067169,
            0.5911093593503254,
            0.5979827239939338,
            0.6048560886375423,
            0.6117294532811507,
            0.6186028179247591,
            0.6254761825683676,
            0.632349547211976,
            0.6392229118555844,
            0.6460962764991929,
            0.6529696411428013,
            0.6598430057864096,
            0.6667163704300182,
            0.6735897350736265,
            0.680463099717235
        ],
        "y_data": [
            0.03019755449517331,
            0.0316459815529225,
            0.005102748802721185,
            0.010189470153940026,
            0.05902114456825237,
            0.14014895117703294,
            0.2720735931516623,
            0.3394248082446491,
            0.41244395536637146,
            0.45778539721798567,
            0.6294052299272674,
            0.6926560275604149,
            0.8381630304827651,
            0.8558272238436873,
            0.9325404408685749,
            1.0028583048345854,
            1.0829826220319905,
            0.9889235956176111,
            1.0263368471700476,
            1.0640523752491544,
            1.097149756915741,
            0.9212640104468266,
            0.9865275286768426,
            1.036585511396913,
            0.9127278327196143,
            0.7412564222367263,
            0.7371877594753621,
            0.536559233752773,
            0.5541853969104659,
            0.4414467106263432,
            0.2890834361633803,
            0.2514371103553039,
            0.15731509766064986,
            0.1105403168766703,
            0.07500174566536436,
            -0.00759398926012506,
            -0.12422500742551733,
            0.0024905562075249257,
            -0.0077971886256905576,
            0.08038099082888785,
            0.04113675964749657,
            0.17751947016221303,
            0.16148802098704523,
            0.25029737065698815,
            0.2401664853914419,
            0.45298582825639777,
            0.5509589849755373,
            0.6136128833588179,
            0.686158157658758,
            0.6940317273746962,
            0.8710404108826856,
            0.8454108127781141,
            0.9806591747288317,
            1.0159960469338485,
            1.1030368683872642,
            0.9973512239811942,
            1.0222097750202483,
            1.096801247868,
            1.0089557490119623,
            0.9856622247050358,
            0.9462465731170374,
            0.8340493539105557,
            0.6490974943269195,
            0.7011757976193833,
            0.6084456164442545,
            0.45720722478695663,
            0.4277601300531575,
            0.25262140329434835,
            0.27287088816497107,
            0.18467521462737213,
            0.14751475996644653,
            0.09392399407004799,
            -0.06702441994559122,
            -0.01303714525578648,
            0.06590017661215462,
            0.0381505473480243,
            -0.05769609687176236,
            0.03948787655416717,
            0.09490026852592273,
            0.18370370659836405,
            0.24098295149369256,
            0.3289909614728443,
            0.309301368758937,
            0.42010670375515596,
            0.5741991494862257,
            0.6167848119338668,
            0.7002970233931857,
            0.7061594930367388,
            0.806952490482801,
            0.9054303509284749,
            0.996917713022547,
            0.9687089275733646,
            1.018747116771463,
            1.0637524948242996,
            0.9992525783448579,
            1.0396774440601964,
            0.9840454268592689,
            0.9092785431344451,
            0.8823362997284773,
            0.7982746675436317
        ]
    }
}