{
    "meta_data": {
        "type": "1d",
        "plot_properties": {
            "x_label": "Rabi Amplitude [s]",
            "y_label": "State",
            "title": "Power Rabi Experiment"
        },
        "experiment_properties": {
            "qubit": "q1",
            "repetitions": 1000
        },
        "qubit_parameters": {
            "qb_freq": 4723300000,
            "drive_amp": 0.5,
            "drive_len": 4e-05,
            "pi_amp": 0.12007172548165183,
            "pi_len": 4e-08,
            "res_freq": 5250000000.0,
            "res_amp": 0.35,
            "res_len": 2e-06,
            "qb_amp_spec": 1.0,
            "qb_lo": 4600000000.0,
            "res_lo": 5600000000.0,
            "flux_bias": -0.0157,
            "anharmnonicity": 190300000,
            "w125": 4628150000.0,
            "ro_delay": 1e-07,
            "ro_int_delay": 4e-08,
            "angle": -2.7369100144220284,
            "ge": [
                0.00011656060279059207,
                0.00029401170412310417
            ]
        }
    },
    "data": {
        "x_data": [
            0.0,
            0.0036385371358076315,
            0.007277074271615263,
            0.010915611407422894,
            0.014554148543230526,
            0.01819268567903816,
            0.02183122281484579,
            0.025469759950653426,
            0.029108297086461052,
            0.032746834222268685,
            0.03638537135807632,
            0.040023908493883945,
            0.04366244562969158,
            0.04730098276549921,
            0.05093951990130685,
            0.054578057037114464,
            0.058216594172922104,
            0.061855131308729744,
            0.06549366844453737,
            0.069132205580345,
            0.07277074271615264,
            0.07640927985196025,
            0.08004781698776789,
            0.08368635412357553,
            0.08732489125938316,
            0.0909634283951908,
            0.09460196553099842,
            0.09824050266680606,
            0.1018790398026137,
            0.10551757693842131,
            0.10915611407422893,
            0.11279465121003658,
            0.11643318834584421,
            0.12007172548165185,
            0.12371026261745949,
            0.1273487997532671,
            0.13098733688907474,
            0.13462587402488235,
            0.13826441116069,
            0.14190294829649763,
            0.14554148543230527,
            0.1491800225681129,
            0.1528185597039205,
            0.15645709683972817,
            0.16009563397553578,
            0.16373417111134342,
            0.16737270824715106,
            0.1710112453829587,
            0.1746497825187663,
            0.17828831965457392,
            0.1819268567903816,
            0.18556539392618923,
            0.18920393106199684,
            0.19284246819780443,
            0.19648100533361212,
            0.20011954246941974,
            0.2037580796052274,
            0.207396616741035,
            0.21103515387684263,
            0.21467369101265027,
            0.21831222814845785,
            0.22195076528426555,
            0.22558930242007316,
            0.22922783955588083,
            0.23286637669168841,
            0.23650491382749605,
            0.2401434509633037,
            0.24378198809911128,
            0.24742052523491898,
            0.2510590623707266,
            0.2546975995065342,
            0.25833613664234184,
            0.2619746737781495,
            0.2656132109139571,
            0.2692517480497647,
            0.2728902851855724,
            0.27652882232138,
            0.2801673594571876,
            0.28380589659299527,
            0.2874444337288029,
            0.29108297086461055,
            0.29472150800041813,
            0.2983600451362258,
            0.30199858227203347,
            0.305637119407841,
            0.3092756565436487,
            0.31291419367945633,
            0.3165527308152639,
            0.32019126795107156,
            0.32382980508687925,
            0.32746834222268684,
            0.3311068793584945,
            0.3347454164943021,
            0.33838395363010976,
            0.3420224907659174,
            0.345661027901725,
            0.3492995650375326,
            0.3529381021733403,
            0.35657663930914785,
            0.3602151764449555
        ],
        "y_data": [
            -0.09147717497490118,
            -0.06501718790404336,
            -0.059439001847947794,
            -0.10866944772482225,
            0.004626064039273851,
            -0.0302654205632145,
            -0.01526202984594212,
            0.07172593786975913,
            0.062020524624211835,
            0.17355973886709297,
            0.0695681327583278,
            0.20872131315791395,
            0.2326337622011605,
            0.26033688525564047,
            0.21279901143309984,
            0.37416344346157604,
            0.2574712051032936,
            0.3868724687011724,
            0.5260922005348968,
            0.5160072703111414,
            0.6636413285611623,
            0.6116768763061117,
            0.6828166263180138,
            0.7156451608879069,
            0.7890787877561843,
            0.6577640657087279,
            0.7619397671895163,
            0.845289908005125,
            0.8873144736114174,
            0.8183704482257199,
            0.8965912473275892,
            0.9473397099428389,
            0.8654349859896755,
            0.8447147677554631,
            0.9588570913168917,
            0.9771010526147027,
            0.975498623040286,
            0.9451720084494917,
            0.8301429520860689,
            0.9877791126157022,
            0.8746125350864918,
            0.8625248572199349,
            0.7613218026376444,
            0.7493978606695471,
            0.7578817244548024,
            0.6762940236115733,
            0.7276339208027828,
            0.6421595733709631,
            0.5952387619135644,
            0.4799100260324157,
            0.5665169855083139,
            0.4225260789554424,
            0.4363335074411091,
            0.47033115698506006,
            0.35307982630787754,
            0.2128190881204023,
            0.28104163098743384,
            0.21907447373138397,
            0.1960403061232641,
            0.17205186338988893,
            0.11554607872004509,
            0.06539196497133505,
            0.03864351885636816,
            0.032255302928479127,
            -0.09408635320502315,
            -0.13111795171949395,
            0.010983421769366987,
            0.054221304192505246,
            -0.07301044785251579,
            -0.12718074362980886,
            -0.13598254597918027,
            -0.09019530940379904,
            0.05614447403781198,
            -0.17338541859352163,
            0.05454029315974301,
            0.11918306218926598,
            0.019738293350626948,
            0.08267976034245839,
            0.12405721432130935,
            0.11240977818128911,
            0.1417187348592763,
            0.1817498514112064,
            0.30600790388018784,
            0.3063441113465162,
            0.34140151604911917,
            0.4350875030343836,
            0.44048209674441846,
            0.43981909070958736,
            0.5687049221402464,
            0.60725882429634,
            0.596138824714029,
            0.6799337041642327,
            0.6235762424044282,
            0.6672553039943484,
            0.8614869543127212,
            0.8197590019264827,
            0.9783934859007875,
            0.8265407952990454,
            0.8561483071729764,
            0.8465302619936165
        ]
    }
}