{
    "meta_data": {
        "type": "1d",
        "plot_properties": {
            "x_label": "Rabi Amplitude [s]",
            "y_label": "State",
            "title": "Power Rabi Experiment"
        },
        "experiment_properties": {
            "qubit": "q4",
            "repetitions": 1000
        },
        "qubit_parameters": {
            "qb_freq": 4323900000.0,
            "drive_amp": 0.2,
            "drive_len": 4e-05,
            "pi_amp": 0.10453792597888534,
            "pi_len": 4e-08,
            "res_freq": 5834500000.0,
            "res_amp": 0.4,
            "res_len": 2e-06,
            "qb_amp_spec": 1.0,
            "qb_lo": 4600000000.0,
            "res_lo": 5600000000.0,
            "flux_bias": -0.777,
            "anharmnonicity": 208390000.0,
            "w125": 4326260000.0,
            "ro_delay": 2e-08,
            "ro_int_delay": 4e-08,
            "angle": -1.636332069224985,
            "ge": [
                -0.00044387476118596785,
                -0.0002971436031322688
            ]
        }
    },
    "data": {
        "x_data": [
            0.0,
            0.0031678159387541014,
            0.006335631877508203,
            0.009503447816262304,
            0.012671263755016406,
            0.01583907969377051,
            0.01900689563252461,
            0.02217471157127871,
            0.02534252751003281,
            0.02851034344878691,
            0.03167815938754102,
            0.03484597532629512,
            0.03801379126504922,
            0.041181607203803317,
            0.04434942314255742,
            0.047517239081311516,
            0.05068505502006562,
            0.05385287095881972,
            0.05702068689757382,
            0.06018850283632793,
            0.06335631877508204,
            0.06652413471383613,
            0.06969195065259023,
            0.07285976659134433,
            0.07602758253009843,
            0.07919539846885254,
            0.08236321440760663,
            0.08553103034636074,
            0.08869884628511485,
            0.09186666222386893,
            0.09503447816262303,
            0.09820229410137715,
            0.10137011004013124,
            0.10453792597888535,
            0.10770574191763944,
            0.11087355785639355,
            0.11404137379514764,
            0.11720918973390174,
            0.12037700567265586,
            0.12354482161140995,
            0.12671263755016407,
            0.12988045348891816,
            0.13304826942767226,
            0.13621608536642638,
            0.13938390130518047,
            0.14255171724393456,
            0.14571953318268865,
            0.14888734912144277,
            0.15205516506019687,
            0.15522298099895096,
            0.15839079693770508,
            0.16155861287645917,
            0.16472642881521327,
            0.16789424475396736,
            0.17106206069272148,
            0.17422987663147557,
            0.1773976925702297,
            0.18056550850898379,
            0.18373332444773785,
            0.186901140386492,
            0.19006895632524606,
            0.1932367722640002,
            0.1964045882027543,
            0.1995724041415084,
            0.2027402200802625,
            0.20590803601901658,
            0.2090758519577707,
            0.2122436678965248,
            0.2154114838352789,
            0.21857929977403298,
            0.2217471157127871,
            0.2249149316515412,
            0.2280827475902953,
            0.23125056352904938,
            0.23441837946780347,
            0.23758619540655762,
            0.2407540113453117,
            0.2439218272840658,
            0.2470896432228199,
            0.250257459161574,
            0.25342527510032814,
            0.25659309103908223,
            0.2597609069778363,
            0.2629287229165904,
            0.2660965388553445,
            0.2692643547940986,
            0.27243217073285275,
            0.2755999866716068,
            0.27876780261036094,
            0.28193561854911503,
            0.2851034344878691,
            0.2882712504266232,
            0.2914390663653773,
            0.2946068823041314,
            0.29777469824288555,
            0.30094251418163964,
            0.30411033012039373,
            0.3072781460591478,
            0.3104459619979019,
            0.313613777936656
        ],
        "y_data": [
            0.08532263111244073,
            0.020981743925241964,
            0.14052531698649093,
            0.18544282383527932,
            0.10316720272934977,
            0.02907155445055122,
            0.42567887262987686,
            0.1674796734912751,
            0.13904333664043914,
            0.21257305493499307,
            0.2962578141407024,
            0.3211836919129391,
            0.25837901127254603,
            0.20334401054708123,
            0.5897402636404409,
            0.5410371815515881,
            0.3474896995227339,
            0.5442601408192542,
            0.5803104641257232,
            0.6885212966790901,
            0.8286137075725614,
            0.6929990703849157,
            0.7182874292625354,
            0.9600980453569165,
            0.7969135270276528,
            1.057661043575115,
            1.0250588888523449,
            0.919139878176221,
            0.9498294340987213,
            0.918948498461819,
            0.9095747808844651,
            1.175931553357485,
            1.096496180684311,
            1.0379421568941771,
            1.2097574824813278,
            1.1064752493543164,
            0.9693635324143135,
            0.8381404762016466,
            1.0088707955022473,
            0.8705596359487989,
            0.9612851212829135,
            0.894968222098232,
            0.9408078723412596,
            0.8578457235852472,
            0.9229146334816338,
            0.7842741994140439,
            0.8275732100833755,
            0.9311209955435026,
            0.6004216548096303,
            0.6911574012486216,
            0.6250556020164042,
            0.643429941050609,
            0.5345476509137553,
            0.310529816348263,
            0.4071400730645063,
            0.39505454621596475,
            0.4066812004702816,
            0.20453123133789278,
            0.24711277792590325,
            0.28499891663823806,
            0.24851530037967992,
            0.18231638625141472,
            0.015074513912548911,
            0.06855799872260804,
            0.09873069945047985,
            0.16413454459116106,
            0.09326892782525659,
            0.1353283545745601,
            0.06347482670553639,
            0.04040991351275425,
            -0.10922434432819136,
            0.22845194488267326,
            0.15792996029269085,
            0.06817302552105471,
            0.31861709632364943,
            0.23342252118117132,
            0.1431770880438959,
            0.20372751768003816,
            0.2802487672831645,
            0.3796163492451658,
            0.32289993195846056,
            0.45562215837776904,
            0.45166439709434697,
            0.6454908992997284,
            0.6084511946956472,
            0.7774570941314745,
            0.5949450097855491,
            0.6074599741650114,
            0.6726243426391719,
            0.8180867771364464,
            0.8359645823921413,
            0.9163057603673993,
            0.8051197836499416,
            0.9714762761671234,
            0.9475483578899907,
            0.9585028769969106,
            0.9204388245798533,
            0.8353408586818712,
            1.0500391234787283,
            1.0874653035691626
        ]
    }
}