{
    "meta_data": {
        "type": "1d",
        "plot_properties": {
            "x_label": "Rabi Amplitude [s]",
            "y_label": "State",
            "title": "Power Rabi Experiment"
        },
        "experiment_properties": {
            "qubit": "q1",
            "repetitions": 1000
        },
        "qubit_parameters": {
            "qb_freq": 4723300000,
            "drive_amp": 0.5,
            "drive_len": 4e-05,
            "pi_amp": 0.1250089846812596,
            "pi_len": 4e-08,
            "res_freq": 5250000000.0,
            "res_amp": 0.35,
            "res_len": 2e-06,
            "qb_amp_spec": 1.0,
            "qb_lo": 4600000000.0,
            "res_lo": 5600000000.0,
            "flux_bias": -0.0183,
            "anharmnonicity": 190300000,
            "w125": 4628150000.0,
            "ro_delay": 1e-07,
            "ro_int_delay": 4e-08,
            "angle": -2.7369100144220284,
            "ge": [
                0.00011656060279059207,
                0.00029401170412310417
            ]
        }
    },
    "data": {
        "x_data": [
            0.0,
            0.0037881510509472608,
            0.0075763021018945215,
            0.011364453152841781,
            0.015152604203789043,
            0.018940755254736305,
            0.022728906305683562,
            0.02651705735663083,
            0.030305208407578086,
            0.034093359458525346,
            0.03788151050947261,
            0.04166966156041987,
            0.045457812611367124,
            0.04924596366231439,
            0.05303411471326166,
            0.0568222657642089,
            0.06061041681515617,
            0.06439856786610344,
            0.06818671891705069,
            0.07197486996799796,
            0.07576302101894522,
            0.07955117206989247,
            0.08333932312083973,
            0.087127474171787,
            0.09091562522273425,
            0.09470377627368153,
            0.09849192732462878,
            0.10228007837557604,
            0.10606822942652332,
            0.10985638047747055,
            0.1136445315284178,
            0.1174326825793651,
            0.12122083363031234,
            0.1250089846812596,
            0.12879713573220689,
            0.13258528678315412,
            0.13637343783410139,
            0.14016158888504865,
            0.1439497399359959,
            0.14773789098694318,
            0.15152604203789044,
            0.1553141930888377,
            0.15910234413978494,
            0.1628904951907322,
            0.16667864624167947,
            0.17046679729262673,
            0.174254948343574,
            0.17804309939452126,
            0.1818312504454685,
            0.18561940149641576,
            0.18940755254736305,
            0.19319570359831034,
            0.19698385464925755,
            0.20077200570020481,
            0.20456015675115208,
            0.20834830780209931,
            0.21213645885304663,
            0.21592460990399387,
            0.2197127609549411,
            0.2235009120058884,
            0.2272890630568356,
            0.2310772141077829,
            0.2348653651587302,
            0.23865351620967745,
            0.2424416672606247,
            0.24622981831157192,
            0.2500179693625192,
            0.2538061204134665,
            0.25759427146441377,
            0.261382422515361,
            0.26517057356630824,
            0.2689587246172555,
            0.27274687566820277,
            0.2765350267191501,
            0.2803231777700973,
            0.28411132882104456,
            0.2878994798719918,
            0.29168763092293903,
            0.29547578197388635,
            0.2992639330248336,
            0.3030520840757809,
            0.3068402351267281,
            0.3106283861776754,
            0.3144165372286226,
            0.3182046882795699,
            0.3219928393305172,
            0.3257809903814644,
            0.32956914143241167,
            0.33335729248335894,
            0.3371454435343062,
            0.34093359458525346,
            0.3447217456362007,
            0.348509896687148,
            0.35229804773809525,
            0.3560861987890425,
            0.3598743498399898,
            0.363662500890937,
            0.3674506519418843,
            0.3712388029928315,
            0.3750269540437788
        ],
        "y_data": [
            -0.16425932939382923,
            -0.16571200014083984,
            -0.057600465078384386,
            -0.09210446123848615,
            -0.11042568269947822,
            -0.11531316710441236,
            -0.10127590427486281,
            0.016396693019132824,
            -0.014640849263726812,
            0.10987892947097222,
            0.03428086945135847,
            0.13581491473788562,
            0.14847723096535262,
            0.2590979736287069,
            0.23261891971317203,
            0.2504532469169358,
            0.2869345585308051,
            0.5142536588803335,
            0.5220053397574209,
            0.5145811932238123,
            0.5043050259482048,
            0.6093141732162002,
            0.5954103566923965,
            0.6832591170671846,
            0.776002650605917,
            0.7304509192624357,
            0.7577458452774456,
            0.8002179716948893,
            0.866220085561187,
            0.8976774119178761,
            0.8473618503375558,
            0.9254574679980802,
            0.9385915956643724,
            0.8844912690168302,
            0.9507345855379485,
            0.8391818149917741,
            0.860664946585342,
            0.939728065883467,
            0.7873192450162321,
            0.704955159042977,
            0.7629036316499431,
            0.7247151632613887,
            0.6952640647896727,
            0.7418574688920607,
            0.688769995444383,
            0.641137688068907,
            0.672693540418841,
            0.5468025682546701,
            0.477059228928553,
            0.4431333388622207,
            0.3930487924290035,
            0.30538409899598445,
            0.2328559844392767,
            0.19737938852840967,
            0.24839643175410442,
            0.229544469760807,
            0.10558991214965105,
            -0.0340684795512724,
            0.09354154839659805,
            0.0412664084294355,
            -0.15847980748055665,
            -0.00953073474129761,
            -0.08782545288288694,
            -0.040809272706728156,
            -0.1216562827934836,
            -0.10658631524437925,
            -0.12207512980613812,
            -0.21336371779846225,
            -0.14246864575564164,
            -0.14810789052078419,
            -0.09406618705718778,
            -0.1501639460272261,
            -0.05593294424767985,
            -0.010730908441210158,
            -0.09969116969059542,
            -0.03899607032612481,
            0.040608931889490905,
            0.17280795273012087,
            0.10167941561043432,
            0.11508890696672903,
            0.1897288996442612,
            0.27010022912414394,
            0.314462609217772,
            0.2912082504288885,
            0.3589175263768521,
            0.37829954581821634,
            0.4484351168903134,
            0.5346630097232283,
            0.5593466305460398,
            0.605487610368476,
            0.6984698151322044,
            0.7932675467341114,
            0.6690112656594949,
            0.8114532131226435,
            0.7831577923496892,
            0.833109284435597,
            0.7751900472275229,
            0.8822462865114487,
            0.8317739699867942,
            0.8973656256607462
        ]
    }
}