{
    "meta_data": {
        "type": "1d",
        "plot_properties": {
            "x_label": "Rabi Amplitude [s]",
            "y_label": "State",
            "title": "Power Rabi Experiment"
        },
        "experiment_properties": {
            "qubit": "q4",
            "repetitions": 1000
        },
        "qubit_parameters": {
            "qb_freq": 4323900000.0,
            "drive_amp": 0.2,
            "drive_len": 4e-05,
            "pi_amp": 0.10453792597888534,
            "pi_len": 4e-08,
            "res_freq": 5834500000.0,
            "res_amp": 0.4,
            "res_len": 2e-06,
            "qb_amp_spec": 1.0,
            "qb_lo": 4600000000.0,
            "res_lo": 5600000000.0,
            "flux_bias": -0.777,
            "anharmnonicity": 208390000.0,
            "w125": 4326260000.0,
            "ro_delay": 2e-08,
            "ro_int_delay": 4e-08,
            "angle": -3.3688413635748384,
            "ge": [
                -0.0001949400167004023,
                -1.2757100836121984e-05
            ]
        }
    },
    "data": {
        "x_data": [
            0.0,
            0.0031678159387541014,
            0.006335631877508203,
            0.009503447816262304,
            0.012671263755016406,
            0.01583907969377051,
            0.01900689563252461,
            0.02217471157127871,
            0.02534252751003281,
            0.02851034344878691,
            0.03167815938754102,
            0.03484597532629512,
            0.03801379126504922,
            0.041181607203803317,
            0.04434942314255742,
            0.047517239081311516,
            0.05068505502006562,
            0.05385287095881972,
            0.05702068689757382,
            0.06018850283632793,
            0.06335631877508204,
            0.06652413471383613,
            0.06969195065259023,
            0.07285976659134433,
            0.07602758253009843,
            0.07919539846885254,
            0.08236321440760663,
            0.08553103034636074,
            0.08869884628511485,
            0.09186666222386893,
            0.09503447816262303,
            0.09820229410137715,
            0.10137011004013124,
            0.10453792597888535,
            0.10770574191763944,
            0.11087355785639355,
            0.11404137379514764,
            0.11720918973390174,
            0.12037700567265586,
            0.12354482161140995,
            0.12671263755016407,
            0.12988045348891816,
            0.13304826942767226,
            0.13621608536642638,
            0.13938390130518047,
            0.14255171724393456,
            0.14571953318268865,
            0.14888734912144277,
            0.15205516506019687,
            0.15522298099895096,
            0.15839079693770508,
            0.16155861287645917,
            0.16472642881521327,
            0.16789424475396736,
            0.17106206069272148,
            0.17422987663147557,
            0.1773976925702297,
            0.18056550850898379,
            0.18373332444773785,
            0.186901140386492,
            0.19006895632524606,
            0.1932367722640002,
            0.1964045882027543,
            0.1995724041415084,
            0.2027402200802625,
            0.20590803601901658,
            0.2090758519577707,
            0.2122436678965248,
            0.2154114838352789,
            0.21857929977403298,
            0.2217471157127871,
            0.2249149316515412,
            0.2280827475902953,
            0.23125056352904938,
            0.23441837946780347,
            0.23758619540655762,
            0.2407540113453117,
            0.2439218272840658,
            0.2470896432228199,
            0.250257459161574,
            0.25342527510032814,
            0.25659309103908223,
            0.2597609069778363,
            0.2629287229165904,
            0.2660965388553445,
            0.2692643547940986,
            0.27243217073285275,
            0.2755999866716068,
            0.27876780261036094,
            0.28193561854911503,
            0.2851034344878691,
            0.2882712504266232,
            0.2914390663653773,
            0.2946068823041314,
            0.29777469824288555,
            0.30094251418163964,
            0.30411033012039373,
            0.3072781460591478,
            0.3104459619979019,
            0.313613777936656
        ],
        "y_data": [
            3.6713434410634305,
            3.7528760628557576,
            3.807653836336395,
            3.7251924180932514,
            3.6586636568434203,
            3.621719398986344,
            3.606117748078101,
            3.560604749221537,
            3.6295761200474415,
            3.6887176631751104,
            3.633429478156222,
            3.4951293164667963,
            3.554539140711325,
            3.588777832831418,
            3.5026599520979302,
            3.3767266210376365,
            3.4485554717040245,
            3.3149520311906664,
            3.4648791278584317,
            3.365316891979832,
            3.4335120908463863,
            3.542409561201624,
            3.361913122685792,
            3.3548999751499555,
            3.253173951064361,
            3.1971697784204474,
            3.2487646696959898,
            3.212702018812196,
            3.3800648928565873,
            3.2609432441911013,
            3.1259241455666653,
            3.2104540548003686,
            3.318298544839232,
            3.3214950728439367,
            3.2497005644880983,
            3.2764379381419633,
            3.2681000558778837,
            3.4107267091996762,
            3.3010568104524425,
            3.259723420547205,
            3.32389916824167,
            3.313254081000074,
            3.22071816732644,
            3.2862777061025796,
            3.356282276410714,
            3.4283620450419394,
            3.364343690004322,
            3.465658671945273,
            3.4397671698700476,
            3.334224228658362,
            3.418637673403434,
            3.4758006582940064,
            3.4553233910247925,
            3.502795154730676,
            3.555505982425347,
            3.6695092466577357,
            3.523688577534836,
            3.643688448492479,
            3.52158727873081,
            3.6117754425137565,
            3.6708323158141924,
            3.731553699379386,
            3.684203056821712,
            3.5933579492135386,
            3.596981931023335,
            3.675147062414751,
            3.745129117042762,
            3.5732093098542954,
            3.6625614555532238,
            3.691834751417831,
            3.7348744500182223,
            3.746331675009908,
            3.666626520352619,
            3.65780035602157,
            3.6174143533906826,
            3.5963266202781363,
            3.591940661714677,
            3.664305459855968,
            3.5965202434597003,
            3.5022520996838673,
            3.429002112353054,
            3.582110845093177,
            3.4880053432391147,
            3.530207213816917,
            3.3950231220490013,
            3.3558535535809653,
            3.365876112414338,
            3.418760417662609,
            3.4974286894539106,
            3.2985360105701433,
            3.284775732530607,
            3.2179429795073147,
            3.35558976777257,
            3.344307018717572,
            3.247781452136297,
            3.226337938342979,
            3.185641042763228,
            3.3052529060167943,
            3.0902993406811508,
            3.106797422926936
        ]
    }
}