{
    "meta_data": {
        "type": "1d",
        "plot_properties": {
            "x_label": "Rabi Amplitude [s]",
            "y_label": "State",
            "title": "Power Rabi Experiment"
        },
        "experiment_properties": {
            "qubit": "q4",
            "repetitions": 1000
        },
        "qubit_parameters": {
            "qb_freq": 4323900000.0,
            "drive_amp": 0.14,
            "drive_len": 4e-05,
            "pi_amp": 0.108208,
            "pi_len": 4e-08,
            "res_freq": 5830500000.0,
            "res_amp": 0.3,
            "res_len": 2e-06,
            "qb_amp_spec": 1.0,
            "qb_lo": 4600000000.0,
            "res_lo": 5600000000.0,
            "flux_bias": -0.777,
            "anharmnonicity": 208390000.0,
            "w125": 4326260000.0,
            "ro_delay": 2e-08,
            "ro_int_delay": 4e-08,
            "angle": -3.3688413635748384,
            "ge": [
                -0.0001949400167004023,
                -1.2757100836121984e-05
            ]
        }
    },
    "data": {
        "x_data": [
            0.0,
            0.003279030303030303,
            0.006558060606060606,
            0.00983709090909091,
            0.013116121212121213,
            0.016395151515151515,
            0.01967418181818182,
            0.022953212121212124,
            0.026232242424242425,
            0.02951127272727273,
            0.03279030303030303,
            0.036069333333333335,
            0.03934836363636364,
            0.042627393939393944,
            0.04590642424242425,
            0.049185454545454546,
            0.05246448484848485,
            0.055743515151515155,
            0.05902254545454546,
            0.062301575757575764,
            0.06558060606060606,
            0.06885963636363636,
            0.07213866666666667,
            0.07541769696969698,
            0.07869672727272728,
            0.08197575757575758,
            0.08525478787878789,
            0.08853381818181819,
            0.0918128484848485,
            0.09509187878787878,
            0.09837090909090909,
            0.1016499393939394,
            0.1049289696969697,
            0.108208,
            0.11148703030303031,
            0.11476606060606062,
            0.11804509090909092,
            0.12132412121212122,
            0.12460315151515153,
            0.12788218181818184,
            0.13116121212121212,
            0.13444024242424243,
            0.13771927272727272,
            0.14099830303030303,
            0.14427733333333334,
            0.14755636363636365,
            0.15083539393939396,
            0.15411442424242427,
            0.15739345454545456,
            0.16067248484848484,
            0.16395151515151515,
            0.1672305454545455,
            0.17050957575757578,
            0.17378860606060606,
            0.17706763636363637,
            0.18034666666666666,
            0.183625696969697,
            0.18690472727272728,
            0.19018375757575756,
            0.1934627878787879,
            0.19674181818181818,
            0.20002084848484852,
            0.2032998787878788,
            0.20657890909090912,
            0.2098579393939394,
            0.21313696969696969,
            0.216416,
            0.21969503030303028,
            0.22297406060606062,
            0.2262530909090909,
            0.22953212121212124,
            0.23281115151515155,
            0.23609018181818184,
            0.23936921212121215,
            0.24264824242424243,
            0.24592727272727277,
            0.24920630303030306,
            0.25248533333333334,
            0.2557643636363637,
            0.25904339393939396,
            0.26232242424242425,
            0.2656014545454546,
            0.26888048484848487,
            0.27215951515151515,
            0.27543854545454544,
            0.2787175757575758,
            0.28199660606060606,
            0.2852756363636364,
            0.2885546666666667,
            0.29183369696969697,
            0.2951127272727273,
            0.2983917575757576,
            0.3016707878787879,
            0.3049498181818182,
            0.30822884848484855,
            0.31150787878787883,
            0.3147869090909091,
            0.31806593939393946,
            0.3213449696969697,
            0.324624
        ],
        "y_data": [
            -0.5275469630818085,
            -0.6639940696388861,
            -0.4955237085091571,
            -0.5384791341986687,
            -0.4799494795363867,
            -0.6726807040258778,
            -0.48493660797757476,
            -0.43693003696208926,
            -0.37072223445983626,
            -0.46432181159194885,
            -0.32760082536669677,
            -0.3772686297793723,
            -0.28631023449029025,
            -0.25252150114790245,
            -0.2674530483307705,
            -0.19370563361098564,
            -0.15360682857651226,
            -0.12777481152438047,
            -0.022078935303412168,
            -0.10194069912312852,
            -0.10522973411461223,
            0.08614324704504114,
            0.17715847447907965,
            0.019038113774328447,
            0.17918741857033238,
            0.1251300095021163,
            0.13724767893665105,
            0.161082154811719,
            0.1480305954741896,
            0.17675908395244208,
            0.2546846425406797,
            0.27534888325795026,
            0.14808994536111114,
            0.16772739965674505,
            0.364405721344001,
            0.2940130731791312,
            0.11807399389246437,
            0.29821076120881385,
            0.15585708960117647,
            0.1456311415978292,
            0.18638666929204498,
            0.018661730365643,
            0.1217999621592274,
            -0.13702099680181834,
            -7.861875770989014e-05,
            -0.026456050939747535,
            -0.11698142156426156,
            -0.03158219831826428,
            -0.26542262918758197,
            -0.20697539799058604,
            -0.22571758511357246,
            -0.3261853891595516,
            -0.3556273844433161,
            -0.27237386515681483,
            -0.33637324390050605,
            -0.4354012923974634,
            -0.40516560729725537,
            -0.455746208554857,
            -0.4131508125818313,
            -0.5100874334921589,
            -0.5632543664450287,
            -0.4912255526429367,
            -0.5295039061773724,
            -0.5553596315048095,
            -0.6328833087778343,
            -0.4135775198149547,
            -0.46335579509471697,
            -0.465372716497326,
            -0.4440747705765518,
            -0.4358502867607357,
            -0.5590654903276108,
            -0.49819579850552687,
            -0.3895220161764021,
            -0.35358046096432605,
            -0.4181585182744407,
            -0.3190933553292786,
            -0.42299944230002223,
            -0.2507912116897518,
            -0.2458898670261569,
            -0.25182477522735325,
            -0.18568976238435206,
            -0.044032508764018645,
            -0.1789996645145202,
            0.027744722099884992,
            -0.044387099434180524,
            0.05617416235170262,
            0.09144800715170687,
            0.09327521176811604,
            0.1535842520414758,
            0.22517695778507874,
            0.19260977273429464,
            0.174132974223321,
            0.16334466663864516,
            0.18193447849671257,
            0.2182053258536608,
            0.24200808165068177,
            0.24732908172839654,
            0.2607999726701464,
            0.25917104051038914,
            0.11347878361218794
        ]
    }
}