{
    "meta_data": {
        "type": "1d",
        "plot_properties": {
            "x_label": "Rabi Amplitude [s]",
            "y_label": "State",
            "title": "Power Rabi Experiment"
        },
        "experiment_properties": {
            "qubit": "q1",
            "repetitions": 1000
        },
        "qubit_parameters": {
            "qb_freq": 4723300000,
            "drive_amp": 0.5,
            "drive_len": 4e-05,
            "pi_amp": 0.1250089846812596,
            "pi_len": 4e-08,
            "res_freq": 5250000000.0,
            "res_amp": 0.35,
            "res_len": 2e-06,
            "qb_amp_spec": 1.0,
            "qb_lo": 4600000000.0,
            "res_lo": 5600000000.0,
            "flux_bias": -0.0183,
            "anharmnonicity": 190300000,
            "w125": 4628150000.0,
            "ro_delay": 1e-07,
            "ro_int_delay": 4e-08,
            "angle": -2.7369100144220284,
            "ge": [
                0.00011656060279059207,
                0.00029401170412310417
            ]
        }
    },
    "data": {
        "x_data": [
            0.0,
            0.0037881510509472608,
            0.0075763021018945215,
            0.011364453152841781,
            0.015152604203789043,
            0.018940755254736305,
            0.022728906305683562,
            0.02651705735663083,
            0.030305208407578086,
            0.034093359458525346,
            0.03788151050947261,
            0.04166966156041987,
            0.045457812611367124,
            0.04924596366231439,
            0.05303411471326166,
            0.0568222657642089,
            0.06061041681515617,
            0.06439856786610344,
            0.06818671891705069,
            0.07197486996799796,
            0.07576302101894522,
            0.07955117206989247,
            0.08333932312083973,
            0.087127474171787,
            0.09091562522273425,
            0.09470377627368153,
            0.09849192732462878,
            0.10228007837557604,
            0.10606822942652332,
            0.10985638047747055,
            0.1136445315284178,
            0.1174326825793651,
            0.12122083363031234,
            0.1250089846812596,
            0.12879713573220689,
            0.13258528678315412,
            0.13637343783410139,
            0.14016158888504865,
            0.1439497399359959,
            0.14773789098694318,
            0.15152604203789044,
            0.1553141930888377,
            0.15910234413978494,
            0.1628904951907322,
            0.16667864624167947,
            0.17046679729262673,
            0.174254948343574,
            0.17804309939452126,
            0.1818312504454685,
            0.18561940149641576,
            0.18940755254736305,
            0.19319570359831034,
            0.19698385464925755,
            0.20077200570020481,
            0.20456015675115208,
            0.20834830780209931,
            0.21213645885304663,
            0.21592460990399387,
            0.2197127609549411,
            0.2235009120058884,
            0.2272890630568356,
            0.2310772141077829,
            0.2348653651587302,
            0.23865351620967745,
            0.2424416672606247,
            0.24622981831157192,
            0.2500179693625192,
            0.2538061204134665,
            0.25759427146441377,
            0.261382422515361,
            0.26517057356630824,
            0.2689587246172555,
            0.27274687566820277,
            0.2765350267191501,
            0.2803231777700973,
            0.28411132882104456,
            0.2878994798719918,
            0.29168763092293903,
            0.29547578197388635,
            0.2992639330248336,
            0.3030520840757809,
            0.3068402351267281,
            0.3106283861776754,
            0.3144165372286226,
            0.3182046882795699,
            0.3219928393305172,
            0.3257809903814644,
            0.32956914143241167,
            0.33335729248335894,
            0.3371454435343062,
            0.34093359458525346,
            0.3447217456362007,
            0.348509896687148,
            0.35229804773809525,
            0.3560861987890425,
            0.3598743498399898,
            0.363662500890937,
            0.3674506519418843,
            0.3712388029928315,
            0.3750269540437788
        ],
        "y_data": [
            -0.25149469869695434,
            -0.18233404500993647,
            -0.15598824104185932,
            -0.14307849328043423,
            -0.1707697055747282,
            -0.15326396994082564,
            -0.02372777749421718,
            -0.09201911664825034,
            0.032941780602022006,
            -0.024847717605440207,
            0.10416349389927271,
            0.11668697268667694,
            0.1494432546088104,
            0.090789907679481,
            0.24400370996352214,
            0.3114141054734352,
            0.39635981924431285,
            0.4226829847696584,
            0.4590334141076311,
            0.5005798567586888,
            0.5606132616707172,
            0.4896161432110545,
            0.6921951655601174,
            0.6160880136990171,
            0.6957986108062563,
            0.7140996994775777,
            0.7959771929333678,
            0.7914552317565058,
            0.8108818419665343,
            0.899730585733763,
            0.8525273178065701,
            0.8310811076363217,
            0.8067685857830156,
            0.8754691492563669,
            0.8788382082854068,
            0.9069268179133152,
            0.8596741545045156,
            0.826135871150427,
            0.8942988333025546,
            0.847131398488554,
            0.7385428905694098,
            0.6539175103272534,
            0.7493981131302037,
            0.6530377823607985,
            0.636719918466326,
            0.6484989332339332,
            0.5702084330048416,
            0.4489362895792889,
            0.45863472907304137,
            0.46423890720464167,
            0.4963932554475128,
            0.36513734157018907,
            0.2527305970770703,
            0.22278515979132352,
            0.11500916086212973,
            0.06530179481930402,
            -0.05546700877377115,
            0.004012042953180023,
            0.01954940463776318,
            -0.06034611573049835,
            0.01680333018532822,
            -0.07158702160207857,
            -0.09435619687689031,
            -0.1486441078572386,
            -0.10003365872679885,
            -0.07370305129814116,
            -0.21382216322716185,
            -0.15011986093801463,
            -0.15672111461566662,
            -0.11511848544297404,
            -0.08140662136203701,
            -0.17155587526100402,
            -0.1368117018305792,
            -0.0748534932813087,
            -0.06346336534551959,
            0.0256391699930435,
            0.027228835520581314,
            0.08393094474148023,
            0.05008880375952388,
            0.12961990058194175,
            0.1858425616186952,
            0.2324719212739035,
            0.3037901025930727,
            0.2954683594887749,
            0.3163746309918426,
            0.37832525245397003,
            0.3287388503190618,
            0.5090204345344075,
            0.5344677988799938,
            0.6387457579196446,
            0.7722795443156383,
            0.7203543686461561,
            0.753435238779304,
            0.7035268226981223,
            0.8153327369849077,
            0.7542385022506225,
            0.8210957553252127,
            0.806055269949606,
            0.8561300435777454,
            0.8411702140748687
        ]
    }
}