{
    "meta_data": {
        "type": "1d",
        "plot_properties": {
            "x_label": "Rabi Amplitude [s]",
            "y_label": "State",
            "title": "Power Rabi Experiment"
        },
        "experiment_properties": {
            "qubit": "q3",
            "repetitions": 1000
        },
        "qubit_parameters": {
            "qb_freq": 4533000000,
            "drive_amp": 0.5,
            "drive_len": 4e-05,
            "pi_amp": 0.11609000000000003,
            "pi_len": 4e-08,
            "res_freq": 6155000000.0,
            "res_amp": 0.4,
            "res_len": 2e-06,
            "qb_amp_spec": 1.0,
            "qb_lo": 4600000000.0,
            "res_lo": 5600000000.0,
            "flux_bias": -0.8327,
            "anharmnonicity": 209100000.0,
            "w125": 4428450000.0,
            "ro_delay": 2e-08,
            "ro_int_delay": 4e-08,
            "angle": -4.877229440159746,
            "ge": [
                -0.00010248448978693157,
                -2.1326262666341262e-05
            ]
        }
    },
    "data": {
        "x_data": [
            0.0,
            0.0035178787878787886,
            0.007035757575757577,
            0.010553636363636366,
            0.014071515151515154,
            0.017589393939393946,
            0.02110727272727273,
            0.024625151515151524,
            0.02814303030303031,
            0.0316609090909091,
            0.03517878787878789,
            0.03869666666666668,
            0.04221454545454546,
            0.045732424242424255,
            0.04925030303030305,
            0.052768181818181825,
            0.05628606060606062,
            0.05980393939393941,
            0.0633218181818182,
            0.066839696969697,
            0.07035757575757579,
            0.07387545454545456,
            0.07739333333333336,
            0.08091121212121215,
            0.08442909090909093,
            0.08794696969696972,
            0.09146484848484851,
            0.0949827272727273,
            0.0985006060606061,
            0.10201848484848486,
            0.10553636363636365,
            0.10905424242424244,
            0.11257212121212123,
            0.11609000000000003,
            0.11960787878787882,
            0.12312575757575761,
            0.1266436363636364,
            0.1301615151515152,
            0.133679393939394,
            0.13719727272727278,
            0.14071515151515157,
            0.14423303030303036,
            0.14775090909090913,
            0.15126878787878792,
            0.1547866666666667,
            0.1583045454545455,
            0.1618224242424243,
            0.1653403030303031,
            0.16885818181818185,
            0.17237606060606064,
            0.17589393939393944,
            0.17941181818181826,
            0.18292969696969702,
            0.1864475757575758,
            0.1899654545454546,
            0.1934833333333334,
            0.1970012121212122,
            0.20051909090909098,
            0.20403696969696972,
            0.20755484848484856,
            0.2110727272727273,
            0.21459060606060615,
            0.21810848484848488,
            0.22162636363636373,
            0.22514424242424247,
            0.22866212121212126,
            0.23218000000000005,
            0.23569787878787885,
            0.23921575757575764,
            0.24273363636363643,
            0.24625151515151522,
            0.249769393939394,
            0.2532872727272728,
            0.2568051515151516,
            0.2603230303030304,
            0.2638409090909092,
            0.267358787878788,
            0.27087666666666677,
            0.27439454545454556,
            0.27791242424242435,
            0.28143030303030314,
            0.28494818181818193,
            0.2884660606060607,
            0.2919839393939395,
            0.29550181818181825,
            0.2990196969696971,
            0.30253757575757584,
            0.3060554545454547,
            0.3095733333333334,
            0.31309121212121227,
            0.316609090909091,
            0.3201269696969698,
            0.3236448484848486,
            0.3271627272727274,
            0.3306806060606062,
            0.33419848484848497,
            0.3377163636363637,
            0.34123424242424255,
            0.3447521212121213,
            0.3482700000000001
        ],
        "y_data": [
            5.026547747556832,
            4.620161674876833,
            5.047302253659496,
            5.102405942041479,
            5.10575652172934,
            4.781867999519867,
            4.922656674417022,
            4.644112362012763,
            4.837147938667612,
            4.454071493490204,
            4.592370414347617,
            4.618109745476214,
            4.630775251486082,
            4.560745059391661,
            4.557433371737341,
            4.499049652045961,
            4.5423815679448865,
            4.339029217157712,
            4.278320692262223,
            4.367607033508486,
            4.3279110387087965,
            4.21757656827602,
            4.17680631739233,
            3.7478795951980506,
            4.0657760198768855,
            4.110472401820437,
            3.755120614026066,
            3.75582829338219,
            3.8720425208563403,
            3.9047093151889394,
            3.640579126084977,
            3.8173095135699366,
            3.7707990740387043,
            3.7699009543418827,
            3.6873154160743082,
            3.6381507983172887,
            3.8168358005783225,
            3.9528925605596577,
            3.742842566294943,
            3.881014564222589,
            3.5971230049908756,
            4.060614846283215,
            3.795152998724852,
            4.110224395070448,
            3.9220917981059205,
            3.9964546053387515,
            4.097269502128454,
            4.184215631872777,
            4.091056600887483,
            4.137928059010522,
            4.163114590988001,
            4.621326416023612,
            4.280740305708015,
            4.442848838494021,
            4.211875066940932,
            4.445611804842357,
            4.3975687337404255,
            4.449328986951833,
            4.689176615317137,
            4.792996294671566,
            4.668694528332459,
            5.008380673146131,
            4.694368539344198,
            4.728124277462748,
            4.892638867345968,
            5.021518598343497,
            4.977812613090678,
            4.920501045083136,
            4.908888916092888,
            5.013927014960395,
            4.806708842950983,
            4.872554385180712,
            4.921329547177934,
            5.058517786516813,
            5.203587670838793,
            4.949929533910713,
            4.892462112651377,
            4.976713870043952,
            4.796957522550972,
            4.792549834449428,
            4.668690664325546,
            4.3842583156939305,
            4.603475198898698,
            4.507991189483761,
            4.509610902939977,
            4.3209558494732105,
            4.396871830836013,
            4.147292690286315,
            4.408203951937941,
            4.113332313135,
            4.167739067945848,
            4.179002060455637,
            4.142256234104953,
            4.183274768567956,
            4.098995113575922,
            3.802188553833942,
            4.0968006137580835,
            3.9651087336215283,
            3.9057033512735706,
            3.6935344979029128
        ]
    }
}