{
    "meta_data": {
        "type": "1d",
        "plot_properties": {
            "x_label": "Rabi Amplitude [s]",
            "y_label": "State",
            "title": "Power Rabi Experiment"
        },
        "experiment_properties": {
            "qubit": "q1",
            "repetitions": 1000
        },
        "qubit_parameters": {
            "qb_freq": 4723300000,
            "drive_amp": 1,
            "drive_len": 4e-05,
            "pi_amp": 0.22682103323907832,
            "pi_len": 4e-08,
            "res_freq": 5250000000.0,
            "res_amp": 0.35,
            "res_len": 2e-06,
            "qb_amp_spec": 1.0,
            "qb_lo": 4600000000.0,
            "res_lo": 5600000000.0,
            "flux_bias": -0.0157,
            "anharmnonicity": 190300000,
            "w125": 4628150000.0,
            "ro_delay": 1e-07,
            "ro_int_delay": 4e-08,
            "angle": -2.7369100144220284,
            "ge": [
                0.00011656060279059207,
                0.00029401170412310417
            ]
        }
    },
    "data": {
        "x_data": [
            0.0,
            0.006873364643608435,
            0.01374672928721687,
            0.0206200939308253,
            0.02749345857443374,
            0.03436682321804217,
            0.0412401878616506,
            0.04811355250525904,
            0.05498691714886748,
            0.06186028179247591,
            0.06873364643608434,
            0.07560701107969278,
            0.0824803757233012,
            0.08935374036690966,
            0.09622710501051808,
            0.10310046965412652,
            0.10997383429773495,
            0.11684719894134339,
            0.12372056358495181,
            0.13059392822856025,
            0.1374672928721687,
            0.14434065751577713,
            0.15121402215938556,
            0.158087386802994,
            0.1649607514466024,
            0.17183411609021085,
            0.1787074807338193,
            0.18558084537742775,
            0.19245421002103616,
            0.1993275746646446,
            0.20620093930825303,
            0.21307430395186147,
            0.2199476685954699,
            0.22682103323907835,
            0.23369439788268678,
            0.24056776252629522,
            0.24744112716990363,
            0.25431449181351207,
            0.2611878564571205,
            0.26806122110072894,
            0.2749345857443374,
            0.2818079503879458,
            0.28868131503155425,
            0.2955546796751627,
            0.3024280443187711,
            0.30930140896237956,
            0.316174773605988,
            0.32304813824959644,
            0.3299215028932048,
            0.33679486753681326,
            0.3436682321804217,
            0.3505415968240302,
            0.3574149614676386,
            0.364288326111247,
            0.3711616907548555,
            0.3780350553984639,
            0.3849084200420723,
            0.39178178468568076,
            0.3986551493292892,
            0.40552851397289763,
            0.41240187861650607,
            0.4192752432601145,
            0.42614860790372294,
            0.4330219725473314,
            0.4398953371909398,
            0.4467687018345482,
            0.4536420664781567,
            0.46051543112176513,
            0.46738879576537357,
            0.474262160408982,
            0.48113552505259044,
            0.4880088896961989,
            0.49488225433980726,
            0.5017556189834158,
            0.5086289836270241,
            0.5155023482706327,
            0.522375712914241,
            0.5292490775578494,
            0.5361224422014579,
            0.5429958068450663,
            0.5498691714886748,
            0.5567425361322832,
            0.5636159007758916,
            0.5704892654195001,
            0.5773626300631085,
            0.5842359947067169,
            0.5911093593503254,
            0.5979827239939338,
            0.6048560886375423,
            0.6117294532811507,
            0.6186028179247591,
            0.6254761825683676,
            0.632349547211976,
            0.6392229118555844,
            0.6460962764991929,
            0.6529696411428013,
            0.6598430057864096,
            0.6667163704300182,
            0.6735897350736265,
            0.680463099717235
        ],
        "y_data": [
            0.010014861010033549,
            0.07790042424503536,
            -0.03201176825363596,
            0.1723225459437869,
            0.05240023876175907,
            0.1991157962438589,
            0.264371671284364,
            0.4302142515727899,
            0.4251081661859713,
            0.48131057275156663,
            0.6051013592107476,
            0.7082524040083106,
            0.8437375016523255,
            0.9445473559646461,
            0.8577308818160727,
            0.8757518972310331,
            0.9553823134403202,
            0.9619604544586025,
            0.9754487901118362,
            1.097890541681588,
            1.0586712051678933,
            1.0032335656142204,
            0.8697799582208282,
            0.8394650322551683,
            0.7197574966893333,
            0.6650980636972985,
            0.6638800562675967,
            0.5747309472449135,
            0.49138354293602887,
            0.3659839198603681,
            0.29736276132856687,
            0.27479673310765307,
            0.2400531142567182,
            0.09012120763335942,
            0.04865061841651021,
            -0.05125168380827693,
            0.04106053889440528,
            0.03641807362160176,
            0.031063902425910648,
            0.01469998720585341,
            0.11813319545205853,
            0.1126823735226827,
            0.1685152656316009,
            0.21936425989975436,
            0.3038093059029694,
            0.46640925422789997,
            0.4676671413436275,
            0.5656941760477694,
            0.7677984139115687,
            0.7422597228712147,
            0.883918011229059,
            0.8570936752891584,
            0.9119333174270161,
            1.0489488766792991,
            0.9573617107468277,
            1.0246362892468734,
            0.9878990852554269,
            0.9406058746182355,
            0.9590509359916495,
            1.0005594371418707,
            0.8729508496602079,
            0.7926100482081034,
            0.7179935324762634,
            0.5708880142568808,
            0.5429047182506155,
            0.5061601030605312,
            0.4569619615337108,
            0.3330325483974175,
            0.35785976285226706,
            0.1624041650764367,
            0.14934966562395682,
            0.07656633078087861,
            -0.00855611189365089,
            0.033664610335662155,
            0.06654403316503689,
            0.06142331643225025,
            0.03779067870795689,
            -0.043212511273859826,
            0.1107775468773188,
            0.16808893122722768,
            0.35179726173159465,
            0.3504367558032427,
            0.3502553700239698,
            0.49318496836817555,
            0.6511059901880295,
            0.6647045510736039,
            0.7565443247416292,
            0.8079670259955681,
            0.9054611405145908,
            0.9205241475793523,
            0.9376137545119619,
            1.0281296248770384,
            1.0054055858526998,
            1.1551334178377366,
            0.9754005864264816,
            0.8779921690328457,
            0.9336770816691939,
            0.9139793071072279,
            0.8656500021060535,
            0.9140201966358792
        ]
    }
}