{
    "meta_data": {
        "type": "1d",
        "plot_properties": {
            "x_label": "Rabi Amplitude [s]",
            "y_label": "State",
            "title": "Power Rabi Experiment"
        },
        "experiment_properties": {
            "qubit": "q1",
            "repetitions": 1000
        },
        "qubit_parameters": {
            "qb_freq": 4723300000,
            "drive_amp": 1,
            "drive_len": 4e-05,
            "pi_amp": 0.126478879232232,
            "pi_len": 4e-08,
            "res_freq": 5250000000.0,
            "res_amp": 0.35,
            "res_len": 2e-06,
            "qb_amp_spec": 1.0,
            "qb_lo": 4600000000.0,
            "res_lo": 5600000000.0,
            "flux_bias": -0.0157,
            "anharmnonicity": 190300000,
            "w125": 4628150000.0,
            "ro_delay": 1e-07,
            "ro_int_delay": 4e-08,
            "angle": -2.7369100144220284,
            "ge": [
                0.00011656060279059207,
                0.00029401170412310417
            ]
        }
    },
    "data": {
        "x_data": [
            0.0,
            0.003832693310067637,
            0.007665386620135274,
            0.011498079930202909,
            0.015330773240270547,
            0.019163466550338185,
            0.022996159860405818,
            0.026828853170473455,
            0.030661546480541094,
            0.03449423979060873,
            0.03832693310067637,
            0.042159626410744,
            0.045992319720811636,
            0.04982501303087928,
            0.05365770634094691,
            0.057490399651014545,
            0.06132309296108219,
            0.06515578627114983,
            0.06898847958121745,
            0.07282117289128509,
            0.07665386620135274,
            0.08048655951142036,
            0.084319252821488,
            0.08815194613155565,
            0.09198463944162327,
            0.09581733275169091,
            0.09965002606175856,
            0.10348271937182621,
            0.10731541268189382,
            0.11114810599196145,
            0.11498079930202909,
            0.11881349261209673,
            0.12264618592216438,
            0.12647887923223203,
            0.13031157254229966,
            0.13414426585236727,
            0.1379769591624349,
            0.14180965247250255,
            0.14564234578257018,
            0.14947503909263785,
            0.15330773240270548,
            0.1571404257127731,
            0.16097311902284073,
            0.16480581233290836,
            0.168638505642976,
            0.17247119895304366,
            0.1763038922631113,
            0.1801365855731789,
            0.18396927888324655,
            0.1878019721933142,
            0.19163466550338182,
            0.1954673588134495,
            0.19930005212351712,
            0.20313274543358473,
            0.20696543874365242,
            0.21079813205372003,
            0.21463082536378764,
            0.21846351867385527,
            0.2222962119839229,
            0.22612890529399055,
            0.22996159860405818,
            0.23379429191412585,
            0.23762698522419345,
            0.24145967853426115,
            0.24529237184432875,
            0.24912506515439636,
            0.25295775846446406,
            0.25679045177453164,
            0.26062314508459933,
            0.2644558383946669,
            0.26828853170473455,
            0.2721212250148022,
            0.2759539183248698,
            0.27978661163493745,
            0.2836193049450051,
            0.2874519982550728,
            0.29128469156514036,
            0.295117384875208,
            0.2989500781852757,
            0.3027827714953433,
            0.30661546480541096,
            0.31044815811547855,
            0.3142808514255462,
            0.3181135447356138,
            0.32194623804568145,
            0.3257789313557491,
            0.3296116246658167,
            0.3334443179758844,
            0.337277011285952,
            0.3411097045960197,
            0.34494239790608733,
            0.3487750912161549,
            0.3526077845262226,
            0.3564404778362902,
            0.3602731711463578,
            0.36410586445642545,
            0.3679385577664931,
            0.3717712510765607,
            0.3756039443866284,
            0.379436637696696
        ],
        "y_data": [
            0.0160515796809413,
            0.07127125546949162,
            0.0164476764251981,
            -0.012311149908120215,
            0.017816988529988937,
            0.18787567580543194,
            0.07641411709579879,
            0.13230203956268544,
            0.21510281234350515,
            0.1796814734744992,
            0.09967690526548673,
            0.2351139000567812,
            0.33464653164802877,
            0.32119518678793413,
            0.534407671925141,
            0.4543605587885492,
            0.44984358314104533,
            0.555822123606214,
            0.5928896094408951,
            0.6608875862796626,
            0.6737380838752716,
            0.7790035685490883,
            0.7651565484706373,
            0.8403014745911569,
            0.8753768684422716,
            0.8527925876191583,
            0.9982771605873066,
            0.9818089772208171,
            0.9851252052563457,
            1.0307670794588142,
            0.9984767333896597,
            1.0029510610025292,
            1.065318392659413,
            1.0206953416310993,
            1.059071806022539,
            1.107701996363283,
            0.9920206081986968,
            1.020271870721919,
            1.0325373635278343,
            0.9567620981135101,
            1.0482486326976528,
            0.8662573219917218,
            0.7687602988681702,
            0.8620682536926306,
            0.7968951319194679,
            0.7934757464127673,
            0.7176058272058056,
            0.7007065240545736,
            0.5902892078197477,
            0.6053499685153655,
            0.4701141101903994,
            0.4147736293242844,
            0.4867430916624254,
            0.35210988762889556,
            0.23672432459771978,
            0.2839559662975707,
            0.25955795618647787,
            0.18024899972304437,
            0.20064408274815362,
            0.10553387422347751,
            0.1593092711178864,
            0.07313179990921576,
            0.04219117977420004,
            -0.004701468294421067,
            -0.006389207584628616,
            0.06763160334708633,
            -0.004656377153284654,
            0.0318836270143507,
            -0.026355776173480592,
            0.034246214866965614,
            0.01847911171066294,
            0.06485997919390038,
            0.08943569924194632,
            0.1749712922643496,
            0.18204834519780136,
            0.21470751050915282,
            0.19343182083320193,
            0.23967202110522307,
            0.24923864922237507,
            0.35807476835468344,
            0.5029906532245693,
            0.46767297864339846,
            0.6229468564718107,
            0.5661946648943663,
            0.6801646969462024,
            0.6525968537593225,
            0.6865266899449234,
            0.728463142612371,
            0.7924406539309382,
            0.8683915421224953,
            0.9271731519536438,
            0.8206797793891519,
            0.9123324247456467,
            0.9465000667393091,
            0.9160392924329259,
            1.029148722118843,
            1.0085480553775243,
            1.003050412989423,
            1.0562894310635342,
            1.0784772148444133
        ]
    }
}