{
    "meta_data": {},
    "data": {
        "x_data": [
            1,
            6,
            11,
            16,
            21,
            26,
            31,
            36,
            41,
            46
        ],
        "y_data": [
            0.9655188264190678,
            0.857157595940474,
            0.7921620166563862,
            0.7053154841983746,
            0.4520359584950454,
            0.3773675284621718,
            0.4068585269380681,
            0.3837749322086276,
            0.3237206334100732,
            0.3624105695051908
        ]
    }
}