{
    "meta_data": {},
    "data": {
        "x_data": [
            1,
            6,
            11,
            16,
            21,
            26,
            31,
            36,
            41,
            46,
            51,
            56,
            61,
            66,
            71,
            76,
            81,
            86,
            91,
            96
        ],
        "y_data": [
            0.9408780998242554,
            0.8795344607238198,
            0.8190499560784239,
            0.725185172665616,
            0.5179596085243823,
            0.35440288412160414,
            0.30401198047257916,
            0.3925616769351191,
            0.27809717635147935,
            0.3616678854467422,
            0.3251574919573529,
            0.38834626857421284,
            0.39285089404352347,
            0.4215343122741335,
            0.411019578093609,
            0.38907558048160096,
            0.50687188766699,
            0.42860218215969825,
            0.4553436505047279,
            0.4759496070928445
        ]
    }
}