{
    "meta_data": {},
    "data": {
        "x_data": [
            1,
            6,
            11,
            16,
            21,
            26,
            31,
            36,
            41,
            46,
            51,
            56,
            61,
            66,
            71,
            76,
            81,
            86,
            91,
            96
        ],
        "y_data": [
            0.9286033215457244,
            0.8772066069086811,
            0.826043634676156,
            0.7591799492376231,
            0.47753526789688316,
            0.39862080562114355,
            0.3459977265001607,
            0.38513167687754113,
            0.2998341983020376,
            0.32137805547788856,
            0.34033114107988705,
            0.32175763469939955,
            0.41501241615427464,
            0.3776329254906703,
            0.4297412917677692,
            0.495089598188995,
            0.4261722368183809,
            0.4609247519886135,
            0.45647799050174365,
            0.4130179621851978
        ]
    }
}