{
    "meta_data": {},
    "data": {
        "x_data": [
            1,
            6,
            11,
            16,
            21,
            26,
            31,
            36,
            41,
            46,
            51,
            56,
            61,
            66,
            71,
            76,
            81,
            86,
            91,
            96
        ],
        "y_data": [
            0.9424089929658739,
            0.8430650222663871,
            0.802455116612263,
            0.7507908407599655,
            0.48131004871375105,
            0.37025763737221495,
            0.3908320890690222,
            0.39930556261989447,
            0.30022024044053797,
            0.3025114878395726,
            0.3223586131221243,
            0.3990946065712435,
            0.410603052960853,
            0.41314990562980547,
            0.4740817570633997,
            0.42291516471185286,
            0.48256520235531464,
            0.4169857676724814,
            0.4432200973723881,
            0.4811666303637062
        ]
    }
}