{
    "meta_data": {},
    "data": {
        "x_data": [
            1,
            6,
            11,
            16,
            21,
            26,
            31,
            36,
            41,
            46,
            51,
            56,
            61,
            66,
            71,
            76,
            81,
            86,
            91,
            96
        ],
        "y_data": [
            0.9262981897961712,
            0.8613754647187482,
            0.8729414485598533,
            0.7836252030012503,
            0.44875065820403204,
            0.4394205865558555,
            0.32527736111095296,
            0.4075611149373042,
            0.33313310460268875,
            0.3800500028440995,
            0.41847071176161565,
            0.40035913067292916,
            0.4321436000211727,
            0.41538540873033103,
            0.46281794330609305,
            0.48271697851773754,
            0.5142423763036699,
            0.4536123712280473,
            0.4621125498851971,
            0.48599176669070965
        ]
    }
}