{
    "meta_data": {},
    "data": {
        "x_data": [
            1,
            6,
            11,
            16,
            21,
            26,
            31,
            36,
            41,
            46,
            51,
            56,
            61,
            66,
            71,
            76,
            81,
            86,
            91,
            96
        ],
        "y_data": [
            0.8050759738635423,
            0.7864102051363971,
            0.78261302425389,
            0.6901769003264489,
            0.6144311528443254,
            0.5487219064520621,
            0.4915331531854895,
            0.41159754496299805,
            0.3996583055269396,
            0.4235625453442692,
            0.35835429913243677,
            0.4020714394481486,
            0.38934321664723637,
            0.3621889111083666,
            0.40316346688984095,
            0.3286991702343679,
            0.27963297849803526,
            0.32128847758893997,
            0.3337739959742664,
            0.2809885735588966
        ]
    }
}