{
    "meta_data": {},
    "data": {
        "x_data": [
            1,
            6,
            11,
            16,
            21,
            26,
            31,
            36,
            41,
            46,
            51,
            56,
            61,
            66,
            71,
            76,
            81,
            86,
            91,
            96
        ],
        "y_data": [
            1.1859557039539028,
            1.1376797728262087,
            1.0684395481907698,
            1.087178722223313,
            1.058194897450344,
            0.9859713314449057,
            0.9335013204317586,
            0.8468588807747525,
            0.8677462973207801,
            0.8733472439572236,
            0.8438310202713019,
            0.8414516795369292,
            0.8371244885466046,
            0.8088310991027559,
            0.8101755403452879,
            0.7965513041697933,
            0.7811075200461697,
            0.7694516607396694,
            0.7389398958371058,
            0.757082087742061
        ]
    }
}