{
    "meta_data": {},
    "data": {
        "x_data": [
            1,
            6,
            11,
            16,
            21,
            26,
            31,
            36,
            41,
            46,
            51,
            56,
            61,
            66,
            71,
            76,
            81,
            86,
            91,
            96
        ],
        "y_data": [
            1.091131038951191,
            0.9727212446756941,
            0.9389204663473055,
            0.8628626893388194,
            0.8134415057514945,
            0.7944724754243467,
            0.7551608811364348,
            0.6877255707468098,
            0.6589252076985364,
            0.6447906256831677,
            0.6157240317887407,
            0.6215370119337322,
            0.6100214036674414,
            0.598891475823423,
            0.580987996719458,
            0.5828617386499242,
            0.580380950802881,
            0.5761327241487406,
            0.5790728268898863,
            0.5608019687445828
        ]
    }
}