{
    "meta_data": {},
    "data": {
        "x_data": [
            1,
            6,
            11,
            16,
            21,
            26,
            31,
            36,
            41,
            46,
            51,
            56,
            61,
            66,
            71,
            76,
            81,
            86,
            91,
            96
        ],
        "y_data": [
            1.0331943234352812,
            0.9491648796832286,
            0.9206965979062582,
            0.9080251389064578,
            0.8161501321640516,
            0.8485252418529663,
            0.7889300415356832,
            0.7280454328693661,
            0.7359917640507021,
            0.6833706403272437,
            0.6803412698502728,
            0.6455373706639695,
            0.5983893022430514,
            0.5727734516350804,
            0.5912056439947326,
            0.5798826224244505,
            0.5809249432148937,
            0.5617712081593691,
            0.5420181576118701,
            0.5394904158093066
        ]
    }
}