{
    "meta_data": {
        "type": "Resonator Spectroscopy",
        "plot_properties": {
            "x_label": "Resonator Frequency [GHz]",
            "y_label": "Amplitude [a.u.]",
            "title": "Resonator Spectroscopy"
        },
        "experiment_properties": {
            "qubit": "q1",
            "repetitions": 1000
        },
        "qubit_parameters": {
            "qb_freq": 4723300000,
            "drive_amp": 1,
            "drive_len": 4e-05,
            "pi_amp": 0.22682103323907832,
            "pi_len": 4e-08,
            "res_freq": 5238000000.0,
            "res_amp": 0.35,
            "res_len": 2e-06,
            "qb_amp_spec": 1.0,
            "qb_lo": 4600000000.0,
            "res_lo": 5600000000.0,
            "flux_bias": -0.0157,
            "anharmnonicity": 190300000,
            "w125": 4628150000.0,
            "ro_delay": 1e-07,
            "ro_int_delay": 4e-08,
            "angle": -1.68245008826125,
            "ge": [
                1.319217177243527e-05,
                0.0001221452261202709
            ]
        }
    },
    "data": {
        "x": [
            5138000000.0,
            5140000000.0,
            5142000000.0,
            5144000000.0,
            5146000000.0,
            5148000000.0,
            5150000000.0,
            5152000000.0,
            5154000000.0,
            5156000000.0,
            5158000000.0,
            5160000000.0,
            5162000000.0,
            5164000000.0,
            5166000000.0,
            5168000000.0,
            5170000000.0,
            5172000000.0,
            5174000000.0,
            5176000000.0,
            5178000000.0,
            5180000000.0,
            5182000000.0,
            5184000000.0,
            5186000000.0,
            5188000000.0,
            5190000000.0,
            5192000000.0,
            5194000000.0,
            5196000000.0,
            5198000000.0,
            5200000000.0,
            5202000000.0,
            5204000000.0,
            5206000000.0,
            5208000000.0,
            5210000000.0,
            5212000000.0,
            5214000000.0,
            5216000000.0,
            5218000000.0,
            5220000000.0,
            5222000000.0,
            5224000000.0,
            5226000000.0,
            5228000000.0,
            5230000000.0,
            5232000000.0,
            5234000000.0,
            5236000000.0,
            5238000000.0,
            5240000000.0,
            5242000000.0,
            5244000000.0,
            5246000000.0,
            5248000000.0,
            5250000000.0,
            5252000000.0,
            5254000000.0,
            5256000000.0,
            5258000000.0,
            5260000000.0,
            5262000000.0,
            5264000000.0,
            5266000000.0,
            5268000000.0,
            5270000000.0,
            5272000000.0,
            5274000000.0,
            5276000000.0,
            5278000000.0,
            5280000000.0,
            5282000000.0,
            5284000000.0,
            5286000000.0,
            5288000000.0,
            5290000000.0,
            5292000000.0,
            5294000000.0,
            5296000000.0,
            5298000000.0,
            5300000000.0,
            5302000000.0,
            5304000000.0,
            5306000000.0,
            5308000000.0,
            5310000000.0,
            5312000000.0,
            5314000000.0,
            5316000000.0,
            5318000000.0,
            5320000000.0,
            5322000000.0,
            5324000000.0,
            5326000000.0,
            5328000000.0,
            5330000000.0,
            5332000000.0,
            5334000000.0,
            5336000000.0,
            5338000000.0
        ],
        "a_e": [
            0.00028055792516569705,
            0.00030879390951378825,
            0.00029347506956324516,
            0.0003095969425809712,
            0.0003249267989764569,
            0.0003219446084629174,
            0.00032281717169997665,
            0.00033318751353897445,
            0.00032822173870651736,
            0.00032569135160625385,
            0.000322478073623199,
            0.000319208809838994,
            0.0003273705161873115,
            0.00033368554384028315,
            0.0003573334745281837,
            0.00036825336857873245,
            0.00037655377090616834,
            0.00038012776010284716,
            0.0003880823923029228,
            0.00040435231768388475,
            0.0004368559180191867,
            0.0004267718561654927,
            0.00041874545982328285,
            0.00042221118911871627,
            0.00040993342914675683,
            0.0003981759044930382,
            0.0003894147935940639,
            0.00038658198807931036,
            0.00040511120046461164,
            0.00040359012008182556,
            0.00040379311278552056,
            0.0004158753961353626,
            0.00041409606066609284,
            0.0004161346299511261,
            0.0003873847138586764,
            0.00040426853117403943,
            0.0003632034509225598,
            0.00033085313355284314,
            0.00030383576457988077,
            0.00024710474947566116,
            0.00022955323174554627,
            0.0001760264221695086,
            0.00013797946523947915,
            0.00010101355905625827,
            6.790373102933633e-05,
            7.261834930994257e-05,
            7.089350624605681e-05,
            8.891930042302732e-05,
            5.434439748444256e-05,
            4.2646529206925336e-05,
            2.3285808645440446e-05,
            4.473184850546688e-05,
            8.408863578688504e-05,
            6.936713345488529e-05,
            0.0001372536027621306,
            0.00014978017745621714,
            0.00018707200954618463,
            0.0002087825755485421,
            0.00023881064405528407,
            0.00025344243242846916,
            0.00026880071589239357,
            0.00029072970778683043,
            0.0003129355714009202,
            0.0003238150208347131,
            0.0003167129043550638,
            0.00028716212821402613,
            0.0003124750925807173,
            0.00028014236293287943,
            0.00027103015849817586,
            0.00024974335435176855,
            0.00021836950981409518,
            0.00016720632675751,
            0.00013293430200307643,
            9.041361351151686e-05,
            5.055984718836723e-05,
            4.3173422501598996e-05,
            2.4177983095382813e-05,
            4.7762097877119015e-05,
            6.628571345792554e-05,
            5.991576447819163e-05,
            6.89912105401014e-05,
            7.843400202518932e-05,
            7.214524280037469e-05,
            7.779397521095576e-05,
            9.13465907736564e-05,
            0.00012725875194227477,
            0.000130833525049909,
            0.00013701800372344325,
            0.00018287580863532045,
            0.00019687104571117879,
            0.0002251062929831088,
            0.0002440320057377189,
            0.00024258523107501592,
            0.00024891757738606054,
            0.00026734409354983474,
            0.00023211976529874555,
            0.00025256415374430054,
            0.0002488940739983899,
            0.000256627688046978,
            0.00025723535607422693,
            0.00027787729436287164
        ],