{
    "meta_data": {
        "type": "Resonator Spectroscopy",
        "plot_properties": {
            "x_label": "Resonator Frequency [GHz]",
            "y_label": "Amplitude [a.u.]",
            "title": "Resonator Spectroscopy"
        },
        "experiment_properties": {
            "qubit": "q4",
            "repetitions": 1000
        },
        "qubit_parameters": {
            "qb_freq": 4323900000.0,
            "drive_amp": 0.2,
            "drive_len": 4e-05,
            "pi_amp": 0.10453792597888534,
            "pi_len": 4e-08,
            "res_freq": 5800500000.0,
            "res_amp": 0.4,
            "res_len": 2e-06,
            "qb_amp_spec": 1.0,
            "qb_lo": 4600000000.0,
            "res_lo": 5600000000.0,
            "flux_bias": -0.777,
            "anharmnonicity": 208390000.0,
            "w125": 4326260000.0,
            "ro_delay": 2e-08,
            "ro_int_delay": 4e-08,
            "angle": -3.3688413635748384,
            "ge": [
                -0.0001949400167004023,
                -1.2757100836121984e-05
            ]
        }
    },
    "data": {
        "x": [
            5700500000.0,
            5702500000.0,
            5704500000.0,
            5706500000.0,
            5708500000.0,
            5710500000.0,
            5712500000.0,
            5714500000.0,
            5716500000.0,
            5718500000.0,
            5720500000.0,
            5722500000.0,
            5724500000.0,
            5726500000.0,
            5728500000.0,
            5730500000.0,
            5732500000.0,
            5734500000.0,
            5736500000.0,
            5738500000.0,
            5740500000.0,
            5742500000.0,
            5744500000.0,
            5746500000.0,
            5748500000.0,
            5750500000.0,
            5752500000.0,
            5754500000.0,
            5756500000.0,
            5758500000.0,
            5760500000.0,
            5762500000.0,
            5764500000.0,
            5766500000.0,
            5768500000.0,
            5770500000.0,
            5772500000.0,
            5774500000.0,
            5776500000.0,
            5778500000.0,
            5780500000.0,
            5782500000.0,
            5784500000.0,
            5786500000.0,
            5788500000.0,
            5790500000.0,
            5792500000.0,
            5794500000.0,
            5796500000.0,
            5798500000.0,
            5800500000.0,
            5802500000.0,
            5804500000.0,
            5806500000.0,
            5808500000.0,
            5810500000.0,
            5812500000.0,
            5814500000.0,
            5816500000.0,
            5818500000.0,
            5820500000.0,
            5822500000.0,
            5824500000.0,
            5826500000.0,
            5828500000.0,
            5830500000.0,
            5832500000.0,
            5834500000.0,
            5836500000.0,
            5838500000.0,
            5840500000.0,
            5842500000.0,
            5844500000.0,
            5846500000.0,
            5848500000.0,
            5850500000.0,
            5852500000.0,
            5854500000.0,
            5856500000.0,
            5858500000.0,
            5860500000.0,
            5862500000.0,
            5864500000.0,
            5866500000.0,
            5868500000.0,
            5870500000.0,
            5872500000.0,
            5874500000.0,
            5876500000.0,
            5878500000.0,
            5880500000.0,
            5882500000.0,
            5884500000.0,
            5886500000.0,
            5888500000.0,
            5890500000.0,
            5892500000.0,
            5894500000.0,
            5896500000.0,
            5898500000.0,
            5900500000.0
        ],
        "a_e": [
            0.0008168801646458178,
            0.0007874192086537245,
            0.0007532488691088314,
            0.0007045858265634742,
            0.0006623900425830518,
            0.0006198038104706821,
            0.0005724450809419146,
            0.0005522753536866983,
            0.0005104691322974714,
            0.0005251159471446698,
            0.0005439111030859867,
            0.0005576444101290606,
            0.0005814623570373733,
            0.0006149023166703245,
            0.000627018662941656,
            0.0006048457436605674,
            0.000574526349247083,
            0.000587048635246685,
            0.0005399581260320321,
            0.0005244694917120241,
            0.000489486142986158,
            0.00041538485304681204,
            0.0003491393216465561,
            0.00032836026931449804,
            0.0003339120113334617,
            0.00034064140667035655,
            0.0003435799193955054,
            0.00039988084536513973,
            0.0003932047945237875,
            0.00041977910904253613,
            0.0004244453041325532,
            0.0004229448513137277,
            0.0004244395283993752,
            0.0003790215176735534,
            0.00037219307630451494,
            0.000314715763819771,
            0.00025694529208993906,
            0.00022358544506248876,
            0.00015645645281751896,
            0.0001203599212152733,
            7.490339766390907e-05,
            3.2340651528729946e-05,
            3.46100428431392e-05,
            3.432104435528395e-05,
            7.6485769886572e-05,
            7.482272415232271e-05,
            6.090597001638791e-05,
            6.807779434924843e-05,
            6.116683052044266e-05,
            9.053447318041327e-05,
            0.0001614875700570608,
            0.000223834700363761,
            0.00029071926021370653,
            0.0003226225119594156,
            0.0003579226911766355,
            0.00036103694594810594,
            0.0003590874195224824,
            0.00033835156584105324,
            0.0003387830868988197,
            0.00034560403137061504,
            0.00030226696853816724,
            0.0002958891315914035,
            0.00033595729662901704,
            0.00037365321931842794,
            0.0004896186727296466,
            0.0005395256546937075,
            0.0005913901504134647,
            0.0006008877752448733,
            0.0005465892825219257,
            0.0005070260461760308,
            0.0004411689152424792,
            0.00036050544297914073,
            0.00027916155535388543,
            0.00018962436446394925,
            9.745515930409907e-05,
            3.0172441183733618e-05,
            8.411557689729932e-05,
            0.0001438101100469862,
            0.00016650505190146363,
            0.00018278662717033354,
            0.00015966058525481127,
            0.0001624181334372049,
            0.00015019139440528226,
            6.2150886752152e-05,
            2.9841815745995415e-05,
            9.575849774881958e-05,
            0.00021805829835715854,
            0.0002841425871175728,
            0.00039123390046248187,
            0.0004606825499348753,
            0.0004928629831931158,
            0.0005508935314511404,
            0.0005797025087121587,
            0.0005929818214788142,
            0.0006119488970136796,
            0.0005886630759169649,
            0.0005391498664144857,
            0.0005190438399932516,
            0.0004674896705462974,
            0.0004409941491965841,
            0.0004344712203668212
        ],