{
    "meta_data": {
        "type": "Resonator Spectroscopy",
        "plot_properties": {
            "x_label": "Resonator Frequency [GHz]",
            "y_label": "Amplitude [a.u.]",
            "title": "Resonator Spectroscopy"
        },
        "experiment_properties": {
            "qubit": "q2",
            "repetitions": 1000
        },
        "qubit_parameters": {
            "qb_freq": 4323900000.0,
            "drive_amp": 0.5,
            "drive_len": 4e-05,
            "pi_amp": 0.148,
            "pi_len": 4e-08,
            "res_freq": 4922000000.0,
            "res_amp": 1,
            "res_len": 2e-06,
            "qb_amp_spec": 1.0,
            "qb_lo": 4600000000.0,
            "res_lo": 5600000000.0,
            "flux_bias": -0.884,
            "anharmnonicity": 190300000,
            "w125": 4220000000.0,
            "ro_delay": 2e-08,
            "ro_int_delay": 4e-08,
            "angle": -5.256260444629553,
            "ge": [
                4.342185417071522e-05,
                9.872327244994911e-05
            ]
        }
    },
    "data": {
        "x": [
            4822000000.0,
            4824000000.0,
            4826000000.0,
            4828000000.0,
            4830000000.0,
            4832000000.0,
            4834000000.0,
            4836000000.0,
            4838000000.0,
            4840000000.0,
            4842000000.0,
            4844000000.0,
            4846000000.0,
            4848000000.0,
            4850000000.0,
            4852000000.0,
            4854000000.0,
            4856000000.0,
            4858000000.0,
            4860000000.0,
            4862000000.0,
            4864000000.0,
            4866000000.0,
            4868000000.0,
            4870000000.0,
            4872000000.0,
            4874000000.0,
            4876000000.0,
            4878000000.0,
            4880000000.0,
            4882000000.0,
            4884000000.0,
            4886000000.0,
            4888000000.0,
            4890000000.0,
            4892000000.0,
            4894000000.0,
            4896000000.0,
            4898000000.0,
            4900000000.0,
            4902000000.0,
            4904000000.0,
            4906000000.0,
            4908000000.0,
            4910000000.0,
            4912000000.0,
            4914000000.0,
            4916000000.0,
            4918000000.0,
            4920000000.0,
            4922000000.0,
            4924000000.0,
            4926000000.0,
            4928000000.0,
            4930000000.0,
            4932000000.0,
            4934000000.0,
            4936000000.0,
            4938000000.0,
            4940000000.0,
            4942000000.0,
            4944000000.0,
            4946000000.0,
            4948000000.0,
            4950000000.0,
            4952000000.0,
            4954000000.0,
            4956000000.0,
            4958000000.0,
            4960000000.0,
            4962000000.0,
            4964000000.0,
            4966000000.0,
            4968000000.0,
            4970000000.0,
            4972000000.0,
            4974000000.0,
            4976000000.0,
            4978000000.0,
            4980000000.0,
            4982000000.0,
            4984000000.0,
            4986000000.0,
            4988000000.0,
            4990000000.0,
            4992000000.0,
            4994000000.0,
            4996000000.0,
            4998000000.0,
            5000000000.0,
            5002000000.0,
            5004000000.0,
            5006000000.0,
            5008000000.0,
            5010000000.0,
            5012000000.0,
            5014000000.0,
            5016000000.0,
            5018000000.0,
            5020000000.0,
            5022000000.0
        ],
        "a_e": [
            6.785573221649254e-05,
            7.966316703645544e-05,
            6.822497386309004e-05,
            7.396377692597e-05,
            7.158658469668292e-05,
            7.678017570986309e-05,
            8.239557324146284e-05,
            8.038372164500426e-05,
            7.575497552605606e-05,
            7.186456433857354e-05,
            5.7411717039742275e-05,
            6.566356197166717e-05,
            5.639911747691349e-05,
            6.74235916599396e-05,
            9.147712083225718e-05,
            8.185108975725142e-05,
            9.190103040840525e-05,
            0.00010569712333826705,
            0.00011108443708669854,
            0.0001112222984720842,
            0.00012301669855186226,
            0.0001316621273206695,
            0.00013012163085906572,
            0.00014076682323105005,
            0.00014251412984420407,
            0.00014664457133601916,
            0.00014238250749567372,
            0.00014104186323838809,
            0.0001320650395414085,
            0.00014351041410413918,
            0.00012624342594663344,
            0.00014966885492606643,
            0.00014245360362663618,
            0.00014283072795895092,
            0.0001606412337466131,
            0.0001698065696872433,
            0.00016903341536834862,
            0.00017696551279956094,
            0.00016657393995913905,
            0.0001771841287115012,
            0.0001788599121526407,
            0.00018723773918867602,
            0.00017771687549317616,
            0.00018499449081776277,
            0.00018580729023245224,
            0.00018263144850330713,
            0.00016968401971695173,
            0.00017399182162930506,
            0.0001523744063920615,
            0.0001280813195978294,
            9.974309269885565e-05,
            5.270712647878714e-05,
            3.191314366098464e-05,
            4.0013524858028666e-05,
            6.850419823435125e-05,
            0.00010254646376020545,
            0.0001329173109136757,
            0.00014963721129927833,
            0.00017393804571394833,
            0.0001953230516656935,
            0.00019467890441905294,
            0.0002070782412548868,
            0.00021784368367177447,
            0.0002201865098986873,
            0.00023550945026882088,
            0.0002604522402046337,
            0.0002629182898761202,
            0.0002751900288240413,
            0.00029867042025252745,
            0.00030145763928279216,
            0.0003027010864575561,
            0.0002986864328398877,
            0.00030173085980950804,
            0.0002910713780407802,
            0.00027567789288005954,
            0.0002575871464433413,
            0.0002373566327502408,
            0.00020518782568404727,
            0.00017663905825769877,
            0.00016853914840037255,
            0.00015043211171180193,
            0.00015148786664625686,
            0.00014254545562503163,
            0.00011759042745019429,
            0.0001134179298293095,
            9.055551670029301e-05,
            8.86125482283149e-05,
            5.9951410418132404e-05,
            3.734769552130051e-05,
            4.1096991227825725e-05,
            4.859595500745361e-05,
            6.340949886797186e-05,
            8.30554772168475e-05,
            0.00012232928494043557,
            0.0001060042693435789,
            0.00013572762747616565,
            0.000134022280776876,
            0.000139136049787908,
            0.00013339385507639,
            0.0001440733777763918,
            0.0001496225124548505
        ],