{
    "meta_data": {
        "type": "Resonator Spectroscopy",
        "plot_properties": {
            "x_label": "Resonator Frequency [GHz]",
            "y_label": "Amplitude [a.u.]",
            "title": "Resonator Spectroscopy"
        },
        "experiment_properties": {
            "qubit": "q3",
            "repetitions": 1000
        },
        "qubit_parameters": {
            "qb_freq": 4533000000,
            "drive_amp": 0.5,
            "drive_len": 4e-05,
            "pi_amp": 0.12311032872520918,
            "pi_len": 4e-08,
            "res_freq": 6155000000.0,
            "res_amp": 0.4,
            "res_len": 2e-06,
            "qb_amp_spec": 1.0,
            "qb_lo": 4600000000.0,
            "res_lo": 5600000000.0,
            "flux_bias": -0.8327,
            "anharmnonicity": 209100000.0,
            "w125": 4428450000.0,
            "ro_delay": 2e-08,
            "ro_int_delay": 4e-08,
            "angle": -7.852623448891259,
            "ge": [
                -0.0003101590383918415,
                -0.00021195280752536226
            ]
        }
    },
    "data": {
        "x": [
            6055000000.0,
            6057000000.0,
            6059000000.0,
            6061000000.0,
            6063000000.0,
            6065000000.0,
            6067000000.0,
            6069000000.0,
            6071000000.0,
            6073000000.0,
            6075000000.0,
            6077000000.0,
            6079000000.0,
            6081000000.0,
            6083000000.0,
            6085000000.0,
            6087000000.0,
            6089000000.0,
            6091000000.0,
            6093000000.0,
            6095000000.0,
            6097000000.0,
            6099000000.0,
            6101000000.0,
            6103000000.0,
            6105000000.0,
            6107000000.0,
            6109000000.0,
            6111000000.0,
            6113000000.0,
            6115000000.0,
            6117000000.0,
            6119000000.0,
            6121000000.0,
            6123000000.0,
            6125000000.0,
            6127000000.0,
            6129000000.0,
            6131000000.0,
            6133000000.0,
            6135000000.0,
            6137000000.0,
            6139000000.0,
            6141000000.0,
            6143000000.0,
            6145000000.0,
            6147000000.0,
            6149000000.0,
            6151000000.0,
            6153000000.0,
            6155000000.0,
            6157000000.0,
            6159000000.0,
            6161000000.0,
            6163000000.0,
            6165000000.0,
            6167000000.0,
            6169000000.0,
            6171000000.0,
            6173000000.0,
            6175000000.0,
            6177000000.0,
            6179000000.0,
            6181000000.0,
            6183000000.0,
            6185000000.0,
            6187000000.0,
            6189000000.0,
            6191000000.0,
            6193000000.0,
            6195000000.0,
            6197000000.0,
            6199000000.0,
            6201000000.0,
            6203000000.0,
            6205000000.0,
            6207000000.0,
            6209000000.0,
            6211000000.0,
            6213000000.0,
            6215000000.0,
            6217000000.0,
            6219000000.0,
            6221000000.0,
            6223000000.0,
            6225000000.0,
            6227000000.0,
            6229000000.0,
            6231000000.0,
            6233000000.0,
            6235000000.0,
            6237000000.0,
            6239000000.0,
            6241000000.0,
            6243000000.0,
            6245000000.0,
            6247000000.0,
            6249000000.0,
            6251000000.0,
            6253000000.0,
            6255000000.0
        ],
        "a_e": [
            0.00014207965711078352,
            0.00010765439276324896,
            0.00010633853345058841,
            8.605482875565194e-05,
            7.786758281833284e-05,
            9.402772521537915e-05,
            8.01788291975074e-05,
            9.499386668411989e-05,
            9.871871350852017e-05,
            0.00010936363129950135,
            0.0001049203113291122,
            0.00010893528547267534,
            9.640667930627773e-05,
            7.838338764501075e-05,
            6.218785081664403e-05,
            3.4233253636649744e-05,
            6.180561916143234e-05,
            8.40781828688909e-05,
            0.00011462519541126381,
            0.0001372603607104202,
            0.00016219173200508521,
            0.00018128209215019771,
            0.00019572938779243072,
            0.00020429422679180253,
            0.00019947850969443675,
            0.00018651112735042477,
            0.00018734793573168244,
            0.00017117834458802136,
            0.00017344865793323294,
            0.00018124425118435148,
            0.0001889434489482193,
            0.0002051707000236723,
            0.00021264107524339416,
            0.00023383182635860493,
            0.0002652740895016186,
            0.0002657478634645355,
            0.00030865761542152336,
            0.00030958219942747375,
            0.00032622996680052964,
            0.00032874408897921756,
            0.00032487673334084506,
            0.0003384477813519732,
            0.00033078075056648486,
            0.0003274891018875393,
            0.000345531748271201,
            0.00032523165447265504,
            0.0003223771738468647,
            0.00031524989677534217,
            0.00033382531404963585,
            0.0003188588501556501,
            0.0003260589058331349,
            0.00030970035751671674,
            0.00028678117977780246,
            0.0002810815067975956,
            0.00025536369806194054,
            0.000218094201385005,
            0.00018892419693245527,
            0.00017828575041494454,
            0.00017548377172153443,
            0.00015275801929177907,
            0.0001458199216042658,
            0.00013536023108672843,
            0.00010631055902029048,
            0.00011534346659819115,
            8.587189253187994e-05,
            6.695126436440407e-05,
            6.93009091618977e-05,
            8.701221948896746e-05,
            0.0001075197240830368,
            0.0001487245490779473,
            0.00017973173163811907,
            0.00023816992456540564,
            0.00030041650978434426,
            0.00036308672058000873,
            0.0004033174112436578,
            0.000446362648153735,
            0.0004902353358812192,
            0.0005177956864630539,
            0.0005182760107078776,
            0.000529468261461873,
            0.0005383196941748397,
            0.0005270268955463617,
            0.0005324651234937071,
            0.000523300027037002,
            0.0005282287873483316,
            0.0005380118480630757,
            0.0005337986240956974,
            0.0005343087492906699,
            0.000515286523218975,
            0.0005083946343342458,
            0.0005205360475915285,
            0.0005004888781822895,
            0.0004860424762240887,
            0.00048181872550489657,
            0.0004746139374659428,
            0.00045103473232047857,
            0.00042949060205428163,
            0.0004111916193579724,
            0.00040089028292244995,
            0.00038997416428599845,
            0.000398414398719454
        ],