{
    "meta_data": {
        "type": "Resonator Spectroscopy",
        "plot_properties": {
            "x_label": "Resonator Frequency [GHz]",
            "y_label": "Amplitude [a.u.]",
            "title": "Resonator Spectroscopy"
        },
        "experiment_properties": {
            "qubit": "q1",
            "repetitions": 1000
        },
        "qubit_parameters": {
            "qb_freq": 4723300000,
            "drive_amp": 1,
            "drive_len": 4e-05,
            "pi_amp": 0.12809487223291915,
            "pi_len": 4e-08,
            "res_freq": 5250000000.0,
            "res_amp": 0.35,
            "res_len": 2e-06,
            "qb_amp_spec": 1.0,
            "qb_lo": 4600000000.0,
            "res_lo": 5600000000.0,
            "flux_bias": -0.0157,
            "anharmnonicity": 190300000,
            "w125": 4628150000.0,
            "ro_delay": 1e-07,
            "ro_int_delay": 4e-08,
            "angle": -2.7369100144220284,
            "ge": [
                0.00011656060279059207,
                0.00029401170412310417
            ]
        }
    },
    "data": {
        "x": [
            5150000000.0,
            5152000000.0,
            5154000000.0,
            5156000000.0,
            5158000000.0,
            5160000000.0,
            5162000000.0,
            5164000000.0,
            5166000000.0,
            5168000000.0,
            5170000000.0,
            5172000000.0,
            5174000000.0,
            5176000000.0,
            5178000000.0,
            5180000000.0,
            5182000000.0,
            5184000000.0,
            5186000000.0,
            5188000000.0,
            5190000000.0,
            5192000000.0,
            5194000000.0,
            5196000000.0,
            5198000000.0,
            5200000000.0,
            5202000000.0,
            5204000000.0,
            5206000000.0,
            5208000000.0,
            5210000000.0,
            5212000000.0,
            5214000000.0,
            5216000000.0,
            5218000000.0,
            5220000000.0,
            5222000000.0,
            5224000000.0,
            5226000000.0,
            5228000000.0,
            5230000000.0,
            5232000000.0,
            5234000000.0,
            5236000000.0,
            5238000000.0,
            5240000000.0,
            5242000000.0,
            5244000000.0,
            5246000000.0,
            5248000000.0,
            5250000000.0,
            5252000000.0,
            5254000000.0,
            5256000000.0,
            5258000000.0,
            5260000000.0,
            5262000000.0,
            5264000000.0,
            5266000000.0,
            5268000000.0,
            5270000000.0,
            5272000000.0,
            5274000000.0,
            5276000000.0,
            5278000000.0,
            5280000000.0,
            5282000000.0,
            5284000000.0,
            5286000000.0,
            5288000000.0,
            5290000000.0,
            5292000000.0,
            5294000000.0,
            5296000000.0,
            5298000000.0,
            5300000000.0,
            5302000000.0,
            5304000000.0,
            5306000000.0,
            5308000000.0,
            5310000000.0,
            5312000000.0,
            5314000000.0,
            5316000000.0,
            5318000000.0,
            5320000000.0,
            5322000000.0,
            5324000000.0,
            5326000000.0,
            5328000000.0,
            5330000000.0,
            5332000000.0,
            5334000000.0,
            5336000000.0,
            5338000000.0,
            5340000000.0,
            5342000000.0,
            5344000000.0,
            5346000000.0,
            5348000000.0,
            5350000000.0
        ],
        "a_e": [
            0.0003144331119386681,
            0.00033969733735835785,
            0.00033397440344290247,
            0.00032549877181840706,
            0.00033853466088293245,
            0.00032328144586430476,
            0.00032090389973521964,
            0.0003308735032170114,
            0.000347560210665228,
            0.0003538095532522046,
            0.0003709341564026884,
            0.00039203560509426153,
            0.0003997530283294379,
            0.00041420810371893844,
            0.000412385490332593,
            0.00040534401594433046,
            0.00040541222403172244,
            0.0004086248339256235,
            0.00040993859729674217,
            0.00041252710792101256,
            0.00039459627992686976,
            0.0003839580340134053,
            0.0003911162488617852,
            0.00041062768715805084,
            0.00040230504599189035,
            0.00040138930730993985,
            0.00041782151621355847,
            0.0004237413624408535,
            0.00040949145556696723,
            0.00039059661661658044,
            0.00036976953737593264,
            0.00033724254375549166,
            0.0003089298000198744,
            0.00027847451000401663,
            0.00020283087446970946,
            0.00017546150069847012,
            0.00013304111625152975,
            8.78996639818548e-05,
            7.209529307995682e-05,
            7.640758567587178e-05,
            6.517527902119822e-05,
            7.905754437094792e-05,
            5.3253456574743385e-05,
            4.8762889889304266e-05,
            2.1103338548197795e-05,
            2.483804130104001e-05,
            4.9537576947392575e-05,
            8.878749698768839e-05,
            0.00012863170125823885,
            0.00015410834905509407,
            0.00018631751385422688,
            0.00021110697533554664,
            0.00024823829171587353,
            0.0002782730477654947,
            0.00028432191460885385,
            0.00029724863365464596,
            0.00031681346567307653,
            0.0003080710645735005,
            0.00031745076221190854,
            0.00029662526694894956,
            0.0002913329317995798,
            0.00030007842637221386,
            0.0002760096760352683,
            0.00025082951457700204,
            0.00021277610982664525,
            0.00017078230620420464,
            0.00013810765973858223,
            8.055991779343649e-05,
            4.284245256554957e-05,
            1.4249330219100469e-05,
            3.2629203320968225e-05,
            1.840411047341424e-05,
            4.905977760397517e-05,
            6.025580074302797e-05,
            8.314962528561166e-05,
            6.436677181140148e-05,
            6.760165209593231e-05,
            8.454700603074142e-05,
            0.00010805954468725917,
            9.208446297383857e-05,
            0.0001429642206038576,
            0.00014491936591356933,
            0.00018591328745391672,
            0.00019265227423021996,
            0.00022008230977799926,
            0.0002387378237983354,
            0.00024196128638731855,
            0.0002461342132911375,
            0.0002533317342598613,
            0.0002635763308059919,
            0.0002576957153268814,
            0.00024143637092296816,
            0.0002603389804679959,
            0.0002588017250324019,
            0.00027529850261820074,
            0.0002969337958207945,
            0.0002996029388339223,
            0.0003070040221195821,
            0.0003479286728511118,
            0.0003913815432872858,
            0.00039311622773737024
        ],