{
    "meta_data": {
        "type": "Resonator Spectroscopy",
        "plot_properties": {
            "x_label": "Resonator Frequency [GHz]",
            "y_label": "Amplitude [a.u.]",
            "title": "Resonator Spectroscopy"
        },
        "experiment_properties": {
            "qubit": "q1",
            "repetitions": 1000
        },
        "qubit_parameters": {
            "qb_freq": 4723300000,
            "drive_amp": 1,
            "drive_len": 4e-05,
            "pi_amp": 0.22682103323907832,
            "pi_len": 4e-08,
            "res_freq": 5262000000.0,
            "res_amp": 0.35,
            "res_len": 2e-06,
            "qb_amp_spec": 1.0,
            "qb_lo": 4600000000.0,
            "res_lo": 5600000000.0,
            "flux_bias": -0.0157,
            "anharmnonicity": 190300000,
            "w125": 4628150000.0,
            "ro_delay": 1e-07,
            "ro_int_delay": 4e-08,
            "angle": -2.7369100144220284,
            "ge": [
                0.00011656060279059207,
                0.00029401170412310417
            ]
        }
    },
    "data": {
        "x": [
            5162000000.0,
            5164000000.0,
            5166000000.0,
            5168000000.0,
            5170000000.0,
            5172000000.0,
            5174000000.0,
            5176000000.0,
            5178000000.0,
            5180000000.0,
            5182000000.0,
            5184000000.0,
            5186000000.0,
            5188000000.0,
            5190000000.0,
            5192000000.0,
            5194000000.0,
            5196000000.0,
            5198000000.0,
            5200000000.0,
            5202000000.0,
            5204000000.0,
            5206000000.0,
            5208000000.0,
            5210000000.0,
            5212000000.0,
            5214000000.0,
            5216000000.0,
            5218000000.0,
            5220000000.0,
            5222000000.0,
            5224000000.0,
            5226000000.0,
            5228000000.0,
            5230000000.0,
            5232000000.0,
            5234000000.0,
            5236000000.0,
            5238000000.0,
            5240000000.0,
            5242000000.0,
            5244000000.0,
            5246000000.0,
            5248000000.0,
            5250000000.0,
            5252000000.0,
            5254000000.0,
            5256000000.0,
            5258000000.0,
            5260000000.0,
            5262000000.0,
            5264000000.0,
            5266000000.0,
            5268000000.0,
            5270000000.0,
            5272000000.0,
            5274000000.0,
            5276000000.0,
            5278000000.0,
            5280000000.0,
            5282000000.0,
            5284000000.0,
            5286000000.0,
            5288000000.0,
            5290000000.0,
            5292000000.0,
            5294000000.0,
            5296000000.0,
            5298000000.0,
            5300000000.0,
            5302000000.0,
            5304000000.0,
            5306000000.0,
            5308000000.0,
            5310000000.0,
            5312000000.0,
            5314000000.0,
            5316000000.0,
            5318000000.0,
            5320000000.0,
            5322000000.0,
            5324000000.0,
            5326000000.0,
            5328000000.0,
            5330000000.0,
            5332000000.0,
            5334000000.0,
            5336000000.0,
            5338000000.0,
            5340000000.0,
            5342000000.0,
            5344000000.0,
            5346000000.0,
            5348000000.0,
            5350000000.0,
            5352000000.0,
            5354000000.0,
            5356000000.0,
            5358000000.0,
            5360000000.0,
            5362000000.0
        ],
        "a_e": [
            0.0003371745699553064,
            0.0003289758114286412,
            0.0003376110006566454,
            0.0003683208799887241,
            0.0003602497718618361,
            0.0003890698837023269,
            0.0004063226699055477,
            0.00042769843739153126,
            0.0004228394312589563,
            0.00042800040074857337,
            0.0004171628199493969,
            0.0004031736813253243,
            0.00041086679079110336,
            0.00041095865253785736,
            0.00040305477818665424,
            0.0003984135855697132,
            0.0003977598333222527,
            0.00040357072750328197,
            0.00039739462050885423,
            0.00040176438787143244,
            0.0004071024957294138,
            0.00039812436312100215,
            0.00041209734643677054,
            0.00038851233360498466,
            0.0003651066500435273,
            0.00034134979245484476,
            0.0003105846610606344,
            0.00024871509616511487,
            0.000201063288531989,
            0.00015967723887170372,
            0.00012465074169352435,
            8.817255755356486e-05,
            9.683276726143067e-05,
            6.920422603459147e-05,
            8.847536595375034e-05,
            8.021704466053046e-05,
            8.249825145230843e-05,
            5.122218047023349e-05,
            2.733911469967692e-05,
            2.2501356730284706e-05,
            5.917691969690986e-05,
            8.117377154361352e-05,
            0.0001281955796283962,
            0.00014145838523418276,
            0.00017498256160879274,
            0.00022497583083314087,
            0.00022929084218049838,
            0.0002654413170200017,
            0.00026580079081639675,
            0.0002866651279542133,
            0.00032982627781941214,
            0.00033324237519254807,
            0.0003509310971538489,
            0.00033838786977644374,
            0.00030911965767726584,
            0.00029142819728293976,
            0.0002817317077854462,
            0.0002604808979274053,
            0.00020467174971020133,
            0.00016263560141101352,
            0.00011734077132705302,
            8.680449084091332e-05,
            5.632065922098319e-05,
            1.1984663463587737e-05,
            7.058586610489469e-06,
            3.3571281814345203e-05,
            3.335659283517815e-05,
            6.097742854357772e-05,
            6.777416961542463e-05,
            8.547886325503501e-05,
            6.822274046232496e-05,
            8.611344373950474e-05,
            8.383565962672892e-05,
            0.00013088200529989493,
            0.00013969127847861948,
            0.00013819899770575375,
            0.0001847787530977749,
            0.0002036182270375581,
            0.00022054325744088853,
            0.0002491776984564253,
            0.00023129775994612688,
            0.00025599554441756183,
            0.0002449409908280313,
            0.00025320868329146447,
            0.0002502329261490068,
            0.00024060103363005646,
            0.00025248019039529206,
            0.00025377816597100487,
            0.0002696762183283633,
            0.0002938749086774336,
            0.00031329374526186836,
            0.00032665446794006274,
            0.0003429118618187901,
            0.00036615034907716424,
            0.0004049689667565784,
            0.0003944576023356198,
            0.00042755582106748796,
            0.0004269115180766055,
            0.0004342307221556957,
            0.000412936372242427,
            0.00042350386157081164
        ],