{
    "meta_data": {
        "type": "Resonator Spectroscopy",
        "plot_properties": {
            "x_label": "Resonator Frequency [GHz]",
            "y_label": "Amplitude [a.u.]",
            "title": "Resonator Spectroscopy"
        },
        "experiment_properties": {
            "qubit": "q1",
            "repetitions": 1000
        },
        "qubit_parameters": {
            "qb_freq": 4723300000,
            "drive_amp": 1,
            "drive_len": 4e-05,
            "pi_amp": 0.12807987770352608,
            "pi_len": 4e-08,
            "res_freq": 5250000000.0,
            "res_amp": 0.35,
            "res_len": 2e-06,
            "qb_amp_spec": 1.0,
            "qb_lo": 4600000000.0,
            "res_lo": 5600000000.0,
            "flux_bias": -0.0157,
            "anharmnonicity": 190300000,
            "w125": 4628150000.0,
            "ro_delay": 1e-07,
            "ro_int_delay": 4e-08,
            "angle": -2.7369100144220284,
            "ge": [
                0.00011656060279059207,
                0.00029401170412310417
            ]
        }
    },
    "data": {
        "x": [
            5150000000.0,
            5152000000.0,
            5154000000.0,
            5156000000.0,
            5158000000.0,
            5160000000.0,
            5162000000.0,
            5164000000.0,
            5166000000.0,
            5168000000.0,
            5170000000.0,
            5172000000.0,
            5174000000.0,
            5176000000.0,
            5178000000.0,
            5180000000.0,
            5182000000.0,
            5184000000.0,
            5186000000.0,
            5188000000.0,
            5190000000.0,
            5192000000.0,
            5194000000.0,
            5196000000.0,
            5198000000.0,
            5200000000.0,
            5202000000.0,
            5204000000.0,
            5206000000.0,
            5208000000.0,
            5210000000.0,
            5212000000.0,
            5214000000.0,
            5216000000.0,
            5218000000.0,
            5220000000.0,
            5222000000.0,
            5224000000.0,
            5226000000.0,
            5228000000.0,
            5230000000.0,
            5232000000.0,
            5234000000.0,
            5236000000.0,
            5238000000.0,
            5240000000.0,
            5242000000.0,
            5244000000.0,
            5246000000.0,
            5248000000.0,
            5250000000.0,
            5252000000.0,
            5254000000.0,
            5256000000.0,
            5258000000.0,
            5260000000.0,
            5262000000.0,
            5264000000.0,
            5266000000.0,
            5268000000.0,
            5270000000.0,
            5272000000.0,
            5274000000.0,
            5276000000.0,
            5278000000.0,
            5280000000.0,
            5282000000.0,
            5284000000.0,
            5286000000.0,
            5288000000.0,
            5290000000.0,
            5292000000.0,
            5294000000.0,
            5296000000.0,
            5298000000.0,
            5300000000.0,
            5302000000.0,
            5304000000.0,
            5306000000.0,
            5308000000.0,
            5310000000.0,
            5312000000.0,
            5314000000.0,
            5316000000.0,
            5318000000.0,
            5320000000.0,
            5322000000.0,
            5324000000.0,
            5326000000.0,
            5328000000.0,
            5330000000.0,
            5332000000.0,
            5334000000.0,
            5336000000.0,
            5338000000.0,
            5340000000.0,
            5342000000.0,
            5344000000.0,
            5346000000.0,
            5348000000.0,
            5350000000.0
        ],
        "a_e": [
            0.000334803081089468,
            0.00032804075484439276,
            0.0003299218398770842,
            0.0003254403619134519,
            0.00033784692219676604,
            0.0003311404333737513,
            0.00032568170013347645,
            0.0003271958728336035,
            0.0003255359139269866,
            0.00036212896420767467,
            0.00037240094141239547,
            0.00038290625126401195,
            0.000401230722101854,
            0.0004011116573612855,
            0.0004274190333707652,
            0.00041932430500628883,
            0.00042116377988078577,
            0.0004073466391528684,
            0.000396109211267679,
            0.00038678381033227304,
            0.0004040540642668774,
            0.00039360937487364125,
            0.00039224484045409784,
            0.00040993747230805945,
            0.00041223285850924216,
            0.00042950349370940617,
            0.0004116032657407904,
            0.00041363123698603987,
            0.0003890098376021053,
            0.0003720411322194525,
            0.00035720884291386043,
            0.00033748966550797475,
            0.00031343857610184367,
            0.0002633592012357373,
            0.0002289797058458249,
            0.0001836537644571415,
            0.00012032094636689212,
            9.518855407531952e-05,
            9.695264043341926e-05,
            7.444548885540978e-05,
            5.789248539392822e-05,
            6.231165036283835e-05,
            5.3003411157878544e-05,
            5.796731535540968e-05,
            9.109567734640738e-06,
            4.7964153059804275e-05,
            6.39999049459419e-05,
            9.915586232599624e-05,
            0.00013037628540084518,
            0.00016824650647209895,
            0.00019278118701578144,
            0.0002259906908343506,
            0.00024775736258919476,
            0.0002595598471833566,
            0.0002787124509339373,
            0.00028156668756485273,
            0.0003251323825479155,
            0.00033159694554203836,
            0.0003199477107007062,
            0.0003316535980000868,
            0.00029541306023834704,
            0.0003025761806422745,
            0.0002753153439823982,
            0.00026987096599970884,
            0.0001777796024255368,
            0.00017983034073126066,
            0.00012366318272042043,
            9.535850870891836e-05,
            7.400346092786736e-05,
            2.075230114105932e-05,
            1.5941731995974677e-05,
            1.586852581370826e-05,
            4.0564129815655004e-05,
            6.591331786990775e-05,
            7.733343271316047e-05,
            9.919303268658034e-05,
            9.918866483634101e-05,
            8.393187510178282e-05,
            9.978169128245573e-05,
            0.00011675153094423885,
            0.00015063042590203249,
            0.0001776370547454462,
            0.00018802800395064176,
            0.00021368856675706887,
            0.000225637013000911,
            0.00023958430246982947,
            0.00022567524313006426,
            0.00024519167178178305,
            0.0002450628284225415,
            0.0002458191104497766,
            0.00025550351637834256,
            0.0002614153449017209,
            0.0002580055263737584,
            0.0002599798117065527,
            0.0002679696139531939,
            0.0002626308386232706,
            0.00031643726406121255,
            0.00032018103509241156,
            0.0003492503428263109,
            0.0003890390691844503,
            0.0004050883426880953
        ],