{
    "meta_data": {
        "type": "Resonator Spectroscopy",
        "plot_properties": {
            "x_label": "Resonator Frequency [GHz]",
            "y_label": "Amplitude [a.u.]",
            "title": "Resonator Spectroscopy"
        },
        "experiment_properties": {
            "qubit": "q4",
            "repetitions": 1000
        },
        "qubit_parameters": {
            "qb_freq": 4323900000.0,
            "drive_amp": 0.4,
            "drive_len": 4e-05,
            "pi_amp": 0.10453792597888534,
            "pi_len": 4e-08,
            "res_freq": 5842500000.0,
            "res_amp": 0.3,
            "res_len": 2e-06,
            "qb_amp_spec": 1.0,
            "qb_lo": 4600000000.0,
            "res_lo": 5600000000.0,
            "flux_bias": -0.777,
            "anharmnonicity": 208390000.0,
            "w125": 4326260000.0,
            "ro_delay": 2e-08,
            "ro_int_delay": 4e-08,
            "angle": -3.3688413635748384,
            "ge": [
                -0.0001949400167004023,
                -1.2757100836121984e-05
            ]
        }
    },
    "data": {
        "x": [
            5742500000.0,
            5744500000.0,
            5746500000.0,
            5748500000.0,
            5750500000.0,
            5752500000.0,
            5754500000.0,
            5756500000.0,
            5758500000.0,
            5760500000.0,
            5762500000.0,
            5764500000.0,
            5766500000.0,
            5768500000.0,
            5770500000.0,
            5772500000.0,
            5774500000.0,
            5776500000.0,
            5778500000.0,
            5780500000.0,
            5782500000.0,
            5784500000.0,
            5786500000.0,
            5788500000.0,
            5790500000.0,
            5792500000.0,
            5794500000.0,
            5796500000.0,
            5798500000.0,
            5800500000.0,
            5802500000.0,
            5804500000.0,
            5806500000.0,
            5808500000.0,
            5810500000.0,
            5812500000.0,
            5814500000.0,
            5816500000.0,
            5818500000.0,
            5820500000.0,
            5822500000.0,
            5824500000.0,
            5826500000.0,
            5828500000.0,
            5830500000.0,
            5832500000.0,
            5834500000.0,
            5836500000.0,
            5838500000.0,
            5840500000.0,
            5842500000.0,
            5844500000.0,
            5846500000.0,
            5848500000.0,
            5850500000.0,
            5852500000.0,
            5854500000.0,
            5856500000.0,
            5858500000.0,
            5860500000.0,
            5862500000.0,
            5864500000.0,
            5866500000.0,
            5868500000.0,
            5870500000.0,
            5872500000.0,
            5874500000.0,
            5876500000.0,
            5878500000.0,
            5880500000.0,
            5882500000.0,
            5884500000.0,
            5886500000.0,
            5888500000.0,
            5890500000.0,
            5892500000.0,
            5894500000.0,
            5896500000.0,
            5898500000.0,
            5900500000.0,
            5902500000.0,
            5904500000.0,
            5906500000.0,
            5908500000.0,
            5910500000.0,
            5912500000.0,
            5914500000.0,
            5916500000.0,
            5918500000.0,
            5920500000.0,
            5922500000.0,
            5924500000.0,
            5926500000.0,
            5928500000.0,
            5930500000.0,
            5932500000.0,
            5934500000.0,
            5936500000.0,
            5938500000.0,
            5940500000.0,
            5942500000.0
        ],
        "a_e": [
            0.00033047974341067216,
            0.00027769178899568486,
            0.00027447321874583255,
            0.00024475839113612097,
            0.00025335596617746765,
            0.00025705796592833676,
            0.00027977930034260253,
            0.00028662655476669374,
            0.0003198452245854303,
            0.0003150176883914662,
            0.0003298908541080824,
            0.0003104089158983557,
            0.00031057952507492317,
            0.0002772343809186302,
            0.0002505400899078258,
            0.0002206194247198331,
            0.00016116391751025565,
            0.00012797804954543725,
            9.888788840913389e-05,
            6.0195208257358714e-05,
            4.9656306245487255e-05,
            4.910596226661947e-05,
            4.668916325348791e-05,
            4.352481176382517e-05,
            6.059278580203347e-05,
            4.2271241457775e-05,
            4.4014352520052736e-05,
            5.9249959808338346e-05,
            6.034682740698063e-05,
            0.00011648980806189583,
            0.00017043310713559838,
            0.00021026507021491386,
            0.00022540927213513738,
            0.0002707606067810357,
            0.00027121495798685297,
            0.00027440341346254246,
            0.0002671663858084817,
            0.0002513211717335,
            0.0002332221978316571,
            0.00024626913749790756,
            0.00023476256120971424,
            0.000246413486847373,
            0.0003112322290657022,
            0.0003773550883991129,
            0.0004222159133581172,
            0.00046987802754565615,
            0.0004754055221270145,
            0.0004427263907072862,
            0.000407646153182201,
            0.0003888768033849235,
            0.00028035621337562874,
            0.00022005830893252545,
            0.0001332162208620563,
            9.367916923699076e-05,
            4.191227807109686e-05,
            7.790121971226085e-05,
            9.418771660433686e-05,
            0.0001264720731511949,
            0.0001238494474474874,
            0.00014259066546263655,
            0.00011934644597025436,
            0.00011501613152309389,
            2.9939799858954843e-05,
            3.602984980181417e-06,
            0.00010903839423535519,
            0.00016937695293724818,
            0.00023880396530531102,
            0.00027119295892309367,
            0.00033151488205152203,
            0.0004007817969813131,
            0.00041818813580221344,
            0.00044241311642809986,
            0.00045334274994834585,
            0.00044556050976891643,
            0.0004106870449070529,
            0.0004092205627336145,
            0.0003811858563199385,
            0.00037145027130955073,
            0.0003424587911764014,
            0.00032742891550581184,
            0.0003380691948136841,
            0.0003747909398342314,
            0.0004005792827814271,
            0.00041977989907785406,
            0.0004920677271563252,
            0.0005051340455107841,
            0.0005243008017414667,
            0.00047853389548015537,
            0.0005002270858703494,
            0.00047797796735315047,
            0.000431944993760169,
            0.0003952492438091781,
            0.0003757992359373294,
            0.00039613660526512605,
            0.0003918333193545851,
            0.0004186731193505223,
            0.0004616121895295851,
            0.00045851135616937507,
            0.0004961531009260893,
            0.000512713952852458,
            0.0005452731192068084
        ],