{
    "meta_data": {
        "type": "Resonator Spectroscopy",
        "plot_properties": {
            "x_label": "Resonator Frequency [GHz]",
            "y_label": "Amplitude [a.u.]",
            "title": "Resonator Spectroscopy"
        },
        "experiment_properties": {
            "qubit": "q3",
            "repetitions": 1000
        },
        "qubit_parameters": {
            "qb_freq": 4533000000,
            "drive_amp": 0.5,
            "drive_len": 4e-05,
            "pi_amp": 0.12311032872520918,
            "pi_len": 4e-08,
            "res_freq": 6155000000.0,
            "res_amp": 0.4,
            "res_len": 2e-06,
            "qb_amp_spec": 1.0,
            "qb_lo": 4600000000.0,
            "res_lo": 5600000000.0,
            "flux_bias": -0.8327,
            "anharmnonicity": 209100000.0,
            "w125": 4428450000.0,
            "ro_delay": 2e-08,
            "ro_int_delay": 4e-08,
            "angle": -7.852623448891259,
            "ge": [
                -0.0003101590383918415,
                -0.00021195280752536226
            ]
        }
    },
    "data": {
        "x": [
            6055000000.0,
            6057000000.0,
            6059000000.0,
            6061000000.0,
            6063000000.0,
            6065000000.0,
            6067000000.0,
            6069000000.0,
            6071000000.0,
            6073000000.0,
            6075000000.0,
            6077000000.0,
            6079000000.0,
            6081000000.0,
            6083000000.0,
            6085000000.0,
            6087000000.0,
            6089000000.0,
            6091000000.0,
            6093000000.0,
            6095000000.0,
            6097000000.0,
            6099000000.0,
            6101000000.0,
            6103000000.0,
            6105000000.0,
            6107000000.0,
            6109000000.0,
            6111000000.0,
            6113000000.0,
            6115000000.0,
            6117000000.0,
            6119000000.0,
            6121000000.0,
            6123000000.0,
            6125000000.0,
            6127000000.0,
            6129000000.0,
            6131000000.0,
            6133000000.0,
            6135000000.0,
            6137000000.0,
            6139000000.0,
            6141000000.0,
            6143000000.0,
            6145000000.0,
            6147000000.0,
            6149000000.0,
            6151000000.0,
            6153000000.0,
            6155000000.0,
            6157000000.0,
            6159000000.0,
            6161000000.0,
            6163000000.0,
            6165000000.0,
            6167000000.0,
            6169000000.0,
            6171000000.0,
            6173000000.0,
            6175000000.0,
            6177000000.0,
            6179000000.0,
            6181000000.0,
            6183000000.0,
            6185000000.0,
            6187000000.0,
            6189000000.0,
            6191000000.0,
            6193000000.0,
            6195000000.0,
            6197000000.0,
            6199000000.0,
            6201000000.0,
            6203000000.0,
            6205000000.0,
            6207000000.0,
            6209000000.0,
            6211000000.0,
            6213000000.0,
            6215000000.0,
            6217000000.0,
            6219000000.0,
            6221000000.0,
            6223000000.0,
            6225000000.0,
            6227000000.0,
            6229000000.0,
            6231000000.0,
            6233000000.0,
            6235000000.0,
            6237000000.0,
            6239000000.0,
            6241000000.0,
            6243000000.0,
            6245000000.0,
            6247000000.0,
            6249000000.0,
            6251000000.0,
            6253000000.0,
            6255000000.0
        ],
        "a_e": [
            0.00012783791964633326,
            0.00011336441694978368,
            9.584247708709389e-05,
            8.803903084208258e-05,
            7.459136185767634e-05,
            8.813645583424956e-05,
            9.831729430390957e-05,
            0.00010937242955554007,
            0.00012290195630100244,
            0.00011298767010632252,
            9.25818601600069e-05,
            8.804451746023232e-05,
            8.194790136054102e-05,
            7.184850642753007e-05,
            6.479101292000077e-05,
            5.201492055367825e-05,
            5.6941660732013294e-05,
            8.831712312636707e-05,
            0.0001107446981950391,
            0.00014123093444694392,
            0.000146234805388395,
            0.00018112765195037387,
            0.00017773803771012052,
            0.0002014842388585771,
            0.00017940715492810176,
            0.00020767461299813237,
            0.00017738580239938555,
            0.00018840451288353743,
            0.0001585713408902776,
            0.00018914404183447995,
            0.00019515496520156915,
            0.00018365500180802318,
            0.00021363962323108808,
            0.00023750775142935665,
            0.0002399975509659363,
            0.00028007350417946075,
            0.0002860449780084084,
            0.00033232535152727323,
            0.0003284141519909285,
            0.0003322181688304259,
            0.0003392818626826419,
            0.0003440641256605825,
            0.0003350859024915334,
            0.0003409235697228345,
            0.0003075188939319637,
            0.0003152431565055806,
            0.0003353769137515323,
            0.0003589027997095083,
            0.0003313266310447764,
            0.0003229354766503357,
            0.00030412214928491444,
            0.0003086820059338193,
            0.0002946850314341508,
            0.00027552879622536703,
            0.0002570265798630838,
            0.0002317974709738034,
            0.0002241428753719907,
            0.00019216518724041667,
            0.00015802385877544613,
            0.0001499561707846816,
            0.00014758677905023156,
            0.00012651511680140742,
            0.00012045648144337917,
            0.00011174906367937768,
            8.381164078804314e-05,
            7.908179706037717e-05,
            6.161253959267521e-05,
            6.349896283725745e-05,
            0.00011371806037171793,
            0.00013484451531244784,
            0.00018840786296796347,
            0.00024914010072456683,
            0.00028891388031294425,
            0.0003463864696399307,
            0.00040791734602243276,
            0.0004546241610671206,
            0.0004969454768327885,
            0.0005180251359138034,
            0.0005302594183704765,
            0.0005234044055950215,
            0.0005418761633202381,
            0.0005343597026977548,
            0.0005331933460724931,
            0.00053471374667293,
            0.0005339873488577596,
            0.0005438769731291555,
            0.0005236833402371105,
            0.0005328484042208978,
            0.0005370630970305471,
            0.0005141238104458346,
            0.0005030427945343907,
            0.0004917411746534458,
            0.0004956383946719453,
            0.0004864938009992872,
            0.0004780694245086765,
            0.0004543399999538122,
            0.0004496465554749526,
            0.00043013328144529857,
            0.00040422501667221686,
            0.0004013092715077387,
            0.00038892167031425183
        ],