{
    "meta_data": {
        "type": "Resonator Spectroscopy",
        "plot_properties": {
            "x_label": "Resonator Frequency [GHz]",
            "y_label": "Amplitude [a.u.]",
            "title": "Resonator Spectroscopy"
        },
        "experiment_properties": {
            "qubit": "q3",
            "repetitions": 1000
        },
        "qubit_parameters": {
            "qb_freq": 4533000000,
            "drive_amp": 0.5,
            "drive_len": 4e-05,
            "pi_amp": 0.11609000000000003,
            "pi_len": 4e-08,
            "res_freq": 6138000000.0,
            "res_amp": 0.6,
            "res_len": 2e-06,
            "qb_amp_spec": 1.0,
            "qb_lo": 4600000000.0,
            "res_lo": 5600000000.0,
            "flux_bias": -0.8327,
            "anharmnonicity": 209100000.0,
            "w125": 4428450000.0,
            "ro_delay": 2e-08,
            "ro_int_delay": 4e-08,
            "angle": -4.877229440159746,
            "ge": [
                -0.00010248448978693157,
                -2.1326262666341262e-05
            ]
        }
    },
    "data": {
        "x": [
            5988000000.0,
            5991000000.0,
            5994000000.0,
            5997000000.0,
            6000000000.0,
            6003000000.0,
            6006000000.0,
            6009000000.0,
            6012000000.0,
            6015000000.0,
            6018000000.0,
            6021000000.0,
            6024000000.0,
            6027000000.0,
            6030000000.0,
            6033000000.0,
            6036000000.0,
            6039000000.0,
            6042000000.0,
            6045000000.0,
            6048000000.0,
            6051000000.0,
            6054000000.0,
            6057000000.0,
            6060000000.0,
            6063000000.0,
            6066000000.0,
            6069000000.0,
            6072000000.0,
            6075000000.0,
            6078000000.0,
            6081000000.0,
            6084000000.0,
            6087000000.0,
            6090000000.0,
            6093000000.0,
            6096000000.0,
            6099000000.0,
            6102000000.0,
            6105000000.0,
            6108000000.0,
            6111000000.0,
            6114000000.0,
            6117000000.0,
            6120000000.0,
            6123000000.0,
            6126000000.0,
            6129000000.0,
            6132000000.0,
            6135000000.0,
            6138000000.0,
            6141000000.0,
            6144000000.0,
            6147000000.0,
            6150000000.0,
            6153000000.0,
            6156000000.0,
            6159000000.0,
            6162000000.0,
            6165000000.0,
            6168000000.0,
            6171000000.0,
            6174000000.0,
            6177000000.0,
            6180000000.0,
            6183000000.0,
            6186000000.0,
            6189000000.0,
            6192000000.0,
            6195000000.0,
            6198000000.0,
            6201000000.0,
            6204000000.0,
            6207000000.0,
            6210000000.0,
            6213000000.0,
            6216000000.0,
            6219000000.0,
            6222000000.0,
            6225000000.0,
            6228000000.0,
            6231000000.0,
            6234000000.0,
            6237000000.0,
            6240000000.0,
            6243000000.0,
            6246000000.0,
            6249000000.0,
            6252000000.0,
            6255000000.0,
            6258000000.0,
            6261000000.0,
            6264000000.0,
            6267000000.0,
            6270000000.0,
            6273000000.0,
            6276000000.0,
            6279000000.0,
            6282000000.0,
            6285000000.0,
            6288000000.0
        ],
        "a_e": [
            0.000621443862583669,
            0.0005594566399714795,
            0.0005096005960820774,
            0.0004993059401155012,
            0.000463996586686089,
            0.000482902457569712,
            0.00045596333384737237,
            0.00045881540951695735,
            0.00046529190487216683,
            0.00045426219783331156,
            0.00046438389182198574,
            0.0004360351675449351,
            0.00038985409136126466,
            0.0003708148768431304,
            0.0003323731415882945,
            0.00035546772277392534,
            0.0003423016382254268,
            0.00035095012644553193,
            0.0003201045968451915,
            0.00032498719341819915,
            0.0002882940744458301,
            0.0002602853770873061,
            0.0002044694489098852,
            0.00016177109631734134,
            0.00014471191291586444,
            0.0001280954882685347,
            0.00013767502592503233,
            0.00017231097081823308,
            0.0001584988063320344,
            0.00017238672843913238,
            0.00015715105957069426,
            0.0001229076882367337,
            0.00011057218475144634,
            0.00011340999089933849,
            0.00011905839880154037,
            0.00018620476723517495,
            0.0002387370028201799,
            0.00027182046616362233,
            0.0002729327331890378,
            0.000264283244114946,
            0.00023301158744973383,
            0.00020545093690619486,
            0.00019654408631139786,
            0.00021615830008214903,
            0.0002871321300373739,
            0.00036904820773433507,
            0.0003697576847174558,
            0.000360447236469923,
            0.00034352083191395747,
            0.00032150682833375553,
            0.0002716593171970784,
            0.00024215368549778343,
            0.00020298711746173702,
            0.00017244312542015315,
            0.00015973932374310708,
            0.00012726614923101381,
            0.00013362154918471913,
            9.470498614736661e-05,
            7.894654431034595e-05,
            6.137707170207705e-05,
            5.2652753645096555e-05,
            3.265088679018083e-05,
            2.784063440026206e-05,
            1.768843188791126e-05,
            6.806329398165372e-05,
            0.0001414327733411664,
            0.00021658967225359144,
            0.0002987084922362229,
            0.00040977682288925797,
            0.0005363461828683994,
            0.0006399307569008457,
            0.0007294013333581469,
            0.0007863672655047271,
            0.0008266844980728679,
            0.0008339843653377024,
            0.0008292627536364346,
            0.0008034639801406919,
            0.0008071588599539516,
            0.0007819522829834539,
            0.0008039163576851576,
            0.00078090878322513,
            0.0007861658289085263,
            0.0007794752493136204,
            0.0007492231508768169,
            0.0007201026836805626,
            0.0006979715126373195,
            0.0006657379249665129,
            0.0006393005605548057,
            0.0005887843410530173,
            0.0005984977394845166,
            0.0005702898564772938,
            0.0005682891822472013,
            0.0005690998464466677,
            0.0005673576510598609,
            0.0005688635431040549,
            0.000579295260468847,
            0.0005625809179423451,
            0.0005684350752579635,
            0.0005571681034165994,
            0.0005399924517225868,
            0.0005184943588853904
        ],