{
    "meta_data": {
        "type": "Resonator Spectroscopy",
        "plot_properties": {
            "x_label": "Resonator Frequency [GHz]",
            "y_label": "Amplitude [a.u.]",
            "title": "Resonator Spectroscopy"
        },
        "experiment_properties": {
            "qubit": "q1",
            "repetitions": 1000
        },
        "qubit_parameters": {
            "qb_freq": 4723300000,
            "drive_amp": 1,
            "drive_len": 4e-05,
            "pi_amp": 0.22682103323907832,
            "pi_len": 4e-08,
            "res_freq": 5246000000.0,
            "res_amp": 0.35,
            "res_len": 2e-06,
            "qb_amp_spec": 1.0,
            "qb_lo": 4600000000.0,
            "res_lo": 5600000000.0,
            "flux_bias": -0.0157,
            "anharmnonicity": 190300000,
            "w125": 4628150000.0,
            "ro_delay": 1e-07,
            "ro_int_delay": 4e-08,
            "angle": -2.7369100144220284,
            "ge": [
                0.00011656060279059207,
                0.00029401170412310417
            ]
        }
    },
    "data": {
        "x": [
            5146000000.0,
            5148000000.0,
            5150000000.0,
            5152000000.0,
            5154000000.0,
            5156000000.0,
            5158000000.0,
            5160000000.0,
            5162000000.0,
            5164000000.0,
            5166000000.0,
            5168000000.0,
            5170000000.0,
            5172000000.0,
            5174000000.0,
            5176000000.0,
            5178000000.0,
            5180000000.0,
            5182000000.0,
            5184000000.0,
            5186000000.0,
            5188000000.0,
            5190000000.0,
            5192000000.0,
            5194000000.0,
            5196000000.0,
            5198000000.0,
            5200000000.0,
            5202000000.0,
            5204000000.0,
            5206000000.0,
            5208000000.0,
            5210000000.0,
            5212000000.0,
            5214000000.0,
            5216000000.0,
            5218000000.0,
            5220000000.0,
            5222000000.0,
            5224000000.0,
            5226000000.0,
            5228000000.0,
            5230000000.0,
            5232000000.0,
            5234000000.0,
            5236000000.0,
            5238000000.0,
            5240000000.0,
            5242000000.0,
            5244000000.0,
            5246000000.0,
            5248000000.0,
            5250000000.0,
            5252000000.0,
            5254000000.0,
            5256000000.0,
            5258000000.0,
            5260000000.0,
            5262000000.0,
            5264000000.0,
            5266000000.0,
            5268000000.0,
            5270000000.0,
            5272000000.0,
            5274000000.0,
            5276000000.0,
            5278000000.0,
            5280000000.0,
            5282000000.0,
            5284000000.0,
            5286000000.0,
            5288000000.0,
            5290000000.0,
            5292000000.0,
            5294000000.0,
            5296000000.0,
            5298000000.0,
            5300000000.0,
            5302000000.0,
            5304000000.0,
            5306000000.0,
            5308000000.0,
            5310000000.0,
            5312000000.0,
            5314000000.0,
            5316000000.0,
            5318000000.0,
            5320000000.0,
            5322000000.0,
            5324000000.0,
            5326000000.0,
            5328000000.0,
            5330000000.0,
            5332000000.0,
            5334000000.0,
            5336000000.0,
            5338000000.0,
            5340000000.0,
            5342000000.0,
            5344000000.0,
            5346000000.0
        ],
        "a_e": [
            0.0003289520713888889,
            0.00034132830366390235,
            0.0003389856408362642,
            0.0003311230484349191,
            0.0003464038545370477,
            0.0003124343598078518,
            0.00030405473601504573,
            0.0003151226494061306,
            0.00033128452496797935,
            0.0003341018981040261,
            0.0003544406980845028,
            0.0003522997494363639,
            0.0003706017877695561,
            0.0003920516223608688,
            0.0004152101857203274,
            0.0004170986867170208,
            0.0004155139186447501,
            0.0004209123032126858,
            0.000417177968344257,
            0.00042378668356895795,
            0.0004065666694433645,
            0.00040050933539340745,
            0.00038582651799768335,
            0.0003899859441491034,
            0.0003881431586469467,
            0.0003811520986748326,
            0.000416247425072014,
            0.0004104542596717339,
            0.0004035626955242227,
            0.00039976109691454,
            0.00038251063768912733,
            0.000369028276784884,
            0.0003514840979684937,
            0.000337501075395777,
            0.00028387808246566293,
            0.00026159318294259165,
            0.0002189686030539761,
            0.00017525405216887112,
            0.00012412115759848126,
            0.00010432573859911355,
            8.064740781774405e-05,
            8.010490116310398e-05,
            8.000190244049353e-05,
            7.630467918013074e-05,
            7.18977705166202e-05,
            3.5716031030626936e-05,
            3.436159800866427e-05,
            3.6579953981049453e-05,
            6.701939649748551e-05,
            8.222548276322499e-05,
            0.00013085933342726568,
            0.00015225087904156454,
            0.0001987964566482956,
            0.00021633134761425737,
            0.00023159133718995436,
            0.0002619483809479614,
            0.0002726091845690171,
            0.00031183364126594016,
            0.0003307008153933976,
            0.00033745421411527916,
            0.0003147318145804828,
            0.00032676545559326306,
            0.0003107025853402092,
            0.00027914376295839767,
            0.0002873891213270725,
            0.0002341400547380979,
            0.00020907107681932712,
            0.00016167905832377438,
            0.00012390069603385845,
            8.557204023330174e-05,
            3.6263586735020875e-05,
            2.1309818616137444e-05,
            1.7470436788655402e-05,
            4.0017683970969454e-05,
            5.4046577941650535e-05,
            5.42570908092046e-05,
            8.456358013381983e-05,
            7.951638574234677e-05,
            7.508573781236802e-05,
            9.460206447930652e-05,
            0.00010493478139669538,
            0.00012227900065500856,
            0.00010651423623669403,
            0.0001574485195334327,
            0.0002084491039540946,
            0.00021320696380608024,
            0.0002275008254552153,
            0.0002356159186752655,
            0.0002392071239142056,
            0.0002625807427979791,
            0.0002533604982617337,
            0.0002359136161035915,
            0.00023456010821768167,
            0.00025897848791520107,
            0.0002545374127199964,
            0.00023861711939832773,
            0.00027849648954998067,
            0.00027242333140006407,
            0.000299938362308313,
            0.0003383983418629808,
            0.00034819441917354876
        ],