{
    "meta_data": {
        "type": "Resonator Spectroscopy",
        "plot_properties": {
            "x_label": "Resonator Frequency [GHz]",
            "y_label": "Amplitude [a.u.]",
            "title": "Resonator Spectroscopy"
        },
        "experiment_properties": {
            "qubit": "q3",
            "repetitions": 1000
        },
        "qubit_parameters": {
            "qb_freq": 4533000000,
            "drive_amp": 0.5,
            "drive_len": 4e-05,
            "pi_amp": 0.11609000000000003,
            "pi_len": 4e-08,
            "res_freq": 6212000000.0,
            "res_amp": 0.2,
            "res_len": 2e-06,
            "qb_amp_spec": 1.0,
            "qb_lo": 4600000000.0,
            "res_lo": 5600000000.0,
            "flux_bias": -0.8327,
            "anharmnonicity": 209100000.0,
            "w125": 4428450000.0,
            "ro_delay": 2e-08,
            "ro_int_delay": 4e-08,
            "angle": -4.877229440159746,
            "ge": [
                -0.00010248448978693157,
                -2.1326262666341262e-05
            ]
        }
    },
    "data": {
        "x": [
            6112000000.0,
            6114000000.0,
            6116000000.0,
            6118000000.0,
            6120000000.0,
            6122000000.0,
            6124000000.0,
            6126000000.0,
            6128000000.0,
            6130000000.0,
            6132000000.0,
            6134000000.0,
            6136000000.0,
            6138000000.0,
            6140000000.0,
            6142000000.0,
            6144000000.0,
            6146000000.0,
            6148000000.0,
            6150000000.0,
            6152000000.0,
            6154000000.0,
            6156000000.0,
            6158000000.0,
            6160000000.0,
            6162000000.0,
            6164000000.0,
            6166000000.0,
            6168000000.0,
            6170000000.0,
            6172000000.0,
            6174000000.0,
            6176000000.0,
            6178000000.0,
            6180000000.0,
            6182000000.0,
            6184000000.0,
            6186000000.0,
            6188000000.0,
            6190000000.0,
            6192000000.0,
            6194000000.0,
            6196000000.0,
            6198000000.0,
            6200000000.0,
            6202000000.0,
            6204000000.0,
            6206000000.0,
            6208000000.0,
            6210000000.0,
            6212000000.0,
            6214000000.0,
            6216000000.0,
            6218000000.0,
            6220000000.0,
            6222000000.0,
            6224000000.0,
            6226000000.0,
            6228000000.0,
            6230000000.0,
            6232000000.0,
            6234000000.0,
            6236000000.0,
            6238000000.0,
            6240000000.0,
            6242000000.0,
            6244000000.0,
            6246000000.0,
            6248000000.0,
            6250000000.0,
            6252000000.0,
            6254000000.0,
            6256000000.0,
            6258000000.0,
            6260000000.0,
            6262000000.0,
            6264000000.0,
            6266000000.0,
            6268000000.0,
            6270000000.0,
            6272000000.0,
            6274000000.0,
            6276000000.0,
            6278000000.0,
            6280000000.0,
            6282000000.0,
            6284000000.0,
            6286000000.0,
            6288000000.0,
            6290000000.0,
            6292000000.0,
            6294000000.0,
            6296000000.0,
            6298000000.0,
            6300000000.0,
            6302000000.0,
            6304000000.0,
            6306000000.0,
            6308000000.0,
            6310000000.0,
            6312000000.0
        ],
        "a_e": [
            0.00013196643603851662,
            0.00015234769926443097,
            0.00015398175397392412,
            0.00014605591721028791,
            0.00013842662478500052,
            0.00014654427248830026,
            0.00016638159117455522,
            0.00014006694112901426,
            0.000152538977037954,
            0.00014939157711290932,
            0.00015458726954914535,
            0.00014163958487933747,
            0.0001467030169264008,
            0.0001538995915693551,
            0.0001360969980622728,
            0.00013972457906050702,
            0.0001246777080994863,
            0.00011993802585865261,
            0.00013533884405942726,
            0.0001359229895637992,
            0.00014399336466731683,
            0.00013686066666879272,
            0.00013699275932953342,
            0.00013197351324132823,
            0.0001300910094890535,
            0.00012921925250814742,
            0.00010271288559994557,
            0.00010136884964720342,
            9.226613101028879e-05,
            9.240142818300346e-05,
            8.927735869250169e-05,
            8.970219565970512e-05,
            0.00010335115949143568,
            0.00010091208655192036,
            0.00010239669223347767,
            0.00011074108141486063,
            9.983957959236667e-05,
            0.00011472797685802617,
            0.00012164466090277442,
            0.00011111624767529105,
            0.00011378191027382133,
            0.0001223486212517279,
            0.00011269863852782671,
            0.00012185299288097531,
            0.0001232579923470735,
            0.00013432695971555512,
            0.00013346983151003215,
            0.00013553903365318097,
            0.00013529381852153466,
            0.00016228607081720072,
            0.00015212517693293393,
            0.00017356969047070087,
            0.00020849135767027474,
            0.0002225782694464669,
            0.00022880380482363704,
            0.00023742634246249624,
            0.00024597855595305285,
            0.00023965059450400443,
            0.00023902968025990017,
            0.00022480640904095188,
            0.0002291610220599015,
            0.00023308005970132826,
            0.00023973263583897513,
            0.00023723918747417267,
            0.0002350157405457951,
            0.00022330882542092418,
            0.00022384343724447364,
            0.00020838802345578717,
            0.00020424218550987248,
            0.00018967074689887,
            0.00018052694162984837,
            0.0001905911851515912,
            0.00018675176853380824,
            0.0001784326548376592,
            0.00019228000899052327,
            0.00018991499636355095,
            0.00018708545676371553,
            0.0001926637098483171,
            0.00018653116372324704,
            0.0001874229541352907,
            0.0002050859361744674,
            0.00019855484690080695,
            0.00019967424858520033,
            0.0001911006538804263,
            0.0001822032538471744,
            0.00019524256367908684,
            0.00018874942577230084,
            0.00018845793197337649,
            0.00017763881719437595,
            0.00017597900034391602,
            0.00015676127954051042,
            0.00016728094651401822,
            0.00016794991155124996,
            0.0001413233179750672,
            0.0001427081024525969,
            0.00014037104946775287,
            0.00012653780703454298,
            0.00013460745629572003,
            0.00012542678512921955,
            0.00012907660109384643,
            0.00012868789698473944
        ],