{
    "meta_data": {
        "type": "Resonator Spectroscopy",
        "plot_properties": {
            "x_label": "Resonator Frequency [GHz]",
            "y_label": "Amplitude [a.u.]",
            "title": "Resonator Spectroscopy"
        },
        "experiment_properties": {
            "qubit": "q4",
            "repetitions": 1000
        },
        "qubit_parameters": {
            "qb_freq": 4323900000.0,
            "drive_amp": 0.14,
            "drive_len": 4e-05,
            "pi_amp": 0.10453792597888534,
            "pi_len": 4e-08,
            "res_freq": 5836500000.0,
            "res_amp": 0.3,
            "res_len": 2e-06,
            "qb_amp_spec": 1.0,
            "qb_lo": 4600000000.0,
            "res_lo": 5600000000.0,
            "flux_bias": -0.777,
            "anharmnonicity": 208390000.0,
            "w125": 4326260000.0,
            "ro_delay": 2e-08,
            "ro_int_delay": 4e-08,
            "angle": -3.3688413635748384,
            "ge": [
                -0.0001949400167004023,
                -1.2757100836121984e-05
            ]
        }
    },
    "data": {
        "x": [
            5736500000.0,
            5738500000.0,
            5740500000.0,
            5742500000.0,
            5744500000.0,
            5746500000.0,
            5748500000.0,
            5750500000.0,
            5752500000.0,
            5754500000.0,
            5756500000.0,
            5758500000.0,
            5760500000.0,
            5762500000.0,
            5764500000.0,
            5766500000.0,
            5768500000.0,
            5770500000.0,
            5772500000.0,
            5774500000.0,
            5776500000.0,
            5778500000.0,
            5780500000.0,
            5782500000.0,
            5784500000.0,
            5786500000.0,
            5788500000.0,
            5790500000.0,
            5792500000.0,
            5794500000.0,
            5796500000.0,
            5798500000.0,
            5800500000.0,
            5802500000.0,
            5804500000.0,
            5806500000.0,
            5808500000.0,
            5810500000.0,
            5812500000.0,
            5814500000.0,
            5816500000.0,
            5818500000.0,
            5820500000.0,
            5822500000.0,
            5824500000.0,
            5826500000.0,
            5828500000.0,
            5830500000.0,
            5832500000.0,
            5834500000.0,
            5836500000.0,
            5838500000.0,
            5840500000.0,
            5842500000.0,
            5844500000.0,
            5846500000.0,
            5848500000.0,
            5850500000.0,
            5852500000.0,
            5854500000.0,
            5856500000.0,
            5858500000.0,
            5860500000.0,
            5862500000.0,
            5864500000.0,
            5866500000.0,
            5868500000.0,
            5870500000.0,
            5872500000.0,
            5874500000.0,
            5876500000.0,
            5878500000.0,
            5880500000.0,
            5882500000.0,
            5884500000.0,
            5886500000.0,
            5888500000.0,
            5890500000.0,
            5892500000.0,
            5894500000.0,
            5896500000.0,
            5898500000.0,
            5900500000.0,
            5902500000.0,
            5904500000.0,
            5906500000.0,
            5908500000.0,
            5910500000.0,
            5912500000.0,
            5914500000.0,
            5916500000.0,
            5918500000.0,
            5920500000.0,
            5922500000.0,
            5924500000.0,
            5926500000.0,
            5928500000.0,
            5930500000.0,
            5932500000.0,
            5934500000.0,
            5936500000.0
        ],
        "a_e": [
            0.0004187814212970535,
            0.00038742664298372975,
            0.00035600682964258615,
            0.0003250638774487327,
            0.0003001529860715175,
            0.0002595273788090309,
            0.0002643310634051685,
            0.0002671580202656389,
            0.0002755964756602078,
            0.0002975053330908859,
            0.00030082903229173544,
            0.0003101677807205433,
            0.00031733154788316816,
            0.00030634380610868706,
            0.00035462530412940814,
            0.0003089229346277022,
            0.00024830551832347164,
            0.0002538069846542397,
            0.0002055818174143936,
            0.00017727043959275598,
            0.00012656174245408424,
            9.986246802095886e-05,
            4.5182189346706244e-05,
            4.458073433914289e-05,
            2.4522450165259714e-05,
            1.647100685841358e-05,
            4.654966456884119e-05,
            6.342601465730872e-05,
            7.994600987919642e-05,
            3.1302000645324715e-05,
            5.3254722600089054e-05,
            7.459686549403258e-05,
            0.00012317315351143143,
            0.0001627598674911122,
            0.0002083810339016753,
            0.00023176649065813083,
            0.00027323063777099456,
            0.00026740205414102757,
            0.00028345393348671574,
            0.0002781222433891094,
            0.0002624180467070024,
            0.0002359559265820645,
            0.00025194461748142313,
            0.00023192548571068647,
            0.0002519790157235062,
            0.0002785763642386811,
            0.00038740795779888603,
            0.00042925956384961265,
            0.0004631793650815371,
            0.000496064199740805,
            0.00044315907451732226,
            0.0004000509088948644,
            0.0003527400260655926,
            0.00029865718740843,
            0.00021772931644143233,
            0.00013492668616436903,
            8.24711190793599e-05,
            3.4829055702621363e-05,
            7.536893943090819e-05,
            9.448529660172968e-05,
            0.00011906566113361748,
            0.000141302890105205,
            0.00013556286597171395,
            0.00012226397046366367,
            9.824913973023098e-05,
            3.735350131615496e-05,
            2.695192767129926e-05,
            9.815508342437105e-05,
            0.00017065827069075488,
            0.00020928248494764303,
            0.00028804080529155055,
            0.0003446614364203146,
            0.00040316687234459814,
            0.0004248330492504544,
            0.00042726062208513774,
            0.00045243840363962324,
            0.000443493756662449,
            0.00043770958298757265,
            0.00041610880318093403,
            0.00037770968345120454,
            0.00035976727875400245,
            0.00033970802570659954,
            0.0003451570375902188,
            0.00032440584659771445,
            0.0003766597640520013,
            0.000408403708211832,
            0.00046063583048345,
            0.00046801209328170475,
            0.0004977787843295049,
            0.0005192910178166924,
            0.0004858355216111251,
            0.0004747258566752835,
            0.00045251820312611153,
            0.0004223454901838863,
            0.00038985507626786283,
            0.00039583831888070984,
            0.0003749228880359543,
            0.00040375547309230876,
            0.00042178501636244426,
            0.0004404086499862475,
            0.0004800075009450251
        ],