{
    "meta_data": {
        "type": "Resonator Spectroscopy",
        "plot_properties": {
            "x_label": "Resonator Frequency [GHz]",
            "y_label": "Amplitude [a.u.]",
            "title": "Resonator Spectroscopy"
        },
        "experiment_properties": {
            "qubit": "q3",
            "repetitions": 1000
        },
        "qubit_parameters": {
            "qb_freq": 4533000000,
            "drive_amp": 0.5,
            "drive_len": 4e-05,
            "pi_amp": 0.11609000000000003,
            "pi_len": 4e-08,
            "res_freq": 6116000000.0,
            "res_amp": 0.2,
            "res_len": 2e-06,
            "qb_amp_spec": 1.0,
            "qb_lo": 4600000000.0,
            "res_lo": 5600000000.0,
            "flux_bias": -0.8327,
            "anharmnonicity": 209100000.0,
            "w125": 4428450000.0,
            "ro_delay": 2e-08,
            "ro_int_delay": 4e-08,
            "angle": -4.877229440159746,
            "ge": [
                -0.00010248448978693157,
                -2.1326262666341262e-05
            ]
        }
    },
    "data": {
        "x": [
            6016000000.0,
            6018000000.0,
            6020000000.0,
            6022000000.0,
            6024000000.0,
            6026000000.0,
            6028000000.0,
            6030000000.0,
            6032000000.0,
            6034000000.0,
            6036000000.0,
            6038000000.0,
            6040000000.0,
            6042000000.0,
            6044000000.0,
            6046000000.0,
            6048000000.0,
            6050000000.0,
            6052000000.0,
            6054000000.0,
            6056000000.0,
            6058000000.0,
            6060000000.0,
            6062000000.0,
            6064000000.0,
            6066000000.0,
            6068000000.0,
            6070000000.0,
            6072000000.0,
            6074000000.0,
            6076000000.0,
            6078000000.0,
            6080000000.0,
            6082000000.0,
            6084000000.0,
            6086000000.0,
            6088000000.0,
            6090000000.0,
            6092000000.0,
            6094000000.0,
            6096000000.0,
            6098000000.0,
            6100000000.0,
            6102000000.0,
            6104000000.0,
            6106000000.0,
            6108000000.0,
            6110000000.0,
            6112000000.0,
            6114000000.0,
            6116000000.0,
            6118000000.0,
            6120000000.0,
            6122000000.0,
            6124000000.0,
            6126000000.0,
            6128000000.0,
            6130000000.0,
            6132000000.0,
            6134000000.0,
            6136000000.0,
            6138000000.0,
            6140000000.0,
            6142000000.0,
            6144000000.0,
            6146000000.0,
            6148000000.0,
            6150000000.0,
            6152000000.0,
            6154000000.0,
            6156000000.0,
            6158000000.0,
            6160000000.0,
            6162000000.0,
            6164000000.0,
            6166000000.0,
            6168000000.0,
            6170000000.0,
            6172000000.0,
            6174000000.0,
            6176000000.0,
            6178000000.0,
            6180000000.0,
            6182000000.0,
            6184000000.0,
            6186000000.0,
            6188000000.0,
            6190000000.0,
            6192000000.0,
            6194000000.0,
            6196000000.0,
            6198000000.0,
            6200000000.0,
            6202000000.0,
            6204000000.0,
            6206000000.0,
            6208000000.0,
            6210000000.0,
            6212000000.0,
            6214000000.0,
            6216000000.0
        ],
        "a_e": [
            0.00016533639412578426,
            0.00013270256453238216,
            0.00015782790577786545,
            0.00014526305242156475,
            0.0001217435920768345,
            0.00013098626465996786,
            0.00013301367360351584,
            0.0001486507895999713,
            0.00011425971524085143,
            0.0001035126303756013,
            0.00012474256013720906,
            0.000125013330941623,
            0.00010703945275363858,
            0.00010335257489759815,
            0.00010174822925645245,
            9.891674563812607e-05,
            9.88595539196974e-05,
            8.323655835726483e-05,
            8.23829881129755e-05,
            7.677822423616088e-05,
            6.88491835095892e-05,
            5.865628721446878e-05,
            2.82038343895175e-05,
            4.549010425325046e-05,
            4.760149636240532e-05,
            3.407678882974277e-05,
            3.7866373788116554e-05,
            4.418330345830849e-05,
            5.9617122554982664e-05,
            4.758646080016379e-05,
            5.2865692588917325e-05,
            2.2854792018156143e-05,
            3.562402512335209e-05,
            3.2161687165284106e-05,
            1.060411296625915e-05,
            4.8166887848725515e-05,
            6.310159956803333e-05,
            0.00010154526166401953,
            0.0001127459040805578,
            0.0001439513023413575,
            0.0001353304976652063,
            0.00015801821326213896,
            0.00015615756530760515,
            0.0001688269508756978,
            0.0001589682297955451,
            0.00015947363633352408,
            0.00015793399624317156,
            0.0001416987650545872,
            0.00014460096042793468,
            0.00014356873946700906,
            0.00013700704641619657,
            0.00013865812544405746,
            0.00015474052974560163,
            0.00016490625298030083,
            0.00016590426439094038,
            0.00014617394004642242,
            0.00015171720932697524,
            0.00015176579917933563,
            0.00015552386804127462,
            0.00015452423499056137,
            0.00014864902375762235,
            0.0001405336720847154,
            0.00014156113127793035,
            0.00012801395009014527,
            0.00014140213626836844,
            0.00013688429470447291,
            0.0001536098659721884,
            0.0001425382639076792,
            0.00013592313231129113,
            0.00013651881864104715,
            0.0001386233490700222,
            0.0001276340816331212,
            0.00012620912080716078,
            0.00012564962062985244,
            0.000110783157044013,
            0.00010392879906294709,
            9.335487258884993e-05,
            9.146774513616021e-05,
            9.727022085592291e-05,
            8.111144058277278e-05,
            9.85254248398451e-05,
            9.572566235234987e-05,
            9.744035920550252e-05,
            0.00010053084192883721,
            9.32701507830729e-05,
            0.000106472112496972,
            0.0001126082032259875,
            0.00011052568856824038,
            0.00012322443001967648,
            0.00011813974904622313,
            0.00011746059009891564,
            0.00011290547710826748,
            0.00010767589304963262,
            0.00011518847777497531,
            0.00012742078190663966,
            0.00014327024374306997,
            0.00015286113522818307,
            0.0001565740070832356,
            0.00015845376921437652,
            0.00018203628351323622,
            0.00020519478151817907
        ],