{
    "meta_data": {
        "type": "Resonator Spectroscopy",
        "plot_properties": {
            "x_label": "Resonator Frequency [GHz]",
            "y_label": "Amplitude [a.u.]",
            "title": "Resonator Spectroscopy"
        },
        "experiment_properties": {
            "qubit": "q2",
            "repetitions": 1000
        },
        "qubit_parameters": {
            "qb_freq": 4323900000.0,
            "drive_amp": 0.5,
            "drive_len": 4e-05,
            "pi_amp": 0.148,
            "pi_len": 4e-08,
            "res_freq": 4930000000.0,
            "res_amp": 1,
            "res_len": 2e-06,
            "qb_amp_spec": 1.0,
            "qb_lo": 4600000000.0,
            "res_lo": 5600000000.0,
            "flux_bias": -0.884,
            "anharmnonicity": 190300000,
            "w125": 4220000000.0,
            "ro_delay": 2e-08,
            "ro_int_delay": 4e-08,
            "angle": -5.256260444629553,
            "ge": [
                4.342185417071522e-05,
                9.872327244994911e-05
            ]
        }
    },
    "data": {
        "x": [
            4830000000.0,
            4832000000.0,
            4834000000.0,
            4836000000.0,
            4838000000.0,
            4840000000.0,
            4842000000.0,
            4844000000.0,
            4846000000.0,
            4848000000.0,
            4850000000.0,
            4852000000.0,
            4854000000.0,
            4856000000.0,
            4858000000.0,
            4860000000.0,
            4862000000.0,
            4864000000.0,
            4866000000.0,
            4868000000.0,
            4870000000.0,
            4872000000.0,
            4874000000.0,
            4876000000.0,
            4878000000.0,
            4880000000.0,
            4882000000.0,
            4884000000.0,
            4886000000.0,
            4888000000.0,
            4890000000.0,
            4892000000.0,
            4894000000.0,
            4896000000.0,
            4898000000.0,
            4900000000.0,
            4902000000.0,
            4904000000.0,
            4906000000.0,
            4908000000.0,
            4910000000.0,
            4912000000.0,
            4914000000.0,
            4916000000.0,
            4918000000.0,
            4920000000.0,
            4922000000.0,
            4924000000.0,
            4926000000.0,
            4928000000.0,
            4930000000.0,
            4932000000.0,
            4934000000.0,
            4936000000.0,
            4938000000.0,
            4940000000.0,
            4942000000.0,
            4944000000.0,
            4946000000.0,
            4948000000.0,
            4950000000.0,
            4952000000.0,
            4954000000.0,
            4956000000.0,
            4958000000.0,
            4960000000.0,
            4962000000.0,
            4964000000.0,
            4966000000.0,
            4968000000.0,
            4970000000.0,
            4972000000.0,
            4974000000.0,
            4976000000.0,
            4978000000.0,
            4980000000.0,
            4982000000.0,
            4984000000.0,
            4986000000.0,
            4988000000.0,
            4990000000.0,
            4992000000.0,
            4994000000.0,
            4996000000.0,
            4998000000.0,
            5000000000.0,
            5002000000.0,
            5004000000.0,
            5006000000.0,
            5008000000.0,
            5010000000.0,
            5012000000.0,
            5014000000.0,
            5016000000.0,
            5018000000.0,
            5020000000.0,
            5022000000.0,
            5024000000.0,
            5026000000.0,
            5028000000.0,
            5030000000.0
        ],
        "a_e": [
            8.461035766118296e-05,
            7.949267893976265e-05,
            6.988485045810167e-05,
            6.885806910175875e-05,
            7.079881683587828e-05,
            7.012339685608996e-05,
            6.292410424814695e-05,
            6.769659115265006e-05,
            6.918519917381509e-05,
            6.876205925538848e-05,
            8.300494848377724e-05,
            8.540767424535987e-05,
            9.036837288396135e-05,
            9.455835080434519e-05,
            0.0001052237156806431,
            0.00011719042384270837,
            0.00012101045528385992,
            0.00013860111250409818,
            0.00013727500057799912,
            0.0001492041222387447,
            0.0001427634987418019,
            0.0001393381461867455,
            0.00014698016397096897,
            0.00014522136306553137,
            0.00014573786774551529,
            0.00013925230913900373,
            0.00013124517546065395,
            0.00014736972442008607,
            0.00014160306227978657,
            0.00013465461239069501,
            0.00015098303064722783,
            0.0001595158372784713,
            0.00016009579855198714,
            0.00017880391586300087,
            0.00017162136427129157,
            0.00018391075658875952,
            0.0001860476766465525,
            0.00018063841974068587,
            0.00018444635966306181,
            0.00018536414118929765,
            0.00018550167015113098,
            0.00017565596120604473,
            0.0001618943949765971,
            0.00015511541075792647,
            0.00015316919362623466,
            0.0001303862464821422,
            0.00010444519887103422,
            6.091838715998644e-05,
            2.5509361587665076e-05,
            3.912588498468949e-05,
            6.482959504862099e-05,
            0.00010882792293934499,
            0.00012731320861748355,
            0.0001459744360035936,
            0.00017631386671512596,
            0.00019605558055611622,
            0.00018991987029373832,
            0.00021003294309544654,
            0.00022344991468399938,
            0.00022782763620266095,
            0.0002464975983619724,
            0.00024311722342711668,
            0.0002686822130643946,
            0.00028271854550833186,
            0.0002990084121057475,
            0.0003010059797471926,
            0.0003119839815524337,
            0.00031328687874485484,
            0.0003017526762721138,
            0.00029666103618635484,
            0.0002578072303052646,
            0.0002582679454503887,
            0.000221448125853219,
            0.0002034822908306381,
            0.00019189363577882344,
            0.00016580482318164917,
            0.00014953830963783247,
            0.00014141455831942186,
            0.00013861293928044968,
            0.00012671063637268148,
            0.00011262655424639118,
            9.249780226662646e-05,
            5.914475365141143e-05,
            6.517554241475134e-05,
            3.1652616419428475e-05,
            4.1679841377733956e-05,
            5.494968065220807e-05,
            6.589219536865475e-05,
            8.905206977857998e-05,
            9.855267022692874e-05,
            0.00011969706958292929,
            0.00013486601189228951,
            0.00015071312201555515,
            0.0001569180639127649,
            0.00014386235828706037,
            0.00014577414428510653,
            0.0001392469529273089,
            0.00015834039117868998,
            0.00016774427748597457,
            0.00016975036349345079,
            0.00020288507309773317
        ],