{
    "meta_data": {
        "type": "Resonator Spectroscopy",
        "plot_properties": {
            "x_label": "Resonator Frequency [GHz]",
            "y_label": "Amplitude [a.u.]",
            "title": "Resonator Spectroscopy"
        },
        "experiment_properties": {
            "qubit": "q1",
            "repetitions": 1000
        },
        "qubit_parameters": {
            "qb_freq": 4723300000,
            "drive_amp": 1,
            "drive_len": 4e-05,
            "pi_amp": 0.12809487223291915,
            "pi_len": 4e-08,
            "res_freq": 5250000000.0,
            "res_amp": 0.35,
            "res_len": 2e-06,
            "qb_amp_spec": 1.0,
            "qb_lo": 4600000000.0,
            "res_lo": 5600000000.0,
            "flux_bias": -0.0157,
            "anharmnonicity": 190300000,
            "w125": 4628150000.0,
            "ro_delay": 1e-07,
            "ro_int_delay": 4e-08,
            "angle": -2.7369100144220284,
            "ge": [
                0.00011656060279059207,
                0.00029401170412310417
            ]
        }
    },
    "data": {
        "x": [
            5150000000.0,
            5152000000.0,
            5154000000.0,
            5156000000.0,
            5158000000.0,
            5160000000.0,
            5162000000.0,
            5164000000.0,
            5166000000.0,
            5168000000.0,
            5170000000.0,
            5172000000.0,
            5174000000.0,
            5176000000.0,
            5178000000.0,
            5180000000.0,
            5182000000.0,
            5184000000.0,
            5186000000.0,
            5188000000.0,
            5190000000.0,
            5192000000.0,
            5194000000.0,
            5196000000.0,
            5198000000.0,
            5200000000.0,
            5202000000.0,
            5204000000.0,
            5206000000.0,
            5208000000.0,
            5210000000.0,
            5212000000.0,
            5214000000.0,
            5216000000.0,
            5218000000.0,
            5220000000.0,
            5222000000.0,
            5224000000.0,
            5226000000.0,
            5228000000.0,
            5230000000.0,
            5232000000.0,
            5234000000.0,
            5236000000.0,
            5238000000.0,
            5240000000.0,
            5242000000.0,
            5244000000.0,
            5246000000.0,
            5248000000.0,
            5250000000.0,
            5252000000.0,
            5254000000.0,
            5256000000.0,
            5258000000.0,
            5260000000.0,
            5262000000.0,
            5264000000.0,
            5266000000.0,
            5268000000.0,
            5270000000.0,
            5272000000.0,
            5274000000.0,
            5276000000.0,
            5278000000.0,
            5280000000.0,
            5282000000.0,
            5284000000.0,
            5286000000.0,
            5288000000.0,
            5290000000.0,
            5292000000.0,
            5294000000.0,
            5296000000.0,
            5298000000.0,
            5300000000.0,
            5302000000.0,
            5304000000.0,
            5306000000.0,
            5308000000.0,
            5310000000.0,
            5312000000.0,
            5314000000.0,
            5316000000.0,
            5318000000.0,
            5320000000.0,
            5322000000.0,
            5324000000.0,
            5326000000.0,
            5328000000.0,
            5330000000.0,
            5332000000.0,
            5334000000.0,
            5336000000.0,
            5338000000.0,
            5340000000.0,
            5342000000.0,
            5344000000.0,
            5346000000.0,
            5348000000.0,
            5350000000.0
        ],
        "a_e": [
            0.00034043788309758455,
            0.000346716725436951,
            0.000329954312379638,
            0.00032506649171071186,
            0.00031389647342600454,
            0.0003269674805142264,
            0.0003274195359286221,
            0.0003228245586464222,
            0.00034294895381815275,
            0.0003756289013268245,
            0.00038092431193132315,
            0.00039934022954881543,
            0.00039944019524871453,
            0.0004092368927812352,
            0.00040136136524805796,
            0.00040977896441066116,
            0.0004231416320938318,
            0.000423408073647703,
            0.0004132814452271598,
            0.00040609572521180595,
            0.0003996964800361067,
            0.0003965004168342724,
            0.0003909376721560364,
            0.00039791420959749504,
            0.00040238602081055724,
            0.00040562900513764483,
            0.00043280397871280573,
            0.0003966213197849443,
            0.000421962861626526,
            0.0003775278324685611,
            0.00038224532827325626,
            0.00033899266603279205,
            0.0002990968108593698,
            0.00025892781091886444,
            0.0002274393296415964,
            0.00017343423923065783,
            0.00012746525118179476,
            8.982920985556405e-05,
            8.656925457671183e-05,
            8.549747489865454e-05,
            5.591962831372352e-05,
            5.704420665490431e-05,
            6.502641534362243e-05,
            5.346065437816016e-05,
            2.1285472729197655e-05,
            2.8348331912494875e-05,
            5.137475951388809e-05,
            8.607831719261766e-05,
            0.00011961323997207861,
            0.0001603554484053566,
            0.00019477229343073513,
            0.00021089057646488094,
            0.0002475240687096858,
            0.0002561959145848899,
            0.0002828543525242302,
            0.00029109491042340945,
            0.0003127668823047885,
            0.00033410942780415275,
            0.0003275931547565277,
            0.00031907516422302905,
            0.00031038367328182646,
            0.0002907431396515674,
            0.00026908686927014705,
            0.00024522827006781236,
            0.00019855897065946482,
            0.0001721189978178745,
            0.00013332586525987403,
            0.00010366324761023092,
            5.067525121727907e-05,
            2.3037779758351563e-05,
            1.6165175607212638e-05,
            4.111792983834582e-05,
            4.662764069412483e-05,
            6.712296459396156e-05,
            5.410534944876685e-05,
            7.850999434847353e-05,
            8.479131105593079e-05,
            8.878027243372502e-05,
            0.00010654106765645,
            0.00010801833966914537,
            0.0001369449573185145,
            0.00015433892178723138,
            0.00016665175741457114,
            0.00021176507186332453,
            0.0002309477963834919,
            0.000227369072764226,
            0.00024696107611363224,
            0.0002604090965487043,
            0.0002527347366660965,
            0.00023991094190044772,
            0.000246208342596121,
            0.00024626769696966877,
            0.00025747320757238444,
            0.0002463986717352035,
            0.0002498170434461061,
            0.0002888333033110218,
            0.0003049370151725131,
            0.0003152065371029339,
            0.0003284956794836924,
            0.00037456247101018067,
            0.000394564936928922
        ],