{
    "meta_data": {
        "type": "Resonator Spectroscopy",
        "plot_properties": {
            "x_label": "Resonator Frequency [GHz]",
            "y_label": "Amplitude [a.u.]",
            "title": "Resonator Spectroscopy"
        },
        "experiment_properties": {
            "qubit": "q4",
            "repetitions": 1000
        },
        "qubit_parameters": {
            "qb_freq": 4323900000.0,
            "drive_amp": 0.14,
            "drive_len": 4e-05,
            "pi_amp": 0.10453792597888534,
            "pi_len": 4e-08,
            "res_freq": 5830500000.0,
            "res_amp": 0.3,
            "res_len": 2e-06,
            "qb_amp_spec": 1.0,
            "qb_lo": 4600000000.0,
            "res_lo": 5600000000.0,
            "flux_bias": -0.777,
            "anharmnonicity": 208390000.0,
            "w125": 4326260000.0,
            "ro_delay": 2e-08,
            "ro_int_delay": 4e-08,
            "angle": -3.3688413635748384,
            "ge": [
                -0.0001949400167004023,
                -1.2757100836121984e-05
            ]
        }
    },
    "data": {
        "x": [
            5730500000.0,
            5732500000.0,
            5734500000.0,
            5736500000.0,
            5738500000.0,
            5740500000.0,
            5742500000.0,
            5744500000.0,
            5746500000.0,
            5748500000.0,
            5750500000.0,
            5752500000.0,
            5754500000.0,
            5756500000.0,
            5758500000.0,
            5760500000.0,
            5762500000.0,
            5764500000.0,
            5766500000.0,
            5768500000.0,
            5770500000.0,
            5772500000.0,
            5774500000.0,
            5776500000.0,
            5778500000.0,
            5780500000.0,
            5782500000.0,
            5784500000.0,
            5786500000.0,
            5788500000.0,
            5790500000.0,
            5792500000.0,
            5794500000.0,
            5796500000.0,
            5798500000.0,
            5800500000.0,
            5802500000.0,
            5804500000.0,
            5806500000.0,
            5808500000.0,
            5810500000.0,
            5812500000.0,
            5814500000.0,
            5816500000.0,
            5818500000.0,
            5820500000.0,
            5822500000.0,
            5824500000.0,
            5826500000.0,
            5828500000.0,
            5830500000.0,
            5832500000.0,
            5834500000.0,
            5836500000.0,
            5838500000.0,
            5840500000.0,
            5842500000.0,
            5844500000.0,
            5846500000.0,
            5848500000.0,
            5850500000.0,
            5852500000.0,
            5854500000.0,
            5856500000.0,
            5858500000.0,
            5860500000.0,
            5862500000.0,
            5864500000.0,
            5866500000.0,
            5868500000.0,
            5870500000.0,
            5872500000.0,
            5874500000.0,
            5876500000.0,
            5878500000.0,
            5880500000.0,
            5882500000.0,
            5884500000.0,
            5886500000.0,
            5888500000.0,
            5890500000.0,
            5892500000.0,
            5894500000.0,
            5896500000.0,
            5898500000.0,
            5900500000.0,
            5902500000.0,
            5904500000.0,
            5906500000.0,
            5908500000.0,
            5910500000.0,
            5912500000.0,
            5914500000.0,
            5916500000.0,
            5918500000.0,
            5920500000.0,
            5922500000.0,
            5924500000.0,
            5926500000.0,
            5928500000.0,
            5930500000.0
        ],
        "a_e": [
            0.00046006981387068305,
            0.0004480708714498415,
            0.00041598827079749695,
            0.0004017561764888661,
            0.00038836303760722514,
            0.0003617563768403944,
            0.00031127442796986777,
            0.0002788047518154141,
            0.00026174815758614657,
            0.00024081138084921635,
            0.0002727691059528826,
            0.00028767195054352646,
            0.0002746823053393248,
            0.0003168329919881729,
            0.00030815651371264964,
            0.00032577646723398545,
            0.00034016723011551394,
            0.00030811355039393984,
            0.0002927681713411494,
            0.00028062563209541914,
            0.000248341009923418,
            0.00018953949228559956,
            0.00015805213485555974,
            0.00014019055462636122,
            9.625506875185568e-05,
            4.9346881887598326e-05,
            4.788091776980579e-05,
            1.0011842820812335e-05,
            2.010504259780597e-05,
            4.141409817525083e-05,
            3.745583249815372e-05,
            6.34022624509184e-05,
            6.004378872573819e-05,
            3.3010670729498103e-05,
            6.813349057387415e-05,
            8.182396924569995e-05,
            0.00014018012762005133,
            0.00020834283926454212,
            0.00023461242705282616,
            0.0002665976901019505,
            0.00026266431618106415,
            0.00028826761014453026,
            0.00025128548650950555,
            0.00027619874266184843,
            0.00026391556583347766,
            0.0002488135615875295,
            0.0002486753646332108,
            0.00029515886173197073,
            0.00034027841658995905,
            0.0003788073846777754,
            0.0004305800742114833,
            0.0004942084121783285,
            0.0004722250216190187,
            0.00048088883060509675,
            0.00042695444660927946,
            0.00036376568885882913,
            0.00031182134163875455,
            0.00022119465300973794,
            0.00015266277381651932,
            7.720161495359131e-05,
            1.671300800385301e-05,
            6.19119879657083e-05,
            0.00010027811429457794,
            0.0001255868766230613,
            0.00013626398077247302,
            9.202742894960017e-05,
            0.00012279795969749005,
            0.00010139878950054722,
            6.279772695089183e-05,
            1.9270752591373844e-05,
            7.70017874205374e-05,
            0.00016106435145607392,
            0.00025764206489817314,
            0.0002886973122887631,
            0.0003332766928768398,
            0.00037652223791656016,
            0.0004084699286505894,
            0.0004483683638137116,
            0.0004459212337620114,
            0.0004473540622791084,
            0.00043532957585711864,
            0.00042014717660894855,
            0.0004070929964985652,
            0.0003427528074756018,
            0.0003441832373126661,
            0.00030999452393108375,
            0.0003390000379535197,
            0.0003737339781680538,
            0.0004224547009172329,
            0.00044630643419986274,
            0.0004785522470269669,
            0.0004947832097561975,
            0.0005126898271000731,
            0.000491411353633872,
            0.0004870737857774073,
            0.0004802582585598233,
            0.0004070100777261761,
            0.0003964634021697261,
            0.0003870699908251982,
            0.0003763315418563918,
            0.0003936004327375368
        ],