{
    "meta_data": {
        "type": "Resonator Spectroscopy",
        "plot_properties": {
            "x_label": "Resonator Frequency [GHz]",
            "y_label": "Amplitude [a.u.]",
            "title": "Resonator Spectroscopy"
        },
        "experiment_properties": {
            "qubit": "q4",
            "repetitions": 1000
        },
        "qubit_parameters": {
            "qb_freq": 4323900000.0,
            "drive_amp": 0.14,
            "drive_len": 4e-05,
            "pi_amp": 0.108208,
            "pi_len": 4e-08,
            "res_freq": 5830500000.0,
            "res_amp": 0.3,
            "res_len": 2e-06,
            "qb_amp_spec": 1.0,
            "qb_lo": 4600000000.0,
            "res_lo": 5600000000.0,
            "flux_bias": -0.777,
            "anharmnonicity": 208390000.0,
            "w125": 4326260000.0,
            "ro_delay": 2e-08,
            "ro_int_delay": 4e-08,
            "angle": -3.651231090945301,
            "ge": [
                -0.0002074706764251199,
                -5.5362028859162004e-05
            ]
        }
    },
    "data": {
        "x": [
            5730500000.0,
            5732500000.0,
            5734500000.0,
            5736500000.0,
            5738500000.0,
            5740500000.0,
            5742500000.0,
            5744500000.0,
            5746500000.0,
            5748500000.0,
            5750500000.0,
            5752500000.0,
            5754500000.0,
            5756500000.0,
            5758500000.0,
            5760500000.0,
            5762500000.0,
            5764500000.0,
            5766500000.0,
            5768500000.0,
            5770500000.0,
            5772500000.0,
            5774500000.0,
            5776500000.0,
            5778500000.0,
            5780500000.0,
            5782500000.0,
            5784500000.0,
            5786500000.0,
            5788500000.0,
            5790500000.0,
            5792500000.0,
            5794500000.0,
            5796500000.0,
            5798500000.0,
            5800500000.0,
            5802500000.0,
            5804500000.0,
            5806500000.0,
            5808500000.0,
            5810500000.0,
            5812500000.0,
            5814500000.0,
            5816500000.0,
            5818500000.0,
            5820500000.0,
            5822500000.0,
            5824500000.0,
            5826500000.0,
            5828500000.0,
            5830500000.0,
            5832500000.0,
            5834500000.0,
            5836500000.0,
            5838500000.0,
            5840500000.0,
            5842500000.0,
            5844500000.0,
            5846500000.0,
            5848500000.0,
            5850500000.0,
            5852500000.0,
            5854500000.0,
            5856500000.0,
            5858500000.0,
            5860500000.0,
            5862500000.0,
            5864500000.0,
            5866500000.0,
            5868500000.0,
            5870500000.0,
            5872500000.0,
            5874500000.0,
            5876500000.0,
            5878500000.0,
            5880500000.0,
            5882500000.0,
            5884500000.0,
            5886500000.0,
            5888500000.0,
            5890500000.0,
            5892500000.0,
            5894500000.0,
            5896500000.0,
            5898500000.0,
            5900500000.0,
            5902500000.0,
            5904500000.0,
            5906500000.0,
            5908500000.0,
            5910500000.0,
            5912500000.0,
            5914500000.0,
            5916500000.0,
            5918500000.0,
            5920500000.0,
            5922500000.0,
            5924500000.0,
            5926500000.0,
            5928500000.0,
            5930500000.0
        ],
        "a_e": [
            0.00045335019466164004,
            0.0004617307240364573,
            0.0004440288528292618,
            0.00043423059769869,
            0.0003785041793526115,
            0.0003658510520738575,
            0.00031693707773722653,
            0.00030495251058393894,
            0.00027033882316081784,
            0.0002463743685126975,
            0.0002748912683463297,
            0.00025893592388322986,
            0.00029391175266352206,
            0.00029299843499795426,
            0.00031878670154692303,
            0.00032954332038529264,
            0.0003434848218609331,
            0.0003424853567995689,
            0.00031152099177291203,
            0.00025157072512153026,
            0.0002596714077892501,
            0.0002057510906092491,
            0.00017320207510442573,
            0.0001387119743375145,
            7.481615872291729e-05,
            4.6023565822339127e-05,
            2.4078605880446514e-05,
            2.991009097477233e-06,
            3.213278347310142e-05,
            3.8450085080675936e-05,
            4.3129008461684796e-05,
            5.409554138481266e-05,
            3.426008178018547e-05,
            3.195558801710663e-05,
            5.649766296844862e-05,
            8.0255803349924e-05,
            0.00014476707215896,
            0.0002269791531465434,
            0.0002204705054158754,
            0.0002603524470726422,
            0.00027981162278933137,
            0.00028751374728008887,
            0.00025016758381117733,
            0.00025002326139943225,
            0.0002323184570077597,
            0.00025902492768962245,
            0.0002262614435296288,
            0.00025746667786320933,
            0.0002984210396340476,
            0.00035304263491626743,
            0.0004066230169944579,
            0.00045102677137745067,
            0.00048275405316751456,
            0.0004490234909175902,
            0.00044030474023774814,
            0.0003357993124465805,
            0.0002972836032303821,
            0.00023461644611002844,
            0.0001551026591083903,
            9.395540334614108e-05,
            4.831201840566793e-05,
            3.535807449625672e-05,
            9.595014793220501e-05,
            0.00011769130901501924,
            0.00014166855843903266,
            0.0001358987295094924,
            0.00012343256176141447,
            8.221911970215819e-05,
            5.3903439134021615e-05,
            2.5447688428103985e-05,
            9.001046255684283e-05,
            0.0001689077025269395,
            0.00021730848938715354,
            0.0002960973082498338,
            0.0003330577635922976,
            0.00038492242510684024,
            0.0004096649383494669,
            0.00043237586934222704,
            0.00045473115204621237,
            0.00043537252774790246,
            0.00043744458975592134,
            0.00041923651577690504,
            0.00037964021516261184,
            0.0003495652055061759,
            0.0003246523920088658,
            0.0003415588026044475,
            0.00036971862449126523,
            0.00036885372425784466,
            0.00040665167001218994,
            0.0004481835372683486,
            0.0004839880997621038,
            0.0005146206232341386,
            0.0005212463489133544,
            0.0004993450531324906,
            0.0004926721852588283,
            0.0004615173324345965,
            0.00040512623414820095,
            0.00039840804165068653,
            0.0003792477070768078,
            0.0003724197187171571,
            0.0003967917032465727
        ],