{
    "meta_data": {
        "type": "Resonator Spectroscopy",
        "plot_properties": {
            "x_label": "Resonator Frequency [GHz]",
            "y_label": "Amplitude [a.u.]",
            "title": "Resonator Spectroscopy"
        },
        "experiment_properties": {
            "qubit": "q1",
            "repetitions": 1000
        },
        "qubit_parameters": {
            "qb_freq": 4723300000,
            "drive_amp": 1,
            "drive_len": 4e-05,
            "pi_amp": 0.12809487223291915,
            "pi_len": 4e-08,
            "res_freq": 5250000000.0,
            "res_amp": 0.35,
            "res_len": 2e-06,
            "qb_amp_spec": 1.0,
            "qb_lo": 4600000000.0,
            "res_lo": 5600000000.0,
            "flux_bias": -0.0157,
            "anharmnonicity": 190300000,
            "w125": 4628150000.0,
            "ro_delay": 1e-07,
            "ro_int_delay": 4e-08,
            "angle": -2.7369100144220284,
            "ge": [
                0.00011656060279059207,
                0.00029401170412310417
            ]
        }
    },
    "data": {
        "x": [
            5150000000.0,
            5152000000.0,
            5154000000.0,
            5156000000.0,
            5158000000.0,
            5160000000.0,
            5162000000.0,
            5164000000.0,
            5166000000.0,
            5168000000.0,
            5170000000.0,
            5172000000.0,
            5174000000.0,
            5176000000.0,
            5178000000.0,
            5180000000.0,
            5182000000.0,
            5184000000.0,
            5186000000.0,
            5188000000.0,
            5190000000.0,
            5192000000.0,
            5194000000.0,
            5196000000.0,
            5198000000.0,
            5200000000.0,
            5202000000.0,
            5204000000.0,
            5206000000.0,
            5208000000.0,
            5210000000.0,
            5212000000.0,
            5214000000.0,
            5216000000.0,
            5218000000.0,
            5220000000.0,
            5222000000.0,
            5224000000.0,
            5226000000.0,
            5228000000.0,
            5230000000.0,
            5232000000.0,
            5234000000.0,
            5236000000.0,
            5238000000.0,
            5240000000.0,
            5242000000.0,
            5244000000.0,
            5246000000.0,
            5248000000.0,
            5250000000.0,
            5252000000.0,
            5254000000.0,
            5256000000.0,
            5258000000.0,
            5260000000.0,
            5262000000.0,
            5264000000.0,
            5266000000.0,
            5268000000.0,
            5270000000.0,
            5272000000.0,
            5274000000.0,
            5276000000.0,
            5278000000.0,
            5280000000.0,
            5282000000.0,
            5284000000.0,
            5286000000.0,
            5288000000.0,
            5290000000.0,
            5292000000.0,
            5294000000.0,
            5296000000.0,
            5298000000.0,
            5300000000.0,
            5302000000.0,
            5304000000.0,
            5306000000.0,
            5308000000.0,
            5310000000.0,
            5312000000.0,
            5314000000.0,
            5316000000.0,
            5318000000.0,
            5320000000.0,
            5322000000.0,
            5324000000.0,
            5326000000.0,
            5328000000.0,
            5330000000.0,
            5332000000.0,
            5334000000.0,
            5336000000.0,
            5338000000.0,
            5340000000.0,
            5342000000.0,
            5344000000.0,
            5346000000.0,
            5348000000.0,
            5350000000.0
        ],
        "a_e": [
            0.0003257462291447009,
            0.0003397184309209664,
            0.00031538706175029626,
            0.0003299470609304771,
            0.000328820431520331,
            0.0003263986444178724,
            0.00032838256546212526,
            0.000344268642027853,
            0.00034560084201433857,
            0.0003671274823913346,
            0.0003745359558543221,
            0.00038943983695502666,
            0.0003955094232690047,
            0.00041471812929354577,
            0.0004031450823225045,
            0.0004234983474764088,
            0.00042211559482994564,
            0.0004065273635633139,
            0.0004111530135071511,
            0.0004078275657587944,
            0.0003886325503556652,
            0.000376738678042093,
            0.0003780261810510846,
            0.0003931606348020073,
            0.0003959342594895321,
            0.0004055025966538652,
            0.00039706343529710784,
            0.0004234195910842213,
            0.00039851992375535504,
            0.0004082086380410636,
            0.00036750381861018987,
            0.0003377734688126697,
            0.0003127096870092559,
            0.0002654468807959076,
            0.0001948476752900453,
            0.00016594955180850498,
            0.00012433141128045946,
            9.532514230916485e-05,
            7.252208664339489e-05,
            8.595000000158493e-05,
            7.479695654824656e-05,
            8.581054589330522e-05,
            6.000295714666207e-05,
            4.241417860589537e-05,
            2.4149814674851443e-05,
            2.4502637559194973e-05,
            5.951225015101218e-05,
            8.689631800963934e-05,
            0.00010854082841343209,
            0.0001595519830766161,
            0.00017953615500931555,
            0.00022522537557257772,
            0.00023816993030420912,
            0.0002682256416645133,
            0.0002772825129626875,
            0.0003222047378085408,
            0.00032227486980904266,
            0.0003178641309319543,
            0.0003255733232180398,
            0.00033232215151485586,
            0.0003354500244784518,
            0.00031182720244612815,
            0.00028093295003890547,
            0.0002504430615280831,
            0.00020200667091145282,
            0.00016016424947140755,
            0.0001451566269842567,
            9.29847738102477e-05,
            7.254500185118701e-05,
            2.4254478581914612e-05,
            3.0751350743327805e-05,
            3.7908203436244864e-05,
            4.8633270565386746e-05,
            6.62466048916328e-05,
            7.393859312507815e-05,
            8.547183135893159e-05,
            9.602767816519496e-05,
            0.00010290527256485365,
            9.565292076178889e-05,
            9.400395327170722e-05,
            0.0001462487970778696,
            0.00015911487166959511,
            0.0001729152234787114,
            0.00021659786952906305,
            0.0002402684583225836,
            0.00024710949200769546,
            0.00025246391159868144,
            0.00022824213543183784,
            0.0002527722576029373,
            0.00024732668233236473,
            0.00023573024177185253,
            0.00023518204974687002,
            0.0002610783270080909,
            0.00027334175340096577,
            0.0002793899189185103,
            0.0002676889960257477,
            0.0003051696264547432,
            0.00030592489362214564,
            0.0003511924701987752,
            0.0003926425944723326,
            0.00039385801332838757
        ],