{
    "meta_data": {
        "type": "Resonator Spectroscopy",
        "plot_properties": {
            "x_label": "Resonator Frequency [GHz]",
            "y_label": "Amplitude [a.u.]",
            "title": "Resonator Spectroscopy"
        },
        "experiment_properties": {
            "qubit": "q4",
            "repetitions": 1000
        },
        "qubit_parameters": {
            "qb_freq": 4323900000.0,
            "drive_amp": 0.2,
            "drive_len": 4e-05,
            "pi_amp": 0.10453792597888534,
            "pi_len": 4e-08,
            "res_freq": 5840500000.0,
            "res_amp": 0.6,
            "res_len": 2e-06,
            "qb_amp_spec": 1.0,
            "qb_lo": 4600000000.0,
            "res_lo": 5600000000.0,
            "flux_bias": -0.777,
            "anharmnonicity": 208390000.0,
            "w125": 4326260000.0,
            "ro_delay": 2e-08,
            "ro_int_delay": 4e-08,
            "angle": -3.3688413635748384,
            "ge": [
                -0.0001949400167004023,
                -1.2757100836121984e-05
            ]
        }
    },
    "data": {
        "x": [
            5740500000.0,
            5742500000.0,
            5744500000.0,
            5746500000.0,
            5748500000.0,
            5750500000.0,
            5752500000.0,
            5754500000.0,
            5756500000.0,
            5758500000.0,
            5760500000.0,
            5762500000.0,
            5764500000.0,
            5766500000.0,
            5768500000.0,
            5770500000.0,
            5772500000.0,
            5774500000.0,
            5776500000.0,
            5778500000.0,
            5780500000.0,
            5782500000.0,
            5784500000.0,
            5786500000.0,
            5788500000.0,
            5790500000.0,
            5792500000.0,
            5794500000.0,
            5796500000.0,
            5798500000.0,
            5800500000.0,
            5802500000.0,
            5804500000.0,
            5806500000.0,
            5808500000.0,
            5810500000.0,
            5812500000.0,
            5814500000.0,
            5816500000.0,
            5818500000.0,
            5820500000.0,
            5822500000.0,
            5824500000.0,
            5826500000.0,
            5828500000.0,
            5830500000.0,
            5832500000.0,
            5834500000.0,
            5836500000.0,
            5838500000.0,
            5840500000.0,
            5842500000.0,
            5844500000.0,
            5846500000.0,
            5848500000.0,
            5850500000.0,
            5852500000.0,
            5854500000.0,
            5856500000.0,
            5858500000.0,
            5860500000.0,
            5862500000.0,
            5864500000.0,
            5866500000.0,
            5868500000.0,
            5870500000.0,
            5872500000.0,
            5874500000.0,
            5876500000.0,
            5878500000.0,
            5880500000.0,
            5882500000.0,
            5884500000.0,
            5886500000.0,
            5888500000.0,
            5890500000.0,
            5892500000.0,
            5894500000.0,
            5896500000.0,
            5898500000.0,
            5900500000.0,
            5902500000.0,
            5904500000.0,
            5906500000.0,
            5908500000.0,
            5910500000.0,
            5912500000.0,
            5914500000.0,
            5916500000.0,
            5918500000.0,
            5920500000.0,
            5922500000.0,
            5924500000.0,
            5926500000.0,
            5928500000.0,
            5930500000.0,
            5932500000.0,
            5934500000.0,
            5936500000.0,
            5938500000.0,
            5940500000.0
        ],
        "a_e": [
            0.0007145177078992731,
            0.0006256641815379285,
            0.0005511656921640146,
            0.0005303805250116925,
            0.0005184554783298152,
            0.0005308415971393996,
            0.0005321335823875493,
            0.0005797191117765508,
            0.0005985120640610576,
            0.0006341974977693126,
            0.0006462809879901922,
            0.0006651330724735062,
            0.0006436296775410835,
            0.0006027989702056076,
            0.0005480652903273365,
            0.00048735550949106855,
            0.0004081972052274609,
            0.00032215854006540506,
            0.0002622333567115375,
            0.00017660130382805004,
            0.00011003293964519086,
            8.50306512464793e-05,
            4.2235768867441866e-05,
            6.129303973333663e-05,
            6.331801725049096e-05,
            7.224255950413839e-05,
            0.00012288631692987934,
            0.00010475319438399351,
            0.00011238810511436937,
            0.0001788043467565012,
            0.00026684541160886487,
            0.0003204962282265069,
            0.0004307872008450766,
            0.00048383213447453135,
            0.0005159241642959193,
            0.0005590351672804161,
            0.0005363801964461605,
            0.0005048786918999998,
            0.0004595659964876431,
            0.0003227980681129093,
            0.0002777467164383111,
            0.0003242300160843487,
            0.00041460615948111487,
            0.00044866217136299287,
            0.0005040693697628563,
            0.000545503086442852,
            0.0005310347805007335,
            0.0004512667544258335,
            0.0003716691017185614,
            0.0003392309190488816,
            0.0003790546582810621,
            0.00040634683114274445,
            0.00034252382632873137,
            0.00020935828675150797,
            0.00014293306237957797,
            0.00011775172756799365,
            0.00016278108241310954,
            0.0002244090802336208,
            0.000238829810401291,
            0.00026315153486757757,
            0.0002553699769915023,
            0.0002333195746364848,
            0.00020613955185791775,
            0.00011063087969175309,
            8.364328311078014e-05,
            0.00017090159213579813,
            0.00032257712183204293,
            0.00044384540237474534,
            0.0005706308056356806,
            0.0006774543316661971,
            0.0007947546569786012,
            0.0008249629425954839,
            0.0008871430960976915,
            0.0008826685729546419,
            0.0009191718613256737,
            0.000857017755746946,
            0.0008292760310410803,
            0.0007658290807768807,
            0.0007207175369957968,
            0.000666342645296266,
            0.0006558891318604133,
            0.0006835047100753936,
            0.0007276888402168531,
            0.0008152644399220186,
            0.000877294366935953,
            0.0009608378369162697,
            0.0009999140766241874,
            0.0010192351386920622,
            0.0010100561508238472,
            0.000962910283682941,
            0.0009200600509935038,
            0.000857017004395698,
            0.0007922705499913012,
            0.0007825939495026682,
            0.0007742777227536579,
            0.0008049835741719977,
            0.0008620791063243053,
            0.0008966826752215846,
            0.0009412343602385302,
            0.001015674788516308,
            0.0010784688263602645
        ],