{
    "meta_data": {
        "type": "Resonator Spectroscopy",
        "plot_properties": {
            "x_label": "Resonator Frequency [GHz]",
            "y_label": "Amplitude [a.u.]",
            "title": "Resonator Spectroscopy"
        },
        "experiment_properties": {
            "qubit": "q2",
            "repetitions": 1000
        },
        "qubit_parameters": {
            "qb_freq": 4323900000.0,
            "drive_amp": 0.5,
            "drive_len": 4e-05,
            "pi_amp": 0.148,
            "pi_len": 4e-08,
            "res_freq": 4920000000.0,
            "res_amp": 1,
            "res_len": 2e-06,
            "qb_amp_spec": 1.0,
            "qb_lo": 4600000000.0,
            "res_lo": 5600000000.0,
            "flux_bias": -0.884,
            "anharmnonicity": 190300000,
            "w125": 4220000000.0,
            "ro_delay": 2e-08,
            "ro_int_delay": 4e-08,
            "angle": -5.256260444629553,
            "ge": [
                4.342185417071522e-05,
                9.872327244994911e-05
            ]
        }
    },
    "data": {
        "x": [
            4820000000.0,
            4822000000.0,
            4824000000.0,
            4826000000.0,
            4828000000.0,
            4830000000.0,
            4832000000.0,
            4834000000.0,
            4836000000.0,
            4838000000.0,
            4840000000.0,
            4842000000.0,
            4844000000.0,
            4846000000.0,
            4848000000.0,
            4850000000.0,
            4852000000.0,
            4854000000.0,
            4856000000.0,
            4858000000.0,
            4860000000.0,
            4862000000.0,
            4864000000.0,
            4866000000.0,
            4868000000.0,
            4870000000.0,
            4872000000.0,
            4874000000.0,
            4876000000.0,
            4878000000.0,
            4880000000.0,
            4882000000.0,
            4884000000.0,
            4886000000.0,
            4888000000.0,
            4890000000.0,
            4892000000.0,
            4894000000.0,
            4896000000.0,
            4898000000.0,
            4900000000.0,
            4902000000.0,
            4904000000.0,
            4906000000.0,
            4908000000.0,
            4910000000.0,
            4912000000.0,
            4914000000.0,
            4916000000.0,
            4918000000.0,
            4920000000.0,
            4922000000.0,
            4924000000.0,
            4926000000.0,
            4928000000.0,
            4930000000.0,
            4932000000.0,
            4934000000.0,
            4936000000.0,
            4938000000.0,
            4940000000.0,
            4942000000.0,
            4944000000.0,
            4946000000.0,
            4948000000.0,
            4950000000.0,
            4952000000.0,
            4954000000.0,
            4956000000.0,
            4958000000.0,
            4960000000.0,
            4962000000.0,
            4964000000.0,
            4966000000.0,
            4968000000.0,
            4970000000.0,
            4972000000.0,
            4974000000.0,
            4976000000.0,
            4978000000.0,
            4980000000.0,
            4982000000.0,
            4984000000.0,
            4986000000.0,
            4988000000.0,
            4990000000.0,
            4992000000.0,
            4994000000.0,
            4996000000.0,
            4998000000.0,
            5000000000.0,
            5002000000.0,
            5004000000.0,
            5006000000.0,
            5008000000.0,
            5010000000.0,
            5012000000.0,
            5014000000.0,
            5016000000.0,
            5018000000.0,
            5020000000.0
        ],
        "a_e": [
            5.092943787999952e-05,
            5.9185214382037936e-05,
            6.747965351647262e-05,
            7.166075424275114e-05,
            6.260025541155524e-05,
            7.797355817380021e-05,
            8.031251818040382e-05,
            6.838798742672714e-05,
            7.524321868047198e-05,
            6.928376506800676e-05,
            6.725172464110063e-05,
            8.23775660244001e-05,
            6.249730336108721e-05,
            6.776768748164986e-05,
            6.744858104956787e-05,
            8.416769238830795e-05,
            9.19540475469559e-05,
            9.962188631309903e-05,
            0.00010476430664632616,
            0.00010708695325578512,
            0.00011507515970233655,
            0.00012401665181830757,
            0.00013523217469968622,
            0.0001398325159197307,
            0.00013076453809184594,
            0.0001369922642345307,
            0.0001397843371299835,
            0.00013728170887584884,
            0.00013980292068006844,
            0.0001312340269295191,
            0.0001250071438158469,
            0.00013951841757134798,
            0.00013874237090994996,
            0.00013058269968830877,
            0.00015809084808381398,
            0.000152907975781766,
            0.0001565111195635808,
            0.00015530633168190535,
            0.00017526175691886706,
            0.00017529376814041014,
            0.00016999488522614494,
            0.0001799567533808478,
            0.00018256124701627205,
            0.00018509872646358002,
            0.0001713072247876966,
            0.00018119026593224068,
            0.00017588656169574527,
            0.00017671707032123528,
            0.0001720274302746419,
            0.0001458071796649555,
            0.0001310623321321263,
            0.0001014523955556524,
            6.272654025540607e-05,
            3.710810363522384e-05,
            3.949301361009021e-05,
            8.276210625228643e-05,
            0.00011273835639153043,
            0.00013571440465007633,
            0.0001570500362860456,
            0.00017602306279027643,
            0.0001987434406712896,
            0.00020242012230349608,
            0.00020812448236016962,
            0.00020268244827063682,
            0.00024052257974642842,
            0.00022869604751346,
            0.0002531456973466287,
            0.00025896413352508285,
            0.0002721111338532243,
            0.0002895382510633587,
            0.00030550409033870403,
            0.00030117570876514357,
            0.0003032836134910623,
            0.00030260543212605115,
            0.00028965644771492607,
            0.00027948395136284866,
            0.0002708017750406356,
            0.00022601920011621493,
            0.000212044087953728,
            0.000188800749545835,
            0.00016258948622363895,
            0.00014503886569097843,
            0.0001431548949250392,
            0.00013532953909536636,
            0.00011542448742765855,
            9.388251512849367e-05,
            8.166304686000918e-05,
            5.928035783741919e-05,
            3.525485340747525e-05,
            1.4054503876262134e-05,
            1.9150613550239313e-05,
            3.489001362515237e-05,
            6.49362929680862e-05,
            6.247826948342517e-05,
            9.541329339174815e-05,
            0.00010588069491073235,
            0.0001053291923010885,
            0.0001245304733459867,
            0.00012013020854112018,
            0.0001424785161538477,
            0.0001534948778569127
        ],