{
    "meta_data": {
        "type": "Resonator Spectroscopy",
        "plot_properties": {
            "x_label": "Resonator Frequency [GHz]",
            "y_label": "Amplitude [a.u.]",
            "title": "Resonator Spectroscopy"
        },
        "experiment_properties": {
            "qubit": "q3",
            "repetitions": 1000
        },
        "qubit_parameters": {
            "qb_freq": 4533000000,
            "drive_amp": 0.5,
            "drive_len": 4e-05,
            "pi_amp": 0.11609000000000003,
            "pi_len": 4e-08,
            "res_freq": 6145000000.0,
            "res_amp": 0.4,
            "res_len": 2e-06,
            "qb_amp_spec": 1.0,
            "qb_lo": 4600000000.0,
            "res_lo": 5600000000.0,
            "flux_bias": -0.8327,
            "anharmnonicity": 209100000.0,
            "w125": 4428450000.0,
            "ro_delay": 2e-08,
            "ro_int_delay": 4e-08,
            "angle": -4.877229440159746,
            "ge": [
                -0.00010248448978693157,
                -2.1326262666341262e-05
            ]
        }
    },
    "data": {
        "x": [
            6045000000.0,
            6047000000.0,
            6049000000.0,
            6051000000.0,
            6053000000.0,
            6055000000.0,
            6057000000.0,
            6059000000.0,
            6061000000.0,
            6063000000.0,
            6065000000.0,
            6067000000.0,
            6069000000.0,
            6071000000.0,
            6073000000.0,
            6075000000.0,
            6077000000.0,
            6079000000.0,
            6081000000.0,
            6083000000.0,
            6085000000.0,
            6087000000.0,
            6089000000.0,
            6091000000.0,
            6093000000.0,
            6095000000.0,
            6097000000.0,
            6099000000.0,
            6101000000.0,
            6103000000.0,
            6105000000.0,
            6107000000.0,
            6109000000.0,
            6111000000.0,
            6113000000.0,
            6115000000.0,
            6117000000.0,
            6119000000.0,
            6121000000.0,
            6123000000.0,
            6125000000.0,
            6127000000.0,
            6129000000.0,
            6131000000.0,
            6133000000.0,
            6135000000.0,
            6137000000.0,
            6139000000.0,
            6141000000.0,
            6143000000.0,
            6145000000.0,
            6147000000.0,
            6149000000.0,
            6151000000.0,
            6153000000.0,
            6155000000.0,
            6157000000.0,
            6159000000.0,
            6161000000.0,
            6163000000.0,
            6165000000.0,
            6167000000.0,
            6169000000.0,
            6171000000.0,
            6173000000.0,
            6175000000.0,
            6177000000.0,
            6179000000.0,
            6181000000.0,
            6183000000.0,
            6185000000.0,
            6187000000.0,
            6189000000.0,
            6191000000.0,
            6193000000.0,
            6195000000.0,
            6197000000.0,
            6199000000.0,
            6201000000.0,
            6203000000.0,
            6205000000.0,
            6207000000.0,
            6209000000.0,
            6211000000.0,
            6213000000.0,
            6215000000.0,
            6217000000.0,
            6219000000.0,
            6221000000.0,
            6223000000.0,
            6225000000.0,
            6227000000.0,
            6229000000.0,
            6231000000.0,
            6233000000.0,
            6235000000.0,
            6237000000.0,
            6239000000.0,
            6241000000.0,
            6243000000.0,
            6245000000.0
        ],
        "a_e": [
            0.00020480479433805266,
            0.00017788089278533397,
            0.0001699867171999375,
            0.00017954984997873078,
            0.0001438839387773571,
            0.00012344612426187958,
            0.00010617343561779196,
            9.139991291450049e-05,
            8.550945308189238e-05,
            8.257230986026463e-05,
            8.248280159758585e-05,
            0.00010073712402553681,
            8.51559167550957e-05,
            9.405135792840695e-05,
            0.00011328531964711735,
            0.00011127974214190325,
            8.994866713100482e-05,
            8.724031929116114e-05,
            7.646648436672565e-05,
            5.138104516891699e-05,
            5.035835096875811e-05,
            5.966967565357798e-05,
            0.00010439184425973199,
            0.00012309908152790646,
            0.00013664853188235861,
            0.00017534456436261485,
            0.00019742533469065414,
            0.0001958649324026531,
            0.00019058914139108887,
            0.00019951389920919312,
            0.0001900855792422777,
            0.00016729667153321737,
            0.00017198524936214773,
            0.00017340916154887822,
            0.00016811697269952564,
            0.00017740168652088768,
            0.00018857667003988567,
            0.0002195798878617483,
            0.00022009730800676554,
            0.00026749218773434275,
            0.00027006355233441434,
            0.0003036890436677387,
            0.00033180272742349223,
            0.000323601637421079,
            0.0003301612991229025,
            0.0003302478877852004,
            0.0003268661784882125,
            0.0003406684997909003,
            0.0003351996009398745,
            0.000332835313453371,
            0.0003426373261605918,
            0.0003395090198648109,
            0.00029571770361108896,
            0.0003102891939430739,
            0.00032577929932607494,
            0.0003350884312176339,
            0.0003056755694720662,
            0.0002837091768508291,
            0.0002635211180493406,
            0.0002473236919414014,
            0.00023151047495822695,
            0.00020298309333240642,
            0.00017427382756050622,
            0.00017183613795006915,
            0.00017356550485324602,
            0.00014732745397753072,
            0.0001294912065324329,
            0.00012643372984620413,
            0.00010253222605436057,
            9.983439790862836e-05,
            6.09489765380628e-05,
            8.381256533810801e-05,
            7.554947465836485e-05,
            0.00010181829034589717,
            0.0001448403756308933,
            0.0001831546827756901,
            0.00023818297942164205,
            0.00030581189843169017,
            0.0003691733844791407,
            0.0004046832037907011,
            0.0004553997493378914,
            0.0004986049414502824,
            0.0005019957452108491,
            0.0005143275120167774,
            0.0005409902830343185,
            0.0005244129724189597,
            0.0005298627079821035,
            0.000531642453597593,
            0.000532984908342663,
            0.0005348208581406773,
            0.000545354027073913,
            0.0005162094822867946,
            0.0005334953565545768,
            0.0005271440487327691,
            0.000514943864903254,
            0.0005022869351422774,
            0.0004988525994519774,
            0.0004896917654023052,
            0.0004814735157456796,
            0.000463117934365785,
            0.00045824688489431813
        ],