{
    "meta_data": {
        "type": "1d",
        "plot_properties": {
            "x_label": "X90 Gate Number",
            "y_label": "Amplitude [a.u.]",
            "title": "T1 Experiment"
        },
        "experiment_properties": {
            "qubit": "q4",
            "repetitions": 10000
        },
        "qubit_parameters": {
            "qb_freq": 4323900000.0,
            "drive_amp": 0.14,
            "drive_len": 4e-05,
            "pi_amp": 0.108208,
            "pi_len": 4e-08,
            "res_freq": 5830500000.0,
            "res_amp": 0.3,
            "res_len": 2e-06,
            "qb_amp_spec": 1.0,
            "qb_lo": 4600000000.0,
            "res_lo": 5600000000.0,
            "flux_bias": -0.777,
            "anharmnonicity": 208390000.0,
            "w125": 4326260000.0,
            "ro_delay": 2e-08,
            "ro_int_delay": 4e-08,
            "angle": -3.541445181522538,
            "ge": [
                -0.0002300365300275236,
                -6.820982105714972e-05
            ]
        }
    },
    "data": {
        "x_data": [
            0,
            1,
            2,
            3,
            4,
            5,
            6,
            7,
            8,
            9,
            10,
            11,
            12,
            13,
            14,
            15,
            16,
            17,
            18,
            19,
            20,
            21,
            22,
            23,
            24,
            25,
            26,
            27,
            28,
            29,
            30,
            31,
            32,
            33,
            34,
            35,
            36,
            37,
            38,
            39,
            40,
            41,
            42,
            43,
            44,
            45,
            46,
            47,
            48,
            49
        ],
        "y_data": [
            0.0729113493377061,
            0.5759521788675203,
            1.0908316684901227,
            0.6374013835907772,
            0.10573712365562592,
            0.5766920580430179,
            1.0882135526008563,
            0.6369679219573516,
            0.13757538878648917,
            0.6068785909927671,
            1.0634082178105224,
            0.6441015422474746,
            0.10387331469938184,
            0.5761157700606557,
            1.0698068982821545,
            0.6736638305305147,
            0.1756737564299376,
            0.5579943605850864,
            1.0634783412669966,
            0.6878763259228537,
            0.17759818568587674,
            0.559457372284101,
            1.0451708660645975,
            0.6569415119567009,
            0.16337941534942718,
            0.5345626768194256,
            0.9879043036087201,
            0.6932268739564817,
            0.1673239119737736,
            0.5187893028382571,
            1.012307232418408,
            0.7060779786986848,
            0.22869272109552866,
            0.5224636773761048,
            1.0028930842001702,
            0.7141362938487782,
            0.20155915084492582,
            0.4936863289847315,
            0.9731013678158542,
            0.6811111631515059,
            0.2718521948331773,
            0.5592167167881243,
            1.0119427317806258,
            0.7113563754330431,
            0.23931195075694758,
            0.5173467074862805,
            0.9448225076187007,
            0.7109399524177311,
            0.25357416610290495,
            0.5043033624988457
        ]
    }
}