{
    "meta_data": {
        "type": "1d",
        "plot_properties": {
            "x_label": "X90 Gate Number",
            "y_label": "Amplitude [a.u.]",
            "title": "T1 Experiment"
        },
        "experiment_properties": {
            "qubit": "q1",
            "repetitions": 10000
        },
        "qubit_parameters": {
            "qb_freq": 4723300000,
            "drive_amp": 0.5,
            "drive_len": 4e-05,
            "pi_amp": 0.12007172548165183,
            "pi_len": 4e-08,
            "res_freq": 5250000000.0,
            "res_amp": 0.35,
            "res_len": 2e-06,
            "qb_amp_spec": 1.0,
            "qb_lo": 4600000000.0,
            "res_lo": 5600000000.0,
            "flux_bias": -0.0157,
            "anharmnonicity": 190300000,
            "w125": 4628150000.0,
            "ro_delay": 1e-07,
            "ro_int_delay": 4e-08,
            "angle": -2.7369100144220284,
            "ge": [
                0.00011656060279059207,
                0.00029401170412310417
            ]
        }
    },
    "data": {
        "x_data": [
            0,
            1,
            2,
            3,
            4,
            5,
            6,
            7,
            8,
            9,
            10,
            11,
            12,
            13,
            14,
            15,
            16,
            17,
            18,
            19,
            20,
            21,
            22,
            23,
            24,
            25,
            26,
            27,
            28,
            29,
            30,
            31,
            32,
            33,
            34,
            35,
            36,
            37,
            38,
            39,
            40,
            41,
            42,
            43,
            44,
            45,
            46,
            47,
            48,
            49,
            50,
            51,
            52,
            53,
            54,
            55,
            56,
            57,
            58,
            59,
            60,
            61,
            62,
            63,
            64,
            65,
            66,
            67,
            68,
            69,
            70,
            71,
            72,
            73,
            74,
            75,
            76,
            77,
            78,
            79,
            80,
            81,
            82,
            83,
            84,
            85,
            86,
            87,
            88,
            89,
            90,
            91,
            92,
            93,
            94,
            95,
            96,
            97,
            98,
            99
        ],
        "y_data": [
            -0.04446573218884304,
            0.4025333866779626,
            0.9537972028185585,
            0.5156763376804369,
            -0.041539639755613325,
            0.32287322309776767,
            0.9187858352264133,
            0.6216133501113544,
            0.04918410068670647,
            0.25440796087872,
            0.8731656973178535,
            0.6959043398128646,
            0.10544810753873567,
            0.1689221283444788,
            0.7648307552338263,
            0.7555419563162188,
            0.1844493767053539,
            0.18637827816570027,
            0.7355110828898143,
            0.8143304625688711,
            0.23330277365333185,
            0.1044178696175613,
            0.6153610348540941,
            0.8137361300023437,
            0.3304604603526031,
            0.1048341802345734,
            0.5438189822662571,
            0.7936676413406989,
            0.36952905389721585,
            0.10415772536280958,
            0.5067349993027991,
            0.8180979208515867,
            0.4757890823460961,
            0.12599702852620193,
            0.42138981866534403,
            0.8272978149909124,
            0.5125511255472903,
            0.16173926702714891,
            0.3478337364380189,
            0.7552103688799021,
            0.5915676391677829,
            0.19664715031392077,
            0.3344603190181225,
            0.751703276077222,
            0.6566841721880754,
            0.2488451818596451,
            0.24425174706189237,
            0.6727508446285319,
            0.632224618878499,
            0.2696779050914135,
            0.2387614252367787,
            0.6159307565247675,
            0.6804486038138396,
            0.3680302418712966,
            0.2230182115681088,
            0.5374264455083505,
            0.7137456279179483,
            0.385861477834579,
            0.26145480806975385,
            0.5098513501048139,
            0.7570771265052633,
            0.4458337225225998,
            0.22758192014706274,
            0.4567864644940154,
            0.7008612069640823,
            0.5175583205408206,
            0.2424217909978993,
            0.45020215213943027,
            0.706940274128467,
            0.5827728603041974,
            0.2855283843650654,
            0.3717699634843952,
            0.6432311702611441,
            0.5766819758962087,
            0.32075311722350086,
            0.30693429631804087,
            0.6439402380838934,
            0.6283826345132779,
            0.3613399094980218,
            0.33034822828548654,
            0.6096082679706251,
            0.6231264786655613,
            0.39234019359172545,
            0.32760668106671387,
            0.5488096999563743,
            0.6321761316487433,
            0.40410425287056095,
            0.2932402971164442,
            0.5350317347665166,
            0.6357313124825045,
            0.45650769641375943,
            0.3127566493188773,
            0.5136010514573334,
            0.6479690634634502,
            0.4589761060314255,
            0.3181740106208114,
            0.45352631016887335,
            0.5985815684080652,
            0.5415618532949299,
            0.3341250256792308
        ]
    }
}