{
    "meta_data": {
        "type": "1d",
        "plot_properties": {
            "x_label": "X90 Gate Number",
            "y_label": "Amplitude [a.u.]",
            "title": "T1 Experiment"
        },
        "experiment_properties": {
            "qubit": "q4",
            "repetitions": 10000
        },
        "qubit_parameters": {
            "qb_freq": 4323900000.0,
            "drive_amp": 0.14,
            "drive_len": 4e-05,
            "pi_amp": 0.108208,
            "pi_len": 4e-08,
            "res_freq": 5830500000.0,
            "res_amp": 0.3,
            "res_len": 2e-06,
            "qb_amp_spec": 1.0,
            "qb_lo": 4600000000.0,
            "res_lo": 5600000000.0,
            "flux_bias": -0.777,
            "anharmnonicity": 208390000.0,
            "w125": 4326260000.0,
            "ro_delay": 2e-08,
            "ro_int_delay": 4e-08,
            "angle": -3.541445181522538,
            "ge": [
                -0.0002300365300275236,
                -6.820982105714972e-05
            ]
        }
    },
    "data": {
        "x_data": [
            0,
            1,
            2,
            3,
            4,
            5,
            6,
            7,
            8,
            9,
            10,
            11,
            12,
            13,
            14,
            15,
            16,
            17,
            18,
            19,
            20,
            21,
            22,
            23,
            24,
            25,
            26,
            27,
            28,
            29,
            30,
            31,
            32,
            33,
            34,
            35,
            36,
            37,
            38,
            39,
            40,
            41,
            42,
            43,
            44,
            45,
            46,
            47,
            48,
            49
        ],
        "y_data": [
            0.06425662801781841,
            0.5639742066605258,
            1.0763550306223408,
            0.5625919184014088,
            0.11007586313860501,
            0.5258317855923805,
            1.048599104340168,
            0.611571447984791,
            0.08223677443521063,
            0.5645062766131388,
            1.0554860127075671,
            0.5889010392664271,
            0.1477751931777719,
            0.5826122778503827,
            1.069390311991932,
            0.6641739593327765,
            0.14030519701824487,
            0.510353847834823,
            1.0265158491587207,
            0.6317205312864227,
            0.1588262250791095,
            0.4981145274062804,
            0.9660853699314933,
            0.6572754644739477,
            0.16488800248793414,
            0.5104151318337271,
            0.9896887395515653,
            0.719813345937908,
            0.18269157507063713,
            0.5134246245000725,
            1.0053569944602285,
            0.6491529642440392,
            0.1697573191302844,
            0.4494024802013568,
            0.9672129085948751,
            0.681801313893731,
            0.18815054379664167,
            0.4595207487686157,
            0.9558669155799635,
            0.6854597368303135,
            0.23022170092948924,
            0.4757963705067689,
            0.9081011330228544,
            0.7063376322779672,
            0.22129721994518606,
            0.45703174529969065,
            0.944394384426399,
            0.7121488162854904,
            0.2245011818003775,
            0.46218909097987043
        ]
    }
}