{
    "meta_data": {
        "type": "1d",
        "plot_properties": {
            "x_label": "X90 Gate Number",
            "y_label": "Amplitude [a.u.]",
            "title": "T1 Experiment"
        },
        "experiment_properties": {
            "qubit": "q1",
            "repetitions": 10000
        },
        "qubit_parameters": {
            "qb_freq": 4723300000,
            "drive_amp": 0.5,
            "drive_len": 4e-05,
            "pi_amp": 0.126478879232232,
            "pi_len": 4e-08,
            "res_freq": 5250000000.0,
            "res_amp": 0.35,
            "res_len": 2e-06,
            "qb_amp_spec": 1.0,
            "qb_lo": 4600000000.0,
            "res_lo": 5600000000.0,
            "flux_bias": -0.0157,
            "anharmnonicity": 190300000,
            "w125": 4628150000.0,
            "ro_delay": 1e-07,
            "ro_int_delay": 4e-08,
            "angle": -2.7369100144220284,
            "ge": [
                0.00011656060279059207,
                0.00029401170412310417
            ]
        }
    },
    "data": {
        "x_data": [
            0,
            1,
            2,
            3,
            4,
            5,
            6,
            7,
            8,
            9,
            10,
            11,
            12,
            13,
            14,
            15,
            16,
            17,
            18,
            19,
            20,
            21,
            22,
            23,
            24,
            25,
            26,
            27,
            28,
            29,
            30,
            31,
            32,
            33,
            34,
            35,
            36,
            37,
            38,
            39,
            40,
            41,
            42,
            43,
            44,
            45,
            46,
            47,
            48,
            49,
            50,
            51,
            52,
            53,
            54,
            55,
            56,
            57,
            58,
            59,
            60,
            61,
            62,
            63,
            64,
            65,
            66,
            67,
            68,
            69,
            70,
            71,
            72,
            73,
            74,
            75,
            76,
            77,
            78,
            79,
            80,
            81,
            82,
            83,
            84,
            85,
            86,
            87,
            88,
            89,
            90,
            91,
            92,
            93,
            94,
            95,
            96,
            97,
            98,
            99
        ],
        "y_data": [
            -0.04751870247772643,
            0.4682772343920942,
            0.9507764586775772,
            0.37518982483773566,
            -0.008126433067906808,
            0.5812969312211949,
            0.921008941902199,
            0.3126700047078892,
            0.008282142404355661,
            0.6589491039374068,
            0.8481326330017096,
            0.22085597300494678,
            0.06794725482993513,
            0.7096633365267249,
            0.8030932130933166,
            0.20709369001906242,
            0.12834285318076868,
            0.7776144203906654,
            0.7165210663877448,
            0.13433171440890945,
            0.23052948204678955,
            0.8043241926793575,
            0.6834234603874999,
            0.11193976323126652,
            0.2890259339653996,
            0.8394507072357111,
            0.590677563991396,
            0.12280037446242165,
            0.40956816503659776,
            0.8350225195750054,
            0.5105806239535684,
            0.11245535347069922,
            0.461878216446022,
            0.8302736884958082,
            0.4569904124092178,
            0.12557942270262729,
            0.5119388269176177,
            0.8168002594692159,
            0.4071540169849224,
            0.12595522938104775,
            0.5439206839188845,
            0.7522938367071708,
            0.33412259303506237,
            0.18262128123090973,
            0.6297765310927398,
            0.7439819545796454,
            0.3224027577746133,
            0.2430623544175892,
            0.6497385678611819,
            0.7164212450363093,
            0.26202849287994123,
            0.24892668131487491,
            0.7173743077059949,
            0.625686645412042,
            0.24895445892405785,
            0.3135593508946538,
            0.7054485026843934,
            0.5983579216246837,
            0.20301997865108284,
            0.37231285431125405,
            0.7386306813745221,
            0.5524791885311504,
            0.26024345714811803,
            0.4386988401020824,
            0.6836313165907795,
            0.51306266250435,
            0.2421928160437373,
            0.490357334946512,
            0.702793872552164,
            0.47149798741761967,
            0.29762035895278455,
            0.52820155097869,
            0.6774930763255201,
            0.4436668155221802,
            0.2627523057696752,
            0.5355174166439892,
            0.7097391895439561,
            0.3809518240861057,
            0.29610114075187133,
            0.5818092512232663,
            0.6669459872269962,
            0.3842799642464726,
            0.307471775351265,
            0.6251214823999383,
            0.6340120837291392,
            0.32428482922366897,
            0.3525524912272217,
            0.6122393604680463,
            0.6378749015571198,
            0.3321771113158761,
            0.38123589058014307,
            0.6637249328407775,
            0.5863479986456359,
            0.3310054455036067,
            0.4210969848495486,
            0.6459801960013962,
            0.5132889666446283,
            0.34862739256833825,
            0.44499181695317,
            0.6434686903261982
        ]
    }
}