{
    "meta_data": {
        "type": "1d",
        "plot_properties": {
            "x_label": "X90 Gate Number",
            "y_label": "Amplitude [a.u.]",
            "title": "T1 Experiment"
        },
        "experiment_properties": {
            "qubit": "q4",
            "repetitions": 10000
        },
        "qubit_parameters": {
            "qb_freq": 4323900000.0,
            "drive_amp": 0.14,
            "drive_len": 4e-05,
            "pi_amp": 0.108208,
            "pi_len": 4e-08,
            "res_freq": 5830500000.0,
            "res_amp": 0.3,
            "res_len": 2e-06,
            "qb_amp_spec": 1.0,
            "qb_lo": 4600000000.0,
            "res_lo": 5600000000.0,
            "flux_bias": -0.777,
            "anharmnonicity": 208390000.0,
            "w125": 4326260000.0,
            "ro_delay": 2e-08,
            "ro_int_delay": 4e-08,
            "angle": -3.651231090945301,
            "ge": [
                -0.0002074706764251199,
                -5.5362028859162004e-05
            ]
        }
    },
    "data": {
        "x_data": [
            0,
            1,
            2,
            3,
            4,
            5,
            6,
            7,
            8,
            9,
            10,
            11,
            12,
            13,
            14,
            15,
            16,
            17,
            18,
            19,
            20,
            21,
            22,
            23,
            24,
            25,
            26,
            27,
            28,
            29,
            30,
            31,
            32,
            33,
            34,
            35,
            36,
            37,
            38,
            39,
            40,
            41,
            42,
            43,
            44,
            45,
            46,
            47,
            48,
            49
        ],
        "y_data": [
            0.17818648493089198,
            0.6749072853790287,
            1.1116543561830938,
            0.6432680647133152,
            0.21349041609051636,
            0.7181139195444768,
            1.1523022384340427,
            0.6870775776235533,
            0.2596590163630143,
            0.7117698920447553,
            1.0726899672401033,
            0.6252746100278179,
            0.26070427893757236,
            0.68286770122156,
            1.083112666137186,
            0.6093284095176337,
            0.2741936016331497,
            0.7312060050414427,
            1.0788181959700043,
            0.5919209579674569,
            0.2497725950294312,
            0.6934245542842417,
            1.0952853794806117,
            0.6178747397849502,
            0.3239625623697178,
            0.75281531654181,
            1.1042450728502724,
            0.6268338730753829,
            0.27770580310602494,
            0.7108450530049663,
            1.0801864871249078,
            0.614957118774433,
            0.29319676551487417,
            0.7889516112704943,
            1.0916505130947127,
            0.6127069437599576,
            0.3008291151153662,
            0.745317957090946,
            1.0646840134848512,
            0.5940080892089185,
            0.32468497621724407,
            0.7484445000358816,
            0.9956844759153184,
            0.548842622541596,
            0.3331481800694604,
            0.7394941026105071,
            1.0058295080061606,
            0.5588070049579398,
            0.3719997423896786,
            0.7712014118404369
        ]
    }
}