{
    "meta_data": {
        "type": "1d",
        "plot_properties": {
            "x_label": "X90 Gate Number",
            "y_label": "Amplitude [a.u.]",
            "title": "T1 Experiment"
        },
        "experiment_properties": {
            "qubit": "q4",
            "repetitions": 10000
        },
        "qubit_parameters": {
            "qb_freq": 4323900000.0,
            "drive_amp": 0.14,
            "drive_len": 4e-05,
            "pi_amp": 0.108208,
            "pi_len": 4e-08,
            "res_freq": 5830500000.0,
            "res_amp": 0.3,
            "res_len": 2e-06,
            "qb_amp_spec": 1.0,
            "qb_lo": 4600000000.0,
            "res_lo": 5600000000.0,
            "flux_bias": -0.777,
            "anharmnonicity": 208390000.0,
            "w125": 4326260000.0,
            "ro_delay": 2e-08,
            "ro_int_delay": 4e-08,
            "angle": -3.651231090945301,
            "ge": [
                -0.0002074706764251199,
                -5.5362028859162004e-05
            ]
        }
    },
    "data": {
        "x_data": [
            0,
            1,
            2,
            3,
            4,
            5,
            6,
            7,
            8,
            9,
            10,
            11,
            12,
            13,
            14,
            15,
            16,
            17,
            18,
            19,
            20,
            21,
            22,
            23,
            24,
            25,
            26,
            27,
            28,
            29,
            30,
            31,
            32,
            33,
            34,
            35,
            36,
            37,
            38,
            39,
            40,
            41,
            42,
            43,
            44,
            45,
            46,
            47,
            48,
            49
        ],
        "y_data": [
            0.2513962851426059,
            0.8564592499462694,
            1.4964874272834237,
            0.9371557447982027,
            0.25567636580644154,
            0.839640949782525,
            1.4935049060254775,
            0.9163110398837332,
            0.27900568189883523,
            0.8024019622692115,
            1.465947095330071,
            0.9275910073683692,
            0.3154713538485337,
            0.8318931812746755,
            1.4562449370996269,
            0.9208835573484053,
            0.32617822208717334,
            0.8207896970322855,
            1.4060513817816742,
            0.9500449940096171,
            0.3458728987882736,
            0.8279693709657728,
            1.4450286552444902,
            0.9645053335145024,
            0.4002449710685979,
            0.7972653922200335,
            1.4285856160352122,
            0.9823436318814643,
            0.4213843749910037,
            0.7912724051336864,
            1.4134602519427446,
            0.9863292602552487,
            0.3485180347314745,
            0.7578903375764042,
            1.382665808837453,
            0.9677440417774508,
            0.41356009015273326,
            0.7994084652715205,
            1.372315637215387,
            0.9896178871216668,
            0.4042977163476331,
            0.8005173694298684,
            1.388143979720715,
            1.018205860761775,
            0.4582235673378577,
            0.802426273687746,
            1.3320983817737886,
            1.0238762939973869,
            0.41294202134287056,
            0.749490798392175
        ]
    }
}