{
    "meta_data": {
        "type": "1d",
        "plot_properties": {
            "x_label": "X90 Gate Number",
            "y_label": "Amplitude [a.u.]",
            "title": "T1 Experiment"
        },
        "experiment_properties": {
            "qubit": "q1",
            "repetitions": 10000
        },
        "qubit_parameters": {
            "qb_freq": 4723300000,
            "drive_amp": 1,
            "drive_len": 4e-05,
            "pi_amp": 0.126478879232232,
            "pi_len": 4e-08,
            "res_freq": 5250000000.0,
            "res_amp": 0.35,
            "res_len": 2e-06,
            "qb_amp_spec": 1.0,
            "qb_lo": 4600000000.0,
            "res_lo": 5600000000.0,
            "flux_bias": -0.0157,
            "anharmnonicity": 190300000,
            "w125": 4628150000.0,
            "ro_delay": 1e-07,
            "ro_int_delay": 4e-08,
            "angle": -2.7369100144220284,
            "ge": [
                0.00011656060279059207,
                0.00029401170412310417
            ]
        }
    },
    "data": {
        "x_data": [
            0,
            1,
            2,
            3,
            4,
            5,
            6,
            7,
            8,
            9,
            10,
            11,
            12,
            13,
            14,
            15,
            16,
            17,
            18,
            19,
            20,
            21,
            22,
            23,
            24,
            25,
            26,
            27,
            28,
            29,
            30,
            31,
            32,
            33,
            34,
            35,
            36,
            37,
            38,
            39,
            40,
            41,
            42,
            43,
            44,
            45,
            46,
            47,
            48,
            49
        ],
        "y_data": [
            0.02768896402032328,
            0.5321742262273369,
            1.031290556933059,
            0.5539080450359338,
            0.03001390892767689,
            0.5404804692329157,
            0.9820653735341247,
            0.49909703398348704,
            0.050278059942898516,
            0.5499174779460583,
            0.9867125384037444,
            0.5476072071058677,
            0.08875700823593013,
            0.5638717982385869,
            0.9521515649060597,
            0.5267755388639682,
            0.13315904368192547,
            0.5671169871433218,
            0.9654672247484799,
            0.5048728260748644,
            0.14767221979154713,
            0.5780200512638471,
            0.9430441690912265,
            0.5160762037077818,
            0.1388157415147084,
            0.6001752632607484,
            0.9594569347659658,
            0.4870194197066468,
            0.18728330776946264,
            0.5949015090099322,
            0.9167208522032083,
            0.5418689281282579,
            0.2137472518768066,
            0.5748693092553135,
            0.8898143868694609,
            0.5003759849607533,
            0.20987460017556225,
            0.5824354230587978,
            0.8877478457546103,
            0.5095887254051596,
            0.21610986061618154,
            0.6084059516909499,
            0.8627785129704684,
            0.5051243069488669,
            0.2484540342540212,
            0.5779260574321752,
            0.8435040727387426,
            0.4871050736559543,
            0.27012531666268436,
            0.6018515989106891
        ]
    }
}