{
    "meta_data": {
        "type": "1d",
        "plot_properties": {
            "x_label": "X90 Gate Number",
            "y_label": "Amplitude [a.u.]",
            "title": "T1 Experiment"
        },
        "experiment_properties": {
            "qubit": "q1",
            "repetitions": 10000
        },
        "qubit_parameters": {
            "qb_freq": 4723300000,
            "drive_amp": 1,
            "drive_len": 4e-05,
            "pi_amp": 0.126478879232232,
            "pi_len": 4e-08,
            "res_freq": 5250000000.0,
            "res_amp": 0.35,
            "res_len": 2e-06,
            "qb_amp_spec": 1.0,
            "qb_lo": 4600000000.0,
            "res_lo": 5600000000.0,
            "flux_bias": -0.0157,
            "anharmnonicity": 190300000,
            "w125": 4628150000.0,
            "ro_delay": 1e-07,
            "ro_int_delay": 4e-08,
            "angle": -2.7369100144220284,
            "ge": [
                0.00011656060279059207,
                0.00029401170412310417
            ]
        }
    },
    "data": {
        "x_data": [
            0,
            1,
            2,
            3,
            4,
            5,
            6,
            7,
            8,
            9,
            10,
            11,
            12,
            13,
            14,
            15,
            16,
            17,
            18,
            19,
            20,
            21,
            22,
            23,
            24,
            25,
            26,
            27,
            28,
            29,
            30,
            31,
            32,
            33,
            34,
            35,
            36,
            37,
            38,
            39,
            40,
            41,
            42,
            43,
            44,
            45,
            46,
            47,
            48,
            49
        ],
        "y_data": [
            0.00834066176101376,
            0.53575893222114,
            1.046090443285,
            0.5297763916449969,
            0.047038759436577975,
            0.5373320622201045,
            0.9967024646878534,
            0.5207460083847851,
            0.0846971869424269,
            0.5536497829398173,
            0.9620917844162332,
            0.48645592172185104,
            0.07600291687382087,
            0.5856544657960506,
            0.9674935038851549,
            0.5210983990719781,
            0.12665156048786932,
            0.6165579677703887,
            0.964516367243023,
            0.5212713998595498,
            0.12240810852432275,
            0.5992215248228765,
            0.9182436185377395,
            0.4650355352441891,
            0.16091382920856656,
            0.5942194113013354,
            0.9009872880660348,
            0.4728644416374547,
            0.18954814422058222,
            0.6291385307173172,
            0.862644631985091,
            0.4639046914102873,
            0.18055437018159282,
            0.6258055046092953,
            0.8782057228864879,
            0.46533068745243866,
            0.17981117460601245,
            0.6154562884113715,
            0.8699521355924273,
            0.48980712651341185,
            0.24984597521107127,
            0.6293260835873085,
            0.8487364627893852,
            0.459066896948578,
            0.24836293121058584,
            0.663817827179756,
            0.8059323871511649,
            0.45166755622864535,
            0.2686569386172629,
            0.6520065902823895
        ]
    }
}