{
    "meta_data": {
        "type": "1d",
        "plot_properties": {
            "x_label": "X90 Gate Number",
            "y_label": "Amplitude [a.u.]",
            "title": "T1 Experiment"
        },
        "experiment_properties": {
            "qubit": "q1",
            "repetitions": 10000
        },
        "qubit_parameters": {
            "qb_freq": 4723300000,
            "drive_amp": 0.5,
            "drive_len": 4e-05,
            "pi_amp": 0.126478879232232,
            "pi_len": 4e-08,
            "res_freq": 5250000000.0,
            "res_amp": 0.35,
            "res_len": 2e-06,
            "qb_amp_spec": 1.0,
            "qb_lo": 4600000000.0,
            "res_lo": 5600000000.0,
            "flux_bias": -0.0157,
            "anharmnonicity": 190300000,
            "w125": 4628150000.0,
            "ro_delay": 1e-07,
            "ro_int_delay": 4e-08,
            "angle": -2.7369100144220284,
            "ge": [
                0.00011656060279059207,
                0.00029401170412310417
            ]
        }
    },
    "data": {
        "x_data": [
            0,
            1,
            2,
            3,
            4,
            5,
            6,
            7,
            8,
            9,
            10,
            11,
            12,
            13,
            14,
            15,
            16,
            17,
            18,
            19,
            20,
            21,
            22,
            23,
            24,
            25,
            26,
            27,
            28,
            29,
            30,
            31,
            32,
            33,
            34,
            35,
            36,
            37,
            38,
            39,
            40,
            41,
            42,
            43,
            44,
            45,
            46,
            47,
            48,
            49,
            50,
            51,
            52,
            53,
            54,
            55,
            56,
            57,
            58,
            59,
            60,
            61,
            62,
            63,
            64,
            65,
            66,
            67,
            68,
            69,
            70,
            71,
            72,
            73,
            74,
            75,
            76,
            77,
            78,
            79,
            80,
            81,
            82,
            83,
            84,
            85,
            86,
            87,
            88,
            89,
            90,
            91,
            92,
            93,
            94,
            95,
            96,
            97,
            98,
            99
        ],
        "y_data": [
            -0.03929975938153922,
            0.48962716035149356,
            0.9392746418062458,
            0.41072631412048777,
            0.017788505471434263,
            0.5386158489182433,
            0.9232295526291169,
            0.349265352496986,
            -0.0074272628780043745,
            0.6252554934442517,
            0.888620846175271,
            0.29152677677903144,
            0.04904457261891128,
            0.6314502229943985,
            0.8235647310840053,
            0.24520599345363744,
            0.0934772215729821,
            0.6854582511252741,
            0.8141609836832698,
            0.21517505388451216,
            0.16796933909802353,
            0.7695949452460542,
            0.723666448252728,
            0.16464966213151008,
            0.19726684804989653,
            0.7999591865200043,
            0.6608149407257913,
            0.14078519846717383,
            0.26171122640703176,
            0.7973929532879975,
            0.6589541752882254,
            0.1407689026625031,
            0.316914992511669,
            0.7985999667763476,
            0.5562729233056327,
            0.14453317694629508,
            0.35405157011845945,
            0.8151358083478136,
            0.532178301344145,
            0.13232095872166916,
            0.46155048324239256,
            0.8102460729111741,
            0.45419192943684716,
            0.16306590967984724,
            0.4828994791155059,
            0.8109482149344908,
            0.4216043229234272,
            0.1719705087394198,
            0.5367065360166902,
            0.7482135890721466,
            0.4035206159930667,
            0.21373657468639218,
            0.5790184405529871,
            0.7370378716125092,
            0.3404371729748414,
            0.2249196818513953,
            0.5664684412664219,
            0.7148208635773976,
            0.2987830541101186,
            0.2686461008148664,
            0.6033395782516575,
            0.6960181374013998,
            0.301540744557865,
            0.3069329499749279,
            0.6096941981861883,
            0.633127481414573,
            0.2727610857473694,
            0.34083418483211697,
            0.6551840654104776,
            0.584125173543087,
            0.3001434336186074,
            0.36180603852510035,
            0.6631462410458666,
            0.5545813408136766,
            0.2599473861119631,
            0.4024270446392616,
            0.6892611679620616,
            0.5456340329545397,
            0.24705304591825683,
            0.4195008851385318,
            0.6458956474582751,
            0.5092966916546215,
            0.2283393729264671,
            0.48449887495436855,
            0.6786243604113836,
            0.5135592466261284,
            0.30302205666308496,
            0.4990941307238458,
            0.6626615908075475,
            0.446183893565088,
            0.3020827172391446,
            0.49025141359975766,
            0.6682768655705776,
            0.4120069219750556,
            0.32532234589640396,
            0.5678145671722523,
            0.6379491347321937,
            0.417661012109119,
            0.3388934582814168,
            0.5304363409347217
        ]
    }
}