{
    "meta_data": {
        "type": "1d",
        "plot_properties": {
            "x_label": "X90 Gate Number",
            "y_label": "Amplitude [a.u.]",
            "title": "T1 Experiment"
        },
        "experiment_properties": {
            "qubit": "q1",
            "repetitions": 10000
        },
        "qubit_parameters": {
            "qb_freq": 4723300000,
            "drive_amp": 1,
            "drive_len": 4e-05,
            "pi_amp": 0.12807987770352608,
            "pi_len": 4e-08,
            "res_freq": 5250000000.0,
            "res_amp": 0.35,
            "res_len": 2e-06,
            "qb_amp_spec": 1.0,
            "qb_lo": 4600000000.0,
            "res_lo": 5600000000.0,
            "flux_bias": -0.0157,
            "anharmnonicity": 190300000,
            "w125": 4628150000.0,
            "ro_delay": 1e-07,
            "ro_int_delay": 4e-08,
            "angle": -2.7369100144220284,
            "ge": [
                0.00011656060279059207,
                0.00029401170412310417
            ]
        }
    },
    "data": {
        "x_data": [
            0,
            1,
            2,
            3,
            4,
            5,
            6,
            7,
            8,
            9,
            10,
            11,
            12,
            13,
            14,
            15,
            16,
            17,
            18,
            19,
            20,
            21,
            22,
            23,
            24,
            25,
            26,
            27,
            28,
            29,
            30,
            31,
            32,
            33,
            34,
            35,
            36,
            37,
            38,
            39,
            40,
            41,
            42,
            43,
            44,
            45,
            46,
            47,
            48,
            49
        ],
        "y_data": [
            0.027929407776894694,
            0.5329269705017791,
            1.0087168943549665,
            0.48455120709168825,
            0.061352522029083575,
            0.5707932382141511,
            0.9989671645979392,
            0.4716950659011063,
            0.07304789233564994,
            0.5986671951022358,
            0.979219495849803,
            0.41216177933260345,
            0.11219990801671634,
            0.6487113488918294,
            0.926677676573868,
            0.3941252666619492,
            0.175529818783286,
            0.659883500818533,
            0.9141441533018777,
            0.35751425114935503,
            0.16666055322257395,
            0.7164669882158468,
            0.8742134932711667,
            0.35457680640194367,
            0.2350055347316635,
            0.7554018313268086,
            0.870006814476641,
            0.3122977833498592,
            0.25099326427905955,
            0.7799032267680835,
            0.8041580049936913,
            0.2954454611935207,
            0.28750382694741417,
            0.7711173990373256,
            0.785944206565475,
            0.2575562060665248,
            0.3072122040609008,
            0.7849989386375086,
            0.7404413302255165,
            0.28935240194690787,
            0.34271953648807624,
            0.7991153522042295,
            0.7514837432653291,
            0.319893012349121,
            0.3883004583485551,
            0.7875695023279121,
            0.711502838294926,
            0.28583937882066535,
            0.41314478732357923,
            0.8149252145005997
        ]
    }
}