{
  "q1": {
    "qb_freq": 4726050747.599452,
    "qb_freq_coupler": 4713970192.043897,
    "drive_amp": 1,
    "drive_len": 4e-05,
    "pi_amp": 0.08000639456920407,
    "pi_len": 4e-08,
    "res_freq": 5272000003.000001,
    "res_amp": 0.2,
    "res_len": 2e-06,
    "qb_amp_spec": 1.0,
    "qb_lo": 4600000000.0,
    "res_lo": 5500000000.0,
    "flux_bias": -0.005065974885641553,
    "anharmonicity": 186988161.86557007,
    "w125": 4632556666.666667,
    "ro_delay": 1e-07,
    "ro_int_delay": 4e-08,
    "cz_phase_shift_T": 8.191264726175002e-07,
    "angle": 5.724117688363118,
    "threshold": -4.515576609649806
  },
  "q2": {
    "qb_freq": 4330944502.057613,
    "drive_amp": 1,
    "drive_len": 4e-05,
    "pi_amp": 0.08886262615036533,
    "pi_len": 4e-08,
    "res_freq": 4929000000.0,
    "res_amp": 0.1,
    "res_len": 2e-06,
    "qb_amp_spec": 1.0,
    "qb_lo": 4600000000.0,
    "res_lo": 5500000000.0,
    "flux_bias": 0,
    "anharmonicity": 188016000.0,
    "w125": 4236000000.0,
    "ro_delay": 2e-08,
    "ro_int_delay": 4e-08,
    "cz_phase_shift_T": 0,
    "cz_phase_shift": 0,
    "angle": -2.2221871643899944,
    "threshold": -0.04048830080883299
  },
  "q3": {
    "qb_freq": 4528559252.400548,
    "qb_freq_coupler": 4519200000.0,
    "drive_amp": 0.5,
    "drive_len": 4e-05,
    "pi_amp": 0.1054938767297865,
    "pi_len": 4e-08,
    "res_freq": 6140000000.000002,
    "res_amp": 0.3,
    "res_len": 1e-06,
    "qb_amp_spec": 1.0,
    "qb_lo": 4600000000.0,
    "res_lo": 5500000000.0,
    "flux_bias": -0.596951721593088,
    "anharmonicity": 183234002.7434826,
    "w125": 4436942251.028807,
    "ro_delay": 2e-08,
    "ro_int_delay": 4e-08,
    "cz_phase_shift_T": 1.074532527475663e-06,
    "cz_phase_shift": 1.301033293376144e-07,
    "angle": 13.811178275360628,
    "threshold": -1.2079829264978836
  },
  "q4": {
    "qb_freq": 4338250390.946502,
    "qb_freq_coupler": 4333209502.057613,
    "drive_amp": 0.5,
    "drive_len": 4e-05,
    "pi_amp": 0.055441151550092896,
    "pi_len": 4e-08,
    "res_freq": 5834000000.000001,
    "res_amp": 0.3,
    "res_len": 1.5e-06,
    "qb_amp_spec": 1.0,
    "qb_lo": 4600000000.0,
    "res_lo": 5500000000.0,
    "flux_bias": 0,
    "anharmonicity": 11447448.559669495,
    "w125": 4332460000.0,
    "ro_delay": 2e-08,
    "ro_int_delay": 4e-08,
    "cz_phase_shift": 0,
    "threshold": -1.9010247114826009,
    "angle": -8.850019676629692
  },
  "q5": {
    "qb_freq": 4326802942.386832,
    "drive_amp": 1,
    "drive_len": 4e-05,
    "pi_amp": 0.157,
    "pi_len": 4e-08,
    "res_freq": 5541000000.0,
    "res_amp": 0.16,
    "res_len": 1e-06,
    "qb_amp_spec": 1.0,
    "qb_lo": 4600000000.0,
    "res_lo": 5500000000.0,
    "flux_bias": 0,
    "flux_pulse_amp": -0.8503,
    "anharmonicity": 204463004.11522675,
    "w125": 4224520000.0,
    "ro_delay": 1e-08,
    "ro_int_delay": 4e-08,
    "cz_phase_shift": 0,
    "angle": 6.1187749612764435,
    "threshold": -1.5374507360370675
  },
  "c13": {
    "flux_bias": -0.02,
    "coupling_flux": -0.036,
    "max_flux": 5e-08,
    "cz_length": 4.2e-08
  },
  "c23": {
    "flux_bias": 0.0,
    "max_flux": 0.5
  },
  "c43": {
    "flux_bias": 0,
    "max_flux": 0.3
  },
  "c53": {
    "flux_bias": 0,
    "max_flux": 0.4
  }
}