{
  "q1": {
    "qb_freq": 4726585192.043897,
    "qb_freq_coupler": 4726685192.043897,
    "drive_amp": 1,
    "drive_len": 4e-05,
    "pi_amp": 0.07875754885356438,
    "pi_len": 4e-08,
    "res_freq": 5270000002.000001,
    "res_amp": 0.2,
    "res_len": 2e-06,
    "qb_amp_spec": 1.0,
    "qb_lo": 4600000000.0,
    "res_lo": 5500000000.0,
    "flux_bias": -0.005375,
    "anharmnonicity": 189860384.08779335,
    "w125": 4631655000.0,
    "ro_delay": 1e-07,
    "ro_int_delay": 4e-08,
    "cz_phase_shift": 0,
    "angle": 2.6740988936207972,
    "threshold": -5.048846685852513,
    "ge": [
      -0.0008816012953300935,
      -0.00019101731179008025
    ],
    "abc": [
      -142422715.52930802,
      42085346.742727086,
      4435180446.462289
    ]
  },
  "q2": {
    "qb_freq": 4325506587.105625,
    "drive_amp": 1,
    "drive_len": 4e-05,
    "pi_amp": 0.08886262615036533,
    "pi_len": 4e-08,
    "res_freq": 4919000000.000001,
    "res_amp": 0.1,
    "res_len": 2e-06,
    "qb_amp_spec": 1.0,
    "qb_lo": 4600000000.0,
    "res_lo": 5500000000.0,
    "flux_bias": -0.708562385801402,
    "anharmnonicity": 188016000.0,
    "w125": 4236000000.0,
    "ro_delay": 2e-08,
    "ro_int_delay": 4e-08,
    "cz_phase_shift": 0,
    "angle": -2.2221871643899944,
    "threshold": -0.04048830080883299,
    "ge": [
      0.0001775170288604477,
      0.0005202844539592685
    ],
    "abc": [
      -142422715.52930802,
      42085346.742727086,
      4435180446.462289
    ],
    "anharmonicity": 179013174.2112503
  },
  "q3": {
    "qb_freq": 4532195473.251028,
    "qb_freq_coupler": 4532550000.0,
    "drive_amp": 0.5,
    "drive_len": 4e-05,
    "pi_amp": 0.07935176573759224,
    "pi_len": 4e-08,
    "res_freq": 6132000000.000001,
    "res_amp": 0.2,
    "res_len": 1e-06,
    "qb_amp_spec": 1.0,
    "qb_lo": 4600000000.0,
    "res_lo": 5500000000.0,
    "flux_bias": -0.577005506171164,
    "anharmnonicity": 206688886.1454029,
    "w125": 4428851030.178327,
    "ro_delay": 2e-08,
    "ro_int_delay": 4e-08,
    "cz_phase_shift": 0,
    "angle": -3.622469040571744,
    "threshold": -0.9973899092760647,
    "ge": [
      0,
      0
    ],
    "abc": [
      -116999998.79962519,
      30409093.141414475,
      4625165454.3789835
    ],
    "anharmonicity": 191185113.85459328
  },
  "q4": {
    "qb_freq": 4325506587.105625,
    "qb_freq_coupler": 4333209502.057613,
    "drive_amp": 0.5,
    "drive_len": 4e-05,
    "pi_amp": 0.06103332329824761,
    "pi_len": 4e-08,
    "res_freq": 5838000000.0,
    "res_amp": 0.3,
    "res_len": 1.5e-06,
    "qb_amp_spec": 1.0,
    "qb_lo": 4600000000.0,
    "res_lo": 5500000000.0,
    "flux_bias": -0.7164777477900987,
    "anharmnonicity": 11447448.559669495,
    "w125": 4332460000.0,
    "ro_delay": 2e-08,
    "ro_int_delay": 4e-08,
    "cz_phase_shift": 0,
    "threshold": 0.003208155166225501,
    "angle": -8.135272888396743,
    "ge": [
      0.0014,
      0.0046
    ],
    "abc": [
      -142422715.52930802,
      42085346.742727086,
      4435180446.462289
    ],
    "anharmonicity": -13906825.788749695
  },
  "q5": {
    "qb_freq": 4325506587.105625,
    "drive_amp": 1,
    "drive_len": 4e-05,
    "pi_amp": 0.08713985961494845,
    "pi_len": 4e-08,
    "res_freq": 5551000000.0,
    "res_amp": 0.16,
    "res_len": 2e-06,
    "qb_amp_spec": 1.0,
    "qb_lo": 4600000000.0,
    "res_lo": 5500000000.0,
    "flux_bias": -3.179804921218565,
    "flux_pulse_amp": -0.8503,
    "anharmnonicity": 204463004.11522675,
    "w125": 4224520000.0,
    "ro_delay": 1e-08,
    "ro_int_delay": 4e-08,
    "cz_phase_shift": 0,
    "angle": -7.868213037722116,
    "threshold": -2.6736868575032977,
    "ge": [
      0,
      0
    ],
    "anharmonicity": 442320000.0
  },
  "c13": {
    "flux_bias": -0.0205,
    "coupling_flux": -0.03
  },
  "c23": {
    "flux_bias": 0.0
  },
  "c43": {
    "flux_bias": 0
  },
  "c53": {
    "flux_bias": 0
  }
}