{
    "meta_data": {
        "type": "1d",
        "plot_properties": {
            "x_label": "Qubit Frequency [MHz]",
            "y_label": "Amplitude [a.u.]",
            "title": "Qubit Spectroscopy Experiment"
        },
        "experiment_properties": {
            "qubit": "q4",
            "repetitions": 3000
        },
        "qubit_parameters": {
            "qb_freq": 4323900000.0,
            "drive_amp": 0.2,
            "drive_len": 4e-05,
            "pi_amp": 0.10853792597888534,
            "pi_len": 4e-08,
            "res_freq": 5832500000.0,
            "res_amp": 0.4,
            "res_len": 2e-06,
            "qb_amp_spec": 1.0,
            "qb_lo": 4600000000.0,
            "res_lo": 5600000000.0,
            "flux_bias": -0.77725,
            "anharmnonicity": 208390000.0,
            "w125": 4326260000.0,
            "ro_delay": 2e-08,
            "ro_int_delay": 4e-08,
            "angle": -2.4443143991298353,
            "ge": [
                -0.00042636181776059036,
                -0.0002827908846892121
            ]
        }
    },
    "data": {
        "x_data": [
            4321400000.0,
            4321450000.0,
            4321500000.0,
            4321550000.0,
            4321600000.0,
            4321650000.0,
            4321700000.0,
            4321750000.0,
            4321800000.0,
            4321850000.0,
            4321900000.0,
            4321950000.0,
            4322000000.0,
            4322050000.0,
            4322100000.0,
            4322150000.0,
            4322200000.0,
            4322250000.0,
            4322300000.0,
            4322350000.0,
            4322400000.0,
            4322450000.0,
            4322500000.0,
            4322550000.0,
            4322600000.0,
            4322650000.0,
            4322700000.0,
            4322750000.0,
            4322800000.0,
            4322850000.0,
            4322900000.0,
            4322950000.0,
            4323000000.0,
            4323050000.0,
            4323100000.0,
            4323150000.0,
            4323200000.0,
            4323250000.0,
            4323300000.0,
            4323350000.0,
            4323400000.0,
            4323450000.0,
            4323500000.0,
            4323550000.0,
            4323600000.0,
            4323650000.0,
            4323700000.0,
            4323750000.0,
            4323800000.0,
            4323850000.0,
            4323900000.0,
            4323950000.0,
            4324000000.0,
            4324050000.0,
            4324100000.0,
            4324150000.0,
            4324200000.0,
            4324250000.0,
            4324300000.0,
            4324350000.0,
            4324400000.0,
            4324450000.0,
            4324500000.0,
            4324550000.0,
            4324600000.0,
            4324650000.0,
            4324700000.0,
            4324750000.0,
            4324800000.0,
            4324850000.0,
            4324900000.0,
            4324950000.0,
            4325000000.0,
            4325050000.0,
            4325100000.0,
            4325150000.0,
            4325200000.0,
            4325250000.0,
            4325300000.0,
            4325350000.0,
            4325400000.0,
            4325450000.0,
            4325500000.0,
            4325550000.0,
            4325600000.0,
            4325650000.0,
            4325700000.0,
            4325750000.0,
            4325800000.0,
            4325850000.0,
            4325900000.0,
            4325950000.0,
            4326000000.0,
            4326050000.0,
            4326100000.0,
            4326150000.0,
            4326200000.0,
            4326250000.0,
            4326300000.0,
            4326350000.0,
            4326400000.0
        ],
        "y_data": [
            0.14127032928749297,
            0.2276393289454817,
            0.27114197197187906,
            0.2552466704390301,
            0.33307969376468516,
            0.25750779002094837,
            0.26587945130955226,
            0.2864117050602981,
            0.2726274422871079,
            0.28048418405375436,
            0.16198959243763777,
            0.21278953982694807,
            0.38473636830754737,
            0.1969526682091479,
            0.17023153198087454,
            0.24616093812252557,
            0.31549269179696776,
            0.2961200211684727,
            0.21121287182319493,
            0.30112445221766293,
            0.35636442986750155,
            0.25735441297760425,
            0.23913786464224718,
            0.31639084738637896,
            0.26392271242894255,
            0.3675689648515025,
            0.2777635808416913,
            0.29168840497063675,
            0.2751673447726959,
            0.289854514278946,
            0.2604478736741485,
            0.28988635937289076,
            0.2463100405109221,
            0.21257017792233188,
            0.24932589070904956,
            0.29093235592846284,
            0.3811673139462792,
            0.25558406941787065,
            0.3403160623911094,
            0.30165615473054613,
            0.3085087817523407,
            0.25733215388054187,
            0.3199817638488787,
            0.27864151150819083,
            0.35148720146739776,
            0.4056368181995195,
            0.3466779182321319,
            0.4964524956898401,
            0.5905841573799027,
            0.8133188325295374,
            0.9039293028438418,
            0.8291309870182625,
            0.7646163303066202,
            0.6484050572422632,
            0.45125072456464926,
            0.46142352235865874,
            0.3856146680146242,
            0.3305216595643353,
            0.3920100367381335,
            0.2977545515487821,
            0.3092307972259142,
            0.35020182610886386,
            0.29276694737557935,
            0.35316772198742663,
            0.2913223604468596,
            0.31330621149172166,
            0.34588313492210515,
            0.33774965410876495,
            0.3346011526421434,
            0.30641815235779424,
            0.30329094264276907,
            0.25177858045717977,
            0.31422928895510716,
            0.2419761554097821,
            0.345976565907394,
            0.2243892871275214,
            0.24418135449010725,
            0.2906415407089926,
            0.350931727462636,
            0.3349834571281139,
            0.21059171281239134,
            0.29279876748158845,
            0.1945235423968544,
            0.37006965829845645,
            0.31689624947210276,
            0.25278116281686697,
            0.28939584588020706,
            0.30148729969122534,
            0.2900838960334808,
            0.2888862804920245,
            0.24874223499791018,
            0.25348238067527507,
            0.2632641906756133,
            0.3981233583526808,
            0.31016219364166103,
            0.2312779834538129,
            0.22168531713494324,
            0.3677817732014233,
            0.33659282137737623,
            0.29065647693528585,
            0.2331625943453012
        ]
    }
}