{
    "meta_data": {},
    "data": {
        "x_data": [
            1,
            6,
            11,
            16,
            21,
            26,
            31,
            36,
            41,
            46,
            51,
            56,
            61,
            66,
            71,
            76,
            81,
            86,
            91,
            96,
            101,
            106,
            111,
            116,
            121,
            126,
            131,
            136,
            141,
            146,
            151,
            156,
            161,
            166,
            171,
            176,
            181,
            186,
            191,
            196
        ],
        "y_data": [
            0.9498434291537388,
            0.9366442880845125,
            0.872118544845772,
            0.835651322533705,
            0.8462363267738127,
            0.8043743504370321,
            0.7889479524078252,
            0.7276869567576885,
            0.718335342775256,
            0.6854293026205547,
            0.7152752728869953,
            0.6442696596778914,
            0.6381958911221751,
            0.6050622720948042,
            0.6009512580077683,
            0.5862242486232698,
            0.6029521351586855,
            0.5972926254926352,
            0.5658606211237498,
            0.5820517014605754,
            0.6055032703167,
            0.5517876301243987,
            0.54101483685843,
            0.5555679965949853,
            0.5624394074336468,
            0.5692749265114815,
            0.5285280704903146,
            0.5235907924316969,
            0.533899609062041,
            0.5494887726280973,
            0.5208168254799185,
            0.5430899747817167,
            0.5096025872265795,
            0.51695254765402,
            0.4902156374469372,
            0.5045856948587543,
            0.4729401129388079,
            0.5130154264580669,
            0.48554776809388056,
            0.48941622592934975
        ]
    }
}