{
    "meta_data": {
        "type": "1d",
        "plot_properties": {
            "x_label": "Time [s]",
            "y_label": "Amplitude",
            "title": "T1 Experiment"
        },
        "experiment_properties": {
            "qubit": "q4",
            "repetitions": 1000
        },
        "qubit_parameters": {
            "qb_freq": 4323900000.0,
            "drive_amp": 0.2,
            "drive_len": 4e-05,
            "pi_amp": 0.10853792597888534,
            "pi_len": 4e-08,
            "res_freq": 5832500000.0,
            "res_amp": 0.4,
            "res_len": 2e-06,
            "qb_amp_spec": 1.0,
            "qb_lo": 4600000000.0,
            "res_lo": 5600000000.0,
            "flux_bias": -0.77651,
            "anharmnonicity": 208390000.0,
            "w125": 4326260000.0,
            "ro_delay": 2e-08,
            "ro_int_delay": 4e-08,
            "angle": -2.2832757629822584,
            "ge": [
                -0.0004696328039081107,
                -0.0002283490909214933
            ]
        }
    },
    "data": {
        "x_data": [
            0.0,
            5.025125628140703e-07,
            1.0050251256281407e-06,
            1.507537688442211e-06,
            2.0100502512562813e-06,
            2.5125628140703515e-06,
            3.015075376884422e-06,
            3.5175879396984926e-06,
            4.020100502512563e-06,
            4.522613065326633e-06,
            5.025125628140703e-06,
            5.527638190954774e-06,
            6.030150753768844e-06,
            6.532663316582914e-06,
            7.035175879396985e-06,
            7.537688442211055e-06,
            8.040201005025125e-06,
            8.542713567839196e-06,
            9.045226130653266e-06,
            9.547738693467337e-06,
            1.0050251256281406e-05,
            1.0552763819095477e-05,
            1.1055276381909548e-05,
            1.1557788944723617e-05,
            1.2060301507537688e-05,
            1.2562814070351759e-05,
            1.3065326633165828e-05,
            1.35678391959799e-05,
            1.407035175879397e-05,
            1.457286432160804e-05,
            1.507537688442211e-05,
            1.557788944723618e-05,
            1.608040201005025e-05,
            1.6582914572864322e-05,
            1.7085427135678393e-05,
            1.758793969849246e-05,
            1.809045226130653e-05,
            1.8592964824120602e-05,
            1.9095477386934673e-05,
            1.9597989949748744e-05,
            2.0100502512562812e-05,
            2.0603015075376883e-05,
            2.1105527638190954e-05,
            2.1608040201005025e-05,
            2.2110552763819096e-05,
            2.2613065326633167e-05,
            2.3115577889447234e-05,
            2.3618090452261305e-05,
            2.4120603015075376e-05,
            2.4623115577889447e-05,
            2.5125628140703518e-05,
            2.5628140703517586e-05,
            2.6130653266331657e-05,
            2.6633165829145728e-05,
            2.71356783919598e-05,
            2.763819095477387e-05,
            2.814070351758794e-05,
            2.8643216080402008e-05,
            2.914572864321608e-05,
            2.964824120603015e-05,
            3.015075376884422e-05,
            3.065326633165829e-05,
            3.115577889447236e-05,
            3.1658291457286434e-05,
            3.21608040201005e-05,
            3.266331658291457e-05,
            3.3165829145728643e-05,
            3.366834170854271e-05,
            3.4170854271356785e-05,
            3.467336683417085e-05,
            3.517587939698492e-05,
            3.5678391959798995e-05,
            3.618090452261306e-05,
            3.668341708542714e-05,
            3.7185929648241204e-05,
            3.768844221105527e-05,
            3.8190954773869346e-05,
            3.8693467336683414e-05,
            3.919597989949749e-05,
            3.9698492462311556e-05,
            4.0201005025125624e-05,
            4.07035175879397e-05,
            4.1206030150753765e-05,
            4.170854271356784e-05,
            4.221105527638191e-05,
            4.271356783919598e-05,
            4.321608040201005e-05,
            4.371859296482412e-05,
            4.422110552763819e-05,
            4.472361809045226e-05,
            4.522613065326633e-05,
            4.57286432160804e-05,
            4.623115577889447e-05,
            4.673366834170854e-05,
            4.723618090452261e-05,
            4.7738693467336685e-05,
            4.824120603015075e-05,
            4.874371859296482e-05,
            4.9246231155778894e-05,
            4.974874371859296e-05,
            5.0251256281407036e-05,
            5.0753768844221104e-05,
            5.125628140703517e-05,
            5.1758793969849246e-05,
            5.226130653266331e-05,
            5.276381909547739e-05,
            5.3266331658291455e-05,
            5.376884422110552e-05,
            5.42713567839196e-05,
            5.4773869346733665e-05,
            5.527638190954774e-05,
            5.577889447236181e-05,
            5.628140703517588e-05,
            5.678391959798995e-05,
            5.7286432160804016e-05,
            5.778894472361809e-05,
            5.829145728643216e-05,
            5.879396984924623e-05,
            5.92964824120603e-05,
            5.979899497487437e-05,
            6.030150753768844e-05,
            6.080402010050251e-05,
            6.130653266331658e-05,
            6.180904522613065e-05,
            6.231155778894472e-05,
            6.281407035175879e-05,
            6.331658291457287e-05,
            6.381909547738694e-05,
            6.4321608040201e-05,
            6.482412060301507e-05,
            6.532663316582914e-05,
            6.582914572864322e-05,
            6.633165829145729e-05,
            6.683417085427135e-05,
            6.733668341708542e-05,
            6.783919597989949e-05,
            6.834170854271357e-05,
            6.884422110552764e-05,
            6.93467336683417e-05,
            6.984924623115577e-05,
            7.035175879396984e-05,
            7.085427135678392e-05,
            7.135678391959799e-05,
            7.185929648241206e-05,
            7.236180904522613e-05,
            7.286432160804019e-05,
            7.336683417085427e-05,
            7.386934673366834e-05,
            7.437185929648241e-05,
            7.487437185929648e-05,
            7.537688442211054e-05,
            7.587939698492463e-05,
            7.638190954773869e-05,
            7.688442211055276e-05,
            7.738693467336683e-05,
            7.78894472361809e-05,
            7.839195979899498e-05,
            7.889447236180904e-05,
            7.939698492462311e-05,
            7.989949748743718e-05,
            8.040201005025125e-05,
            8.090452261306533e-05,
            8.14070351758794e-05,
            8.190954773869346e-05,
            8.241206030150753e-05,
            8.291457286432161e-05,
            8.341708542713568e-05,
            8.391959798994975e-05,
            8.442211055276381e-05,
            8.492462311557788e-05,
            8.542713567839196e-05,
            8.592964824120603e-05,
            8.64321608040201e-05,
            8.693467336683417e-05,
            8.743718592964823e-05,
            8.793969849246232e-05,
            8.844221105527638e-05,
            8.894472361809045e-05,
            8.944723618090452e-05,
            8.994974874371859e-05,
            9.045226130653267e-05,
            9.095477386934673e-05,
            9.14572864321608e-05,
            9.195979899497487e-05,
            9.246231155778894e-05,
            9.296482412060302e-05,
            9.346733668341709e-05,
            9.396984924623115e-05,
            9.447236180904522e-05,
            9.497487437185929e-05,
            9.547738693467337e-05,
            9.597989949748744e-05,
            9.64824120603015e-05,
            9.698492462311557e-05,
            9.748743718592964e-05,
            9.798994974874372e-05,
            9.849246231155779e-05,
