{
    "meta_data": {
        "type": "1d",
        "plot_properties": {
            "x_label": "X90 Gate Number",
            "y_label": "Amplitude [a.u.]",
            "title": "T1 Experiment"
        },
        "experiment_properties": {
            "qubit": "q4",
            "repetitions": 10000
        },
        "qubit_parameters": {
            "qb_freq": 4323900000.0,
            "drive_amp": 0.2,
            "drive_len": 4e-05,
            "pi_amp": 0.1012266512413452,
            "pi_len": 4e-08,
            "res_freq": 5836500000.0,
            "res_amp": 0.4,
            "res_len": 2e-06,
            "qb_amp_spec": 1.0,
            "qb_lo": 4600000000.0,
            "res_lo": 5600000000.0,
            "flux_bias": -0.77725,
            "anharmnonicity": 208390000.0,
            "w125": 4326260000.0,
            "ro_delay": 2e-08,
            "ro_int_delay": 4e-08,
            "angle": -0.4589692008908344,
            "ge": [
                -0.0004923160316752499,
                -0.0002689406037105092
            ]
        }
    },
    "data": {
        "x_data": [
            0,
            1,
            2,
            3,
            4,
            5,
            6,
            7,
            8,
            9,
            10,
            11,
            12,
            13,
            14,
            15,
            16,
            17,
            18,
            19,
            20,
            21,
            22,
            23,
            24,
            25,
            26,
            27,
            28,
            29,
            30,
            31,
            32,
            33,
            34,
            35,
            36,
            37,
            38,
            39,
            40,
            41,
            42,
            43,
            44,
            45,
            46,
            47,
            48,
            49,
            50,
            51,
            52,
            53,
            54,
            55,
            56,
            57,
            58,
            59,
            60,
            61,
            62,
            63,
            64,
            65,
            66,
            67,
            68,
            69,
            70,
            71,
            72,
            73,
            74,
            75,
            76,
            77,
            78,
            79,
            80,
            81,
            82,
            83,
            84,
            85,
            86,
            87,
            88,
            89,
            90,
            91,
            92,
            93,
            94,
            95,
            96,
            97,
            98,
            99
        ],
        "y_data": [
            0.14601086008520187,
            0.47573727629972795,
            0.9555107685262644,
            0.5640220604284709,
            0.1666292556718534,
            0.4830568897095277,
            0.9125109849598593,
            0.5893810033994742,
            0.13863630668793273,
            0.4605220061398738,
            0.8932976727530821,
            0.632814934507791,
            0.18563284922069087,
            0.385202448139135,
            0.8395735336727408,
            0.6886951648823921,
            0.23434820227532216,
            0.36366777860282884,
            0.867624794133465,
            0.7189132377138795,
            0.2287931842360423,
            0.31728672853672546,
            0.8078987260604835,
            0.7570248519048651,
            0.2940728172463079,
            0.31524218915498253,
            0.7580979407468733,
            0.7729856730020259,
            0.296546720864388,
            0.3366754930978413,
            0.7471010406167897,
            0.8021523829953725,
            0.31910438483574727,
            0.2662741253899118,
            0.7153584287250306,
            0.8034285657426734,
            0.36164107638384946,
            0.2792027783915586,
            0.6543303167003579,
            0.7853843442862285,
            0.41058526204601,
            0.2642834728625715,
            0.6377501266420174,
            0.783132864256912,
            0.43471313164003916,
            0.26171880553789034,
            0.6333825851857541,
            0.8448608208764181,
            0.468044753716859,
            0.2593233864417642,
            0.5749725994860361,
            0.8137127846301823,
            0.5488054508153744,
            0.2663872096333245,
            0.5365340770056459,
            0.8201706511901302,
            0.4891137705543984,
            0.2636020828799011,
            0.5226785391033019,
            0.8088752821515022,
            0.5650996245740806,
            0.2838194912759086,
            0.48849603528651614,
            0.7996439547892835,
            0.5438954508816438,
            0.26875841735925066,
            0.43470367274526267,
            0.7663058463619546,
            0.6434299967200814,
            0.313408721375318,
            0.43063628101863644,
            0.7784763475680968,
            0.6727734769295528,
            0.2871252067104585,
            0.401803067388968,
            0.7590252097767421,
            0.6577419729790188,
            0.33178988343924987,
            0.4100119597366125,
            0.7023135073575001,
            0.6725791457225551,
            0.3614293321943571,
            0.3874120202359198,
            0.7016614637474209,
            0.7194412868303629,
            0.3423022805354932,
            0.33007164811738565,
            0.6822964647847797,
            0.7293451893503033,
            0.406803494178491,
            0.324964510779955,
            0.658348004864535,
            0.7179599064712929,
            0.44083071133836865,
            0.3275920125849946,
            0.6104494175432816,
            0.7378885799112196,
            0.492239227352353,
            0.33409586894679943,
            0.626588732348641
        ]
    }
}