{
    "meta_data": {
        "type": "1d",
        "plot_properties": {
            "x_label": "X90 Gate Number",
            "y_label": "Amplitude [a.u.]",
            "title": "T1 Experiment"
        },
        "experiment_properties": {
            "qubit": "q4",
            "repetitions": 10000
        },
        "qubit_parameters": {
            "qb_freq": 4323900000.0,
            "drive_amp": 0.2,
            "drive_len": 4e-05,
            "pi_amp": 0.104870037337,
            "pi_len": 4e-08,
            "res_freq": 5836500000.0,
            "res_amp": 0.4,
            "res_len": 2e-06,
            "qb_amp_spec": 1.0,
            "qb_lo": 4600000000.0,
            "res_lo": 5600000000.0,
            "flux_bias": -0.77725,
            "anharmnonicity": 208390000.0,
            "w125": 4326260000.0,
            "ro_delay": 2e-08,
            "ro_int_delay": 4e-08,
            "angle": -0.4589692008908344,
            "ge": [
                -0.0004923160316752499,
                -0.0002689406037105092
            ]
        }
    },
    "data": {
        "x_data": [
            0,
            1,
            2,
            3,
            4,
            5,
            6,
            7,
            8,
            9,
            10,
            11,
            12,
            13,
            14,
            15,
            16,
            17,
            18,
            19,
            20,
            21,
            22,
            23,
            24,
            25,
            26,
            27,
            28,
            29,
            30,
            31,
            32,
            33,
            34,
            35,
            36,
            37,
            38,
            39,
            40,
            41,
            42,
            43,
            44,
            45,
            46,
            47,
            48,
            49,
            50,
            51,
            52,
            53,
            54,
            55,
            56,
            57,
            58,
            59,
            60,
            61,
            62,
            63,
            64,
            65,
            66,
            67,
            68,
            69,
            70,
            71,
            72,
            73,
            74,
            75,
            76,
            77,
            78,
            79,
            80,
            81,
            82,
            83,
            84,
            85,
            86,
            87,
            88,
            89,
            90,
            91,
            92,
            93,
            94,
            95,
            96,
            97,
            98,
            99
        ],
        "y_data": [
            0.08180933471092641,
            0.4974940448904542,
            0.9221909645345402,
            0.49310664778645896,
            0.12669240305740312,
            0.4802713448888975,
            0.8980460306434727,
            0.5251593948691651,
            0.13334297544240725,
            0.46871299498447844,
            0.8947293792417196,
            0.5792400845078053,
            0.16091695218499627,
            0.515178705662551,
            0.895502151855957,
            0.5365825077261512,
            0.1644977824922842,
            0.4588475091459201,
            0.8698758010780145,
            0.550362223631224,
            0.1533498476261567,
            0.4763495127025046,
            0.8912320911872612,
            0.56471704032065,
            0.18407169674205595,
            0.4960052074386379,
            0.8743198867763008,
            0.600288547031815,
            0.21141100600438176,
            0.4774767281333413,
            0.8526437005418517,
            0.5872022089147976,
            0.20421720248698014,
            0.48231095500441235,
            0.8605846041910761,
            0.5917525454466661,
            0.19302540775442384,
            0.44649469871710895,
            0.8295176266080406,
            0.5704952172326371,
            0.22431506281404404,
            0.4474965194318485,
            0.8058462829108602,
            0.5988119955402073,
            0.21882124745898282,
            0.46489389067088976,
            0.8209802584071754,
            0.6119983118264538,
            0.2568730676501752,
            0.4332064575373906,
            0.7831059252865243,
            0.6023465113607269,
            0.23865857322924025,
            0.4544025699978958,
            0.7793065792934898,
            0.603828939432414,
            0.2506761261904042,
            0.4177025404134154,
            0.8086470772922256,
            0.6200995123441904,
            0.2651280847387496,
            0.44704210464942323,
            0.7815682626560636,
            0.6353751018658265,
            0.2756600545653864,
            0.4255962089727898,
            0.7417713855253463,
            0.6477777233626638,
            0.2729847795704519,
            0.4118641876008701,
            0.7965519323764212,
            0.6341010839857382,
            0.2739297947296501,
            0.42523978260300643,
            0.7374128311739776,
            0.6548649402496508,
            0.29057718230842355,
            0.4083467193643367,
            0.7594192624661767,
            0.6110530927077948,
            0.3300953566204609,
            0.4400173380232821,
            0.7487242297759912,
            0.625912951838355,
            0.3398204696563544,
            0.43518300581481356,
            0.7390443868267456,
            0.6375742960306605,
            0.343058542852722,
            0.39444634365617426,
            0.74605823582487,
            0.674240136522828,
            0.3210077612940031,
            0.4255837832252171,
            0.7248168217788838,
            0.6668420858092098,
            0.33041616753681907,
            0.4147218755598499,
            0.7320702176252524,
            0.6519982067352651
        ]
    }
}