{
    "meta_data": {
        "type": "2d",
        "plot_properties": {
            "x_label": "flux",
            "y_label": "time",
            "z_label": "Amplitude [a.u.]",
            "title": "Controlled Phase oscillation vs. time"
        },
        "experiment_properties": {
            "slave_qubit": "q5",
            "master_qubit": "q3",
            "exp_repetitions": 500
        },
        "qubit_parameters": {
            "q1": {
                "qb_freq": 4726585192.043897,
                "qb_freq_coupler": 4726685192.043897,
                "drive_amp": 1,
                "drive_len": 4e-05,
                "pi_amp": 0.07875754885356438,
                "pi_len": 4e-08,
                "res_freq": 5270000002.000001,
                "res_amp": 0.2,
                "res_len": 2e-06,
                "qb_amp_spec": 1.0,
                "qb_lo": 4600000000.0,
                "res_lo": 5500000000.0,
                "flux_bias": -0.005375,
                "anharmnonicity": 189860384.08779335,
                "w125": 4631655000.0,
                "ro_delay": 1e-07,
                "ro_int_delay": 4e-08,
                "cz_phase_shift": 0,
                "angle": 2.6740988936207972,
                "threshold": -5.048846685852513,
                "ge": [
                    -0.0008816012953300935,
                    -0.00019101731179008025
                ],
                "abc": [
                    -142422715.52930802,
                    42085346.742727086,
                    4435180446.462289
                ]
            },
            "q2": {
                "qb_freq": 4330944502.057613,
                "drive_amp": 1,
                "drive_len": 4e-05,
                "pi_amp": 0.08886262615036533,
                "pi_len": 4e-08,
                "res_freq": 4929000000.0,
                "res_amp": 0.1,
                "res_len": 2e-06,
                "qb_amp_spec": 1.0,
                "qb_lo": 4600000000.0,
                "res_lo": 5500000000.0,
                "flux_bias": 0,
                "anharmnonicity": 188016000.0,
                "w125": 4236000000.0,
                "ro_delay": 2e-08,
                "ro_int_delay": 4e-08,
                "cz_phase_shift": 0,
                "angle": -2.2221871643899944,
                "threshold": -0.04048830080883299,
                "ge": [
                    0.0001775170288604477,
                    0.0005202844539592685
                ],
                "abc": [
                    -142422715.52930802,
                    42085346.742727086,
                    4435180446.462289
                ]
            },
            "q3": {
                "qb_freq": 4532195473.251028,
                "qb_freq_coupler": 4532550000.0,
                "drive_amp": 0.5,
                "drive_len": 4e-05,
                "pi_amp": 0.07935176573759224,
                "pi_len": 4e-08,
                "res_freq": 6132000000.000001,
                "res_amp": 0.2,
                "res_len": 1e-06,
                "qb_amp_spec": 1.0,
                "qb_lo": 4600000000.0,
                "res_lo": 5500000000.0,
                "flux_bias": -0.577005506171164,
                "anharmnonicity": 206688886.1454029,
                "w125": 4428851030.178327,
                "ro_delay": 2e-08,
                "ro_int_delay": 4e-08,
                "cz_phase_shift": 0,
                "angle": -3.1232508028720862,
                "threshold": -0.9340576653225242,
                "ge": [
                    0,
                    0
                ],
                "abc": [
                    -116999998.79962519,
                    30409093.141414475,
                    4625165454.3789835
                ],
                "anharmonicity": 191185113.85459328
            },
            "q4": {
                "qb_freq": 4338250390.946502,
                "qb_freq_coupler": 4333209502.057613,
                "drive_amp": 0.5,
                "drive_len": 4e-05,
                "pi_amp": 0.055441151550092896,
                "pi_len": 4e-08,
                "res_freq": 5834000000.000001,
                "res_amp": 0.3,
                "res_len": 1.5e-06,
                "qb_amp_spec": 1.0,
                "qb_lo": 4600000000.0,
                "res_lo": 5500000000.0,
                "flux_bias": 0,
                "anharmnonicity": 11447448.559669495,
                "w125": 4332460000.0,
                "ro_delay": 2e-08,
                "ro_int_delay": 4e-08,
                "cz_phase_shift": 0,
                "threshold": -1.9010247114826009,
                "angle": -8.850019676629692,
                "ge": [
                    0.0014,
                    0.0046
                ],
                "abc": [
                    -142422715.52930802,
                    42085346.742727086,
                    4435180446.462289
                ]
            },
            "q5": {
                "qb_freq": 4325506587.105625,
                "drive_amp": 1,
                "drive_len": 4e-05,
                "pi_amp": 0.08713985961494845,
                "pi_len": 4e-08,
                "res_freq": 5551000000.0,
                "res_amp": 0.16,
                "res_len": 2e-06,
                "qb_amp_spec": 1.0,
                "qb_lo": 4600000000.0,
                "res_lo": 5500000000.0,
                "flux_bias": -3.179804921218565,
                "flux_pulse_amp": -0.8503,
                "anharmnonicity": 204463004.11522675,
                "w125": 4224520000.0,
                "ro_delay": 1e-08,
                "ro_int_delay": 4e-08,
                "cz_phase_shift": 0,
                "angle": -7.868213037722116,
                "threshold": -2.6736868575032977,
                "ge": [
                    0,
                    0
                ],
                "anharmonicity": 442320000.0
            },
            "c13": {
                "flux_bias": -0.0205,
                "coupling_flux": -0.03
            },
            "c23": {
                "flux_bias": 0.0
            },
            "c43": {
                "flux_bias": 0
            },
            "c53": {
                "flux_bias": 0
            }
        }
    },
    "data": {
        "x_data": [
            0.0,
            1.1111111111111111e-07,
            2.2222222222222222e-07,
            3.3333333333333335e-07,
            4.4444444444444444e-07,
            5.555555555555555e-07,
            6.666666666666667e-07,
            7.777777777777778e-07,
            8.888888888888889e-07,
            1e-06
        ],
        "y_data": [
            0.015,
            0.012380952380952381,
            0.009761904761904762,
            0.007142857142857142,
            0.004523809523809524,
            0.0019047619047619056,
            -0.0007142857142857159,
            -0.003333333333333334,
            -0.005952380952380952,
            -0.00857142857142857,
            -0.011190476190476188,
            -0.01380952380952381,
            -0.01642857142857143,
            -0.01904761904761905,
            -0.021666666666666667,
            -0.024285714285714285,
            -0.026904761904761904,
            -0.02952380952380952,
            -0.03214285714285714,
            -0.03476190476190476,
            -0.037380952380952376,
            -0.04
        ],